,opt_ret,equal_ret,benchmark
2014-03-31,0.011150996717668572,0.010595068809047481,-0.0026347950947269716
2014-04-01,0.0007133683865222003,0.004171777270796474,0.007832083119787558
2014-04-02,-0.00416832107413177,-0.003675354323053548,0.00814567913790798
2014-04-03,0.008695043078994288,0.007814053221785716,-0.007208595286899211
2014-04-04,0.017894239681053893,0.01942067955241659,0.009450302769963947
2014-04-08,0.0036458816453712227,0.003164218875114718,0.0237248738257676
2014-04-09,0.012904805441698102,0.013025178945964203,0.0005810523304667914
2014-04-10,-0.0028757109708642064,-0.0025007758520070866,0.015697170578302888
2014-04-11,8.54455827639566e-05,-0.0003619431523329923,-0.0013589824783618587
2014-04-14,-0.011480100945589745,-0.011783079109886518,-0.0009072212166453264
2014-04-15,-0.0013084037193557834,-0.001326124985709572,-0.017257263258118494
2014-04-16,-0.0005424965970693776,-0.0011838162781094563,0.0013770150619434318
2014-04-17,0.0005030933861484739,0.0002541056779808611,-0.003462439474497536
2014-04-18,-0.014713070331690028,-0.0159518997228974,-0.00014383315354193904
2014-04-21,-0.0017912215801005613,0.00032895717114212836,-0.016736495720348188
2014-04-22,-0.0013338741851651357,-0.0005853539889696205,0.004361641330437704
2014-04-23,-0.0020493397755591103,-0.0019879273442342063,-0.0011607845993473198
2014-04-24,-0.01193022132754523,-0.011652446343842457,-0.0017181347528073543
2014-04-25,-0.0169102706051922,-0.01702048130558063,-0.010335681383447315
2014-04-28,0.007509003712020367,0.0077706973360590625,-0.015158015158015181
2014-04-29,0.004824988015099014,0.003948073886474418,0.011007180428764807
2014-04-30,0.002869825340361026,0.0015395553824362844,8.802531422724691e-05
2014-05-05,0.003779994493105707,0.0038174504573515546,-0.0010145182659613283
2014-05-06,-0.011987594648072118,-0.01183264715330351,0.00039879989056190723
2014-05-07,-0.00031211587226351485,0.0006944731621345198,-0.009275354257345825
2014-05-08,-0.006351491421746699,-0.005533027402309053,-0.0008515336964048936
2014-05-09,0.020793889447169304,0.022277186571084556,-0.0007445563099977015
2014-05-12,-0.0033514328758489273,-0.003084928364257731,0.021622280227376223
2014-05-13,0.0006812771180651163,-0.0008829647659117368,-0.0023852663929727624
2014-05-14,-0.01460503234437139,-0.013975098472867245,-0.001140308527024847
2014-05-15,-0.00413161311436057,-0.002284772733628232,-0.013022643472336615
2014-05-16,-0.007216563304673767,-0.008091499609641478,0.0008721689489197271
2014-05-19,3.295234354545374e-05,-0.002402013981819079,-0.014357277662573664
2014-05-20,0.010703421178613918,0.01147409549013828,0.00029785262441262006
2014-05-21,0.0009676950299940026,0.00026428229834687955,0.00951899308525972
2014-05-22,0.012031547134249199,0.010820129015536103,-0.002359649985252177
2014-05-23,0.005549749944542288,0.0035704388424856923,0.008231379671214123
2014-05-26,-0.0026338089914270738,-0.00117249817254426,0.0035235360103518243
2014-05-27,0.012869576942282579,0.01031357936667542,-0.004035287896919204
2014-05-28,-0.009217499367993109,-0.007738021608563184,0.010278119295108024
2014-05-29,0.0007611017387238533,0.00043186188964496514,-0.006541129831516335
2014-05-30,-0.002256759020276805,-0.0009968642058065618,0.0006032034744520853
2014-06-03,-0.006215335127683457,-0.008492374824863239,-0.0030327481149662328
2014-06-04,0.012167598514391973,0.01014336113502711,-0.010070142144824046
2014-06-05,-0.005716735463236461,-0.005325450701168845,0.010492089819430728
2014-06-06,-0.003537559954075253,-0.0010655790495065025,-0.007383985864410025
2014-06-09,0.013433076082693656,0.011886790604380462,-0.0002061160245838689
2014-06-10,0.002334346029528805,0.0012125268877174373,0.012645950859305977
2014-06-11,-0.0023927105766556,-0.002772219040015539,-0.00023134545892000702
2014-06-12,0.01158747582091291,0.011715367893728032,-0.003406193162622695
2014-06-13,0.008117597486358026,0.008300789436090935,0.010601789719560939
2014-06-16,-0.010530738304902162,-0.01152928095018895,0.007172922104179635
2014-06-17,-0.005701695684068353,-0.004442365888708906,-0.010119305609416651
2014-06-18,-0.01945698542998376,-0.01837333134726989,-0.00434628307530649
2014-06-19,0.0061704319562994004,0.006288788746432257,-0.015428841239862212
2014-06-20,0.004273235890873274,0.0018494276951900406,0.004617026578463745
2014-06-23,0.005854772559225733,0.005913712802669224,-0.0012261727031491754
2014-06-24,-0.0045060353599870265,-0.0038947374580531324,0.0050184854576380555
2014-06-25,0.009974367947269934,0.009292065637571104,-0.005338443319253039
2014-06-26,0.0019778279972457,0.0018150013972034658,0.007363935932351184
2014-06-27,0.0072664382986073785,0.007127640666032886,0.0005490721611109972
2014-06-30,0.00016377097107116633,0.0012437974265453826,0.006910792183270731
2014-07-01,0.004424938582422388,0.004436593532971443,-0.0002586461720366362
2014-07-02,0.004402632183707235,0.004458613283050417,0.002915142107402957
2014-07-03,0.0002638101270044206,-0.00017360595263935888,0.004293209634846917
2014-07-04,-0.002165450022790376,-0.002193757195587176,-0.0006834266738221517
2014-07-07,0.002025225139570739,0.002784319379015484,-0.0011061642263734406
2014-07-08,-0.010666765607002053,-0.012225871272427571,0.0019206999067218344
2014-07-09,-0.006228700587895832,-0.005592239187319316,-0.014565667035088659
2014-07-10,0.004740147877560535,0.004939678389026203,-0.0027272177259844987
2014-07-11,0.012863088837995222,0.012803925760200638,0.0024080080266934978
2014-07-14,0.000264345873501482,0.0007021116839559157,0.011056745545877433
2014-07-15,-0.003938424087274854,-0.0041503652522943135,0.0014826684348177022
2014-07-16,-0.005420795157646948,-0.005805752128012774,-0.001889672548713195
2014-07-17,0.007039194700835946,0.006150284586214,-0.0063568983863611095
2014-07-18,-0.0009312362613393909,-0.0006909892432779008,0.003277594143908047
2014-07-21,0.013681774241124822,0.013483253480124061,0.000993466226769213
2014-07-22,-0.0015857389268780675,-0.0024629513143695028,0.012191350188571093
2014-07-23,0.011885488110576528,0.011116959000150806,0.002339581338076435
2014-07-24,0.011465201674228181,0.010955667682336356,0.017826674492567696
2014-07-25,0.028319534309154525,0.0268215096333602,0.010478272336734928
2014-07-28,0.005002216199738792,0.005578944001549495,0.028069632152889934
2014-07-29,-0.0035536048229032917,-0.0025737168205402783,0.0032144240285725267
2014-07-30,0.010785504973242085,0.011315928379128018,-0.004014806744532029
2014-07-31,-0.005774003789832723,-0.006896853981511787,0.012161876994500442
2014-08-01,0.013574149142321815,0.014612524029466722,-0.008871396659929753
2014-08-04,0.0027150394562224485,0.002489697004370082,0.01984201940413821
2014-08-05,-0.003543193106317856,-0.0023759711840521855,-0.0026393110009176324
2014-08-06,-0.009020211948207398,-0.00986382697375826,-0.002587207461962171
2014-08-07,0.0006152177878010153,0.0015568611270914596,-0.015131896310965454
2014-08-08,0.01381062378850403,0.014258495271720314,0.001576826239763518
2014-08-11,-0.0037971615607235074,-0.002572344883731851,0.01467957599962233
2014-08-12,0.000924092036575519,0.0007619472400508439,-0.0035089944405689577
2014-08-13,-0.009464191567958961,-0.009456717251004656,0.000784879404340133
2014-08-14,0.01121052922879642,0.011680016840165766,-0.009729111026325898
2014-08-15,0.006901243083453792,0.007596712845538404,0.010569575547421772
2014-08-18,-0.0006640757069757729,0.00019270696658036748,0.005896705978039929
2014-08-19,-0.00012306920420486868,-0.0006445185932414388,8.843743683040195e-05
2014-08-20,-0.003234091533978441,-0.0026879934425196503,-0.0036340361382365405
2014-08-21,0.006230009045563449,0.006048794101179422,-0.005029288207798355
2014-08-22,-0.008402465240473401,-0.00845042032845622,0.00472339268723676
2014-08-25,-0.013147849345627374,-0.01291085478908971,-0.009512294111678532
2014-08-26,0.0009846768322326115,0.0017176785863255346,-0.008011575595639475
2014-08-27,-0.007711590353732518,-0.00750624921836196,0.0015059657758520473
2014-08-28,0.0116744638128829,0.011053975208470715,-0.007007247840040587
2014-08-29,0.008894950218806241,0.009718432349353509,0.011686165241770796
2014-09-01,0.009740381250899375,0.010908952334515018,0.007283100043194102
2014-09-02,0.009554772178577737,0.008888195141152558,0.013221133434098142
2014-09-03,0.008656804781077995,0.008606054484349071,0.009377907025468701
2014-09-04,0.006477300028083627,0.006542597986616161,0.007215091081184122
2014-09-05,-0.00392600967635472,-0.0024371192619606166,0.009496253431263701
2014-09-09,-0.0032633606074128005,-0.0028294370044287254,-0.001649477801458521
2014-09-10,-0.0030820585721458467,-0.0031435864814293537,-0.005230613196358647
2014-09-11,0.007320782204069646,0.007564723543313834,-0.0036917814695592854
2014-09-12,-0.0002894548877269553,0.000509963225435108,0.0061523860611938375
2014-09-15,-0.020318108590470434,-0.02192453745434587,-0.00047983070588430987
2014-09-16,0.002225095240865411,0.0031485941861856916,-0.019871245163487372
2014-09-17,0.002227243524506103,0.0027343381068006267,0.0052621443761615705
2014-09-18,0.007139279167218642,0.007808739179189635,0.0030524750867226835
2014-09-19,-0.01815410439965032,-0.018364990587035,0.006871040329477829
2014-09-22,0.010224640846358282,0.01035446836325384,-0.019087006898371617
2014-09-23,0.019690838805847932,0.018721660726527273,0.00863417012762091
2014-09-24,-0.00429244378238568,-0.003502627284907245,0.017670642561242955
2014-09-25,0.00021361668859666777,0.0007460838801949254,-0.0020025718100138423
2014-09-26,0.0043115720266743195,0.005339765160535147,9.437949584945038e-05
2014-09-29,0.002654138319256312,0.0029806651841007927,0.004349253241424655
2014-09-30,0.00910230592386517,0.009002836458643332,0.0013032110466539848
2014-10-08,0.0017254818120924628,0.0020991663837789756,0.011175076193701505
2014-10-09,-0.004914823607490771,-0.005942391284630015,0.0014444919665264067
2014-10-10,-0.005706826690407573,-0.004037588150933562,-0.006112104949314245
2014-10-13,-0.002412015742118594,-0.0042650424412625605,-0.004799760011999443
2014-10-14,0.005667082502716755,0.006649961463025637,-0.0034175848795290342
2014-10-15,-0.006220933249149653,-0.008026920254196648,0.007075240337453437
2014-10-16,-0.0017961589760872503,-0.0027813686417621684,-0.007902202632444011
2014-10-17,0.006903582635079873,0.010255487959916987,-0.001092292587137944
2014-10-20,-0.008590080960924883,-0.00928554028674928,0.00531590306872598
2014-10-21,-0.0073896734421330474,-0.008697643645144878,-0.008685343686219649
2014-10-22,-0.011395986723711378,-0.011175250041353751,-0.006061502677334962
2014-10-23,-0.0025337951702072746,-0.0017347015443778073,-0.009385439751265046
2014-10-24,-0.007973978053237319,-0.006689153665140307,-0.0021828593370452065
2014-10-27,0.0190900895936385,0.020726363593366715,-0.009152092892906305
2014-10-28,0.013537113602353289,0.012438518900239892,0.02018718101341177
2014-10-29,0.00481148755417143,0.00203728287125667,0.014371133594024865
2014-10-30,0.017004045394413973,0.015121031064719645,0.007159232758690903
2014-10-31,-0.0004052978366070913,3.3121206031068905e-05,0.015954279789220482
2014-11-03,-0.003046483708209936,-0.003907426742746338,0.0016863877017285755
2014-11-04,-0.0001154206420220542,-0.00014514590996358065,0.0002467612584824419
2014-11-05,0.0009946682851358218,0.001207825759617263,-0.0038676253496581214
2014-11-06,-0.0007845891341856482,-0.00022968196607963307,0.001046555753061007
2014-11-07,0.023267457668260702,0.019026123554252917,-0.0015642021172592724
2014-11-10,-0.007283567312110664,-0.011038551790486656,0.025410147273344785
2014-11-11,0.013148994231133646,0.01401898553068289,-0.002775038682947928
2014-11-12,-0.005564917455475829,-0.006443887458854908,0.013956796854542208
2014-11-13,-0.0010123613651289616,-0.002415496759490108,-0.005616115205525962
2014-11-14,-0.0008260215508005986,0.0007268480236300445,0.0005194301773427945
2014-11-17,-0.009041125140342783,-0.0061045778112862785,-0.005420190694629068
2014-11-18,-0.0020875824499106454,-0.0015062982886143161,-0.010003505901600929
2014-11-19,-0.000514692041993287,-0.0016402561063955008,-0.0016526194017518758
2014-11-20,0.01620799663633057,0.015762461560113905,-4.729585924745372e-05
2014-11-21,0.022131584311672427,0.021073954898723175,0.018272831185211613
2014-11-24,0.01432202779307063,0.014140858994264574,0.02546971890410532
2014-11-25,0.009926630640967021,0.01074744001952164,0.013701939409495267
2014-11-26,0.009482583559969351,0.012025521171042922,0.013948673647209642
2014-11-27,0.016349187225720783,0.013111486473299868,0.011557021248466803
2014-11-28,0.005803714889770366,0.0024538357253938805,0.019724159463276436
2014-12-01,0.03275462006515789,0.03005897450526558,0.003912675073518335
2014-12-02,0.015628974236376415,0.015704946255234553,0.0369280199729769
2014-12-03,0.04623127002199427,0.04085916218873502,0.014914806733380415
2014-12-04,-0.0005303998100524576,-0.0013609850366238603,0.04609863355293076
2014-12-05,0.0311895047433966,0.02465540418780641,0.006616521977225398
2014-12-08,-0.04419732668504297,-0.04051453928662264,0.04095824173010887
2014-12-09,0.038604716614733914,0.033634256091709044,-0.04487408081453981
2014-12-10,-0.004302581963018975,-0.005047638905233964,0.036898397443118736
2014-12-11,0.0015515954203456502,0.0045669773395126635,-0.011963185423165879
2014-12-12,0.0060376209939749,0.008349866531177693,0.0032107973270583123
2014-12-15,0.020720913359423533,0.01845013058020142,0.007515900827688604
2014-12-16,0.009719703599872861,0.008657341168272385,0.026783910382534026
2014-12-17,-0.0066324343718502324,-0.007177991617733957,0.017315493128291948
2014-12-18,0.009833214262053054,0.0029888114360519056,-0.00436529191215862
2014-12-19,-0.001350312372658252,-0.01047758014998244,0.011129939956902923
2014-12-22,-0.016114433840186043,-0.011038221277926539,0.0033430185299585524
2014-12-23,-0.023524406184639027,-0.016499655728260502,-0.020492093045179183
2014-12-24,0.02729052340910422,0.023879325064591603,-0.028430759236312553
2014-12-25,0.027222784012487202,0.02246676254929754,0.03251310213317904
2014-12-26,-0.0035567989817109386,-0.0011938421642889718,0.033105276097163294
2014-12-29,-0.0048296092891366715,-0.00586063457264264,0.0027917721078170032
2014-12-30,0.022593866597175633,0.018082827222983003,0.0006048398766012042
2014-12-31,0.03182759042133994,0.030779338144798146,0.022027157958670163
2015-01-05,0.004120818059502485,0.005234444038640766,0.030514671549165095
2015-01-06,-0.0027645786996389724,-0.004164095261877921,-0.00013181236509829386
2015-01-07,-0.012692618260022328,-0.01234527111648568,0.0007497816569899118
2015-01-08,-0.030817419546690355,-0.04021626634483445,-0.023198373122490512
2015-01-09,-0.007512477837089838,-0.004004885634561377,-0.0035232042615600534
2015-01-12,0.004695392654960387,0.0019132049215076655,-0.00934384445346681
2015-01-13,-0.005301446543735886,-0.004262429205948294,0.00013092059950259305
2015-01-14,0.01989886675077034,0.018541488022957575,-0.003306735267669114
2015-01-15,0.006788770327448625,0.007950319931769447,0.029037065800218143
2015-01-16,-0.06401126737849427,-0.06005598252325164,0.008609591245574588
2015-01-19,0.02755904790505322,0.024226069625557012,-0.07702295641170243
2015-01-20,0.03443055447044769,0.03294796150829744,0.012237866450482304
2015-01-21,0.008004388480944234,0.006150051068233789,0.04495291824440106
2015-01-22,-0.003305505062434394,-0.0031214340292580666,0.005274888768037389
2015-01-23,0.016528858909181453,0.01366354638337872,0.0011548347493139932
2015-01-26,-0.0056793086737578265,-0.006662811161559938,0.01015194317599577
2015-01-27,-0.010973476763870034,-0.010529747233752305,-0.009162996571498216
2015-01-28,-0.00974131593511622,-0.010333899183834396,-0.013877194798219694
2015-01-29,-0.009629977660088038,-0.00933354021720453,-0.012344978611870672
2015-01-30,-0.01571665883687193,-0.014793495104084429,-0.013616520190706027
2015-02-02,0.019249205422686565,0.019255714235770043,-0.02341900599524216
2015-02-03,-0.007231734994051904,-0.005729849055282843,0.024892962348984415
2015-02-04,-0.007807597071275925,-0.005781121413141426,-0.010379787342361335
2015-02-05,-0.019371595262224543,-0.019757762717202112,-0.010235847808640841
2015-02-06,0.005017088727549964,0.0053160390640036225,-0.016195666701317113
2015-02-09,0.016032587596966828,0.016975300724218458,0.010113451796571749
2015-02-10,0.00992750839400891,0.010929290983517153,0.01823713657230308
2015-02-11,0.005505786694303285,0.004859627818198415,0.00797783348107095
2015-02-12,0.01088216021424282,0.011160670501596035,0.002547959884919626
2015-02-13,0.012618194062778098,0.013925862290013065,0.007830676151001859
2015-02-16,0.006988042794571097,0.006028699243112231,0.00854508722329328
2015-02-17,-0.008778936127327773,-0.010260811332402238,0.006526683964474866
2015-02-25,0.01900675068052318,0.01836143574296855,-0.012375366235889973
2015-02-26,0.003261979162272888,0.004697213005357311,0.02517010518206364
2015-02-27,0.012165747532404281,0.011851139312872516,0.0018366425613172144
2015-03-02,-0.017593847825119004,-0.018854005350201264,0.007954456398831189
2015-03-03,0.012240849480723459,0.011897330955402383,-0.025924259842388553
2015-03-04,-0.004557609735648142,-0.004561665560987463,0.006533823655178406
2015-03-05,-0.0096560571103417,-0.010739505137722118,-0.00976543692400067
2015-03-06,0.01650135176655769,0.017275652862957885,-0.005096758324419248
2015-03-09,0.002230866160413437,0.003543176961576387,0.017027356461943643
2015-03-10,0.0004414253245593816,0.00043271086588485074,-0.004844887287117516
2015-03-11,0.009000272626852629,0.00968584674288778,0.0011475284112696382
2015-03-12,0.009246276630528372,0.010699129602825328,0.019346601790248608
2015-03-13,0.02614915968313099,0.026510810096348973,0.006908184054953637
2015-03-16,0.011664211706976228,0.00955126879965922,0.02432788045311063
2015-03-17,0.02366184898630377,0.02461693111924831,0.01388412891595836
2015-03-18,-0.00033492358735899834,-0.0013055416148985025,0.02366972574738102
2015-03-19,0.011431501005143176,0.013440798183300398,-0.0016406442973961877
2015-03-20,0.025090485142815807,0.02486124195384939,0.013758744081630692
2015-03-23,-0.0026584323176996713,0.0012250939911038286,0.020420955820961373
2015-03-24,0.001014980680326561,-0.0004982014094480387,0.00024924094802192265
2015-03-25,-0.0029570978292697333,-0.006685970419308518,-0.008215350926869869
2015-03-26,0.011095948644911865,0.010330027427204727,0.002433756893318151
2015-03-27,0.022784460268046154,0.019106592294821097,0.005493670886075996
2015-03-30,-0.004878119947847901,-0.001441195422099679,0.02932749200594209
2015-03-31,0.023934668428832503,0.023191435933161846,-0.009045589969130519
2015-04-01,0.011364450577846893,0.007179133753876021,0.017945300157977906
2015-04-02,0.011155858143606673,0.011215017710204818,0.00021339023739663787
2015-04-03,0.019211646085844792,0.019637931643490487,0.011093925009333816
2015-04-07,-0.00418090069794527,0.0013443649603358057,0.02146005073683499
2015-04-08,-0.004563871664292979,-0.005522528437959766,0.008394287377583298
2015-04-09,0.02018122102872405,0.021366024118745695,-0.007835560314725987
2015-04-10,0.031720084499670315,0.02824756271045917,0.019304856245923263
2015-04-13,-0.003195787858255796,-0.0017664190436748844,0.017643321778280985
2015-04-14,-0.0393613501286599,-0.03342585127700647,0.0038701038436397273
2015-04-15,0.018842625889614852,0.020920764017027454,-0.012994065134807498
2015-04-16,0.005607233513930908,0.009548344519458398,0.030370892886901313
2015-04-17,-0.02360701439865985,-0.02125971598550883,0.0182982353136667
2015-04-20,0.03995393052427514,0.03571855714673227,-0.01614833316652675
2015-04-21,0.026232914448806148,0.026994223636076065,0.021504139834406466
2015-04-22,0.004370147055557382,0.002128981256714838,0.02611946760882944
2015-04-23,9.501359615485312e-05,-0.0031626855038362567,0.00022785723478357944
2015-04-24,0.009671958421774813,0.01109755809668263,-0.008068105355745425
2015-04-27,-0.02061226263776739,-0.018330741162920883,0.022317251586343012
2015-04-28,0.018036820373030282,0.013988899215186439,-0.013672130942946614
2015-04-29,-0.000284272841269617,0.0014814937365906777,0.006847523967388414
2015-04-30,0.002965285759251369,0.002116118151895655,-0.005119042881409408
2015-05-04,-0.03201664436540382,-0.03367173619832985,0.007968605588760891
2015-05-05,-0.002163328549932598,-0.00828153043101791,-0.039872674790193186
2015-05-06,-0.012933321820977116,-0.0137286713003759,-0.009465197831553862
2015-05-07,0.039446198639624556,0.032447967408683866,-0.01828112612088295
2015-05-08,0.041384976569584356,0.037615228512112776,0.019755754358413258
2015-05-11,0.014154280764199768,0.0133638803833588,0.028986047736047738
2015-05-12,-0.00311662137579726,-0.0027709257132328253,0.012128693345954566
2015-05-13,-0.0037752980343219054,-0.003886315123313222,-0.00610436826739591
2015-05-14,-0.01051375132843116,-0.01240604157656556,-0.003742762438432967
2015-05-15,0.013949920063428253,0.004812417154521441,-0.017722590718986964
2015-05-18,0.02723179315237338,0.028695507958688644,-0.00916735788213019
2015-05-19,0.01591853019076519,0.013302632346276932,0.034114803044278386
2015-05-20,0.03693386813008976,0.03186063021365434,0.005009278790671257
2015-05-21,0.013250063647067104,0.02229602684769186,0.018099147830036966
2015-05-22,0.021070013627038416,0.027084533087534095,0.0227949712661486
2015-05-25,0.034162094171986866,0.032068746952008724,0.029925292800116354
2015-05-26,0.002321993837637509,0.0066987383131034296,0.019496029022453287
2015-05-27,-0.06228046523138716,-0.06373410261326343,-0.0033641602486670363
2015-05-28,0.004862175298579099,-0.002263219297421269,-0.0670509878547042
2015-05-29,0.0478404907277682,0.04242291791807183,0.0014108369655834174
2015-06-01,0.02457836055696889,0.02273046773547855,0.04861769572573316
2015-06-02,-0.003216779692271807,-0.0018881268093540657,0.01688080406920167
2015-06-03,-0.00020254085788046694,-0.0016455437406525744,-0.00354135226187402
2015-06-04,0.003521295410585693,0.008633119320174465,0.007354785276431519
2015-06-05,-0.0030926435016821125,0.002862915181100386,0.009481956683689008
2015-06-08,-0.003085486650418815,-0.003131037767548734,0.023553928363174048
2015-06-09,0.012630946132103995,0.008589905593131124,-0.00677842633667991
2015-06-10,0.006291302556179847,0.004099489498934128,-0.001570298601211939
2015-06-11,0.008829987185006565,0.011039981355214992,-0.0004746558274361101
2015-06-12,-0.025669375565192783,-0.022336149032514234,0.005376333954573376
2015-06-15,-0.03150191740339278,-0.030549723059701987,-0.02135846991257928
2015-06-16,0.017557617162470188,0.01681777342102609,-0.029945395380728934
2015-06-17,-0.042709671340533314,-0.03960001815558795,0.014612562736681767
2015-06-18,-0.05644699795477285,-0.054469865499715844,-0.040530626621234744
2015-06-19,0.021022123188424773,0.018089864278840812,-0.059526827635862145
2015-06-23,0.01259522309364786,0.016291242689360146,0.03214112420612247
2015-06-24,-0.03429856333747257,-0.03180331956333826,0.019648606691474724
2015-06-25,-0.0903404198760712,-0.0877738157098878,-0.03557487198086928
2015-06-26,-0.052807963152356426,-0.0463607505101792,-0.07868446325522904
2015-06-29,0.08251820269239322,0.07841142127011837,-0.03335647192581492
2015-06-30,-0.051514209881542566,-0.04957376252914985,0.06714699812718439
2015-07-01,-0.036191864785947846,-0.038898506356910174,-0.04917952157388772
2015-07-02,-0.04447030440079484,-0.04803058158637646,-0.03409812321597372
2015-07-03,0.01969743446072718,0.011860889134413364,-0.05406037000973707
2015-07-06,-0.06541788148514738,-0.056628096883061786,0.028981553917733827
2015-07-07,-0.09652049394115449,-0.08907558712908561,-0.01764143912528071
2015-07-08,0.0973262545999603,0.09190028344959304,-0.06745417515274954
2015-07-09,0.08377441012452853,0.07951224261772753,0.0640424346990478
2015-07-10,0.06433933356791764,0.059307094686652316,0.053604369835002386
2015-07-13,-0.002984266760492623,-0.003957661920564538,0.025629724148679145
2015-07-14,-0.06609155569309064,-0.06437460866748068,-0.023662036036763423
2015-07-15,0.014210894959097753,0.017139141155790145,-0.035356200527704384
2015-07-16,0.05173787446797732,0.04793218192244327,0.007714104205951422
2015-07-17,-0.004133393709363328,-0.00017699157608165792,0.03856044989693186
2015-07-20,0.0037180937654934056,0.0033792750686242085,0.0021943875707575167
2015-07-21,-0.00015474689535459503,0.0030181427696329304,0.0012978866079735862
2015-07-22,0.023897108633614893,0.024372692856258555,-0.002124334795163829
2015-07-23,-0.021476602087528687,-0.018881773895935466,0.022527398512446117
2015-07-24,-0.09328453906665149,-0.09000386620852747,-0.017533128980123935
2015-07-27,0.010471344455040648,0.0003615441859049257,-0.08561447029413727
2015-07-28,0.03477832723722982,0.03744774134884494,-0.002000665142599778
2015-07-29,-0.030987000358303575,-0.02655411180733152,0.03130075647649355
2015-07-30,-0.0016229736103378428,-0.009543148668874188,-0.02925162452485519
2015-07-31,-0.005104240957839056,-0.008507358478237081,0.0003381025892368328
2015-08-03,0.04495878876625124,0.04710510950704532,0.003285560824796363
2015-08-04,-0.022118677062891976,-0.020212231353582792,0.03105577085792488
2015-08-05,-0.007479330250329895,-0.006835213706720474,-0.020581739341870575
2015-08-06,0.021586785968008445,0.02402763870380761,-0.009064108200367293
2015-08-07,0.04495345735798149,0.046970751862391844,0.01959888826545919
2015-08-10,-0.006936479107297901,-0.010751027814741607,0.04540882273896529
2015-08-11,-0.015365238133697976,-0.014192668273496483,-0.00433115592161315
2015-08-12,0.015646006856438213,0.017249184544140754,-0.012427858665689628
2015-08-13,0.00011508484749104468,0.0001680112224418741,0.0147729281671658
2015-08-14,0.0036309695400064644,0.004271317399360224,-0.00047111246337838697
2015-08-17,-0.064950869018431,-0.06264473595993701,0.0010629575258864765
2015-08-18,0.02362333519852639,0.02157232251783828,-0.061909771522878354
2015-08-19,-0.027477680618956536,-0.02645011664111389,0.01587542250373164
2015-08-20,-0.04613717583548636,-0.04302338983533618,-0.03208582295027973
2015-08-21,-0.09954359959619077,-0.09839236586374622,-0.04570311980752095
2015-08-24,-0.09138008953142378,-0.08980023576960505,-0.08747917560467355
2015-08-25,0.027518259541602783,0.016192241968258653,-0.07101140884070678
2015-08-26,0.05472847888432015,0.04981237430992865,-0.005665592044509671
2015-08-27,0.04089424258898994,0.04455166430730785,0.05947403732702283
2015-08-28,-0.013065042365004552,-0.014918977171712358,0.0426279931620519
2015-08-31,-0.021291847178287346,-0.025405085462363648,0.007255504459517281
2015-09-01,-0.001658639119245461,-0.004030294024960539,-0.0013248023192952152
2015-09-02,-0.01271869368016387,-0.010062373863984406,0.0011153809546471383
2015-09-07,0.030371793097960117,0.03298799046549107,-0.03426792202814766
2015-09-08,0.022732478116149167,0.022974777006241256,0.025697664044497914
2015-09-09,-0.01757808099978209,-0.016164047457482837,0.01957996652689542
2015-09-10,-0.000746495452203226,0.0017911616275109177,-0.01227899861736248
2015-09-11,-0.05038212661809737,-0.046712081849111395,-0.00308855240114847
2015-09-14,-0.03726967289966906,-0.040995362083548634,-0.019735957624156364
2015-09-15,0.06838484804206496,0.06386794746090796,-0.03928524624138641
2015-09-16,-0.022856890092890544,-0.01932807761199857,0.0498123550629237
2015-09-17,0.006621192561469158,0.00703676472290145,-0.02183274155775483
2015-09-18,0.020107145945563842,0.02257632214261664,0.004408402842137837
2015-09-21,0.008113483948417119,0.006965433997558097,0.01752545928206506
2015-09-22,-0.01749527493026181,-0.017306085942002898,0.009304012695533936
2015-09-23,0.009533336853882534,0.00789574286991594,-0.022761101277916085
2015-09-24,-0.022880172176270853,-0.024503016604705347,0.006733005825873439
2015-09-25,0.011893882506588061,0.015092730304240323,-0.016149162861491706
2015-09-28,-0.01514455521940742,-0.014460046539083162,0.0033416358545150793
2015-09-29,0.003998326980354459,0.005997145892162563,-0.01970549687765022
2015-09-30,0.034151190561166375,0.03748045009962518,0.007581358038284192
2015-10-08,0.009280033684328629,0.010512746320731427,0.029201205139012476
2015-10-09,0.03894340467102559,0.03969712109078048,0.013238363345143833
2015-10-12,-0.0016004191768221017,-8.826675608783871e-05,0.03220542974503915
2015-10-13,-0.008810627409388398,-0.01017072255820735,-0.0007686305903372714
2015-10-14,0.02196386702164973,0.027098740955374234,-0.01130030420546635
2015-10-15,0.009218009997637182,0.010498444932648494,0.02369271691166741
2015-10-16,-0.002772607138315688,-0.0017822926343189255,0.013551068168325742
2015-10-19,0.01122022067179853,0.012570214588544102,3.395528089500388e-05
2015-10-20,-0.029801441010201782,-0.03633846574620781,0.012314030411580523
2015-10-21,0.016388438038619696,0.022733033088156447,-0.02919473404701345
2015-10-22,0.02192540527472559,0.024402410493625046,0.01476426977614631
2015-10-23,0.002027182065832852,0.0011381350189834344,0.01325283087390372
2015-10-26,0.001898159555394941,0.0037627574428921173,0.005045866421747203
2015-10-27,-0.015380392546542823,-0.018622376167900054,0.0010085644394666193
2015-10-28,0.00010531546086680731,0.00099358779833199,-0.018915187815902623
2015-10-29,0.004308349821880997,0.00324086720020385,0.0023801958626010755
2015-10-30,-0.016620599968071494,-0.016891749510665213,0.00021792596743552828
2015-11-02,-0.002394398961683384,-0.0045336094602778975,-0.016445581311119173
2015-11-03,0.04948757834687672,0.05591941738200185,-0.003012117515736712
2015-11-04,0.008183952643158923,0.007422475290378753,0.04704962357415554
2015-11-05,0.025134542061891557,0.025092932554861225,0.0213391612053333
2015-11-06,0.016321129600790955,0.015647901988092294,0.023583569213998068
2015-11-09,-0.0029503509471503118,-0.0026184349167790682,0.012384766052349283
2015-11-10,0.003193423365585751,0.005669459715758353,-0.001851393753173558
2015-11-11,-0.004531747161653827,-0.005434746020755269,0.00010695912596148105
2015-11-12,-0.014029724148855576,-0.015239646304693646,-0.009998304487890075
2015-11-13,0.005735149686874705,0.00978951483784189,-0.012931715902743446
2015-11-16,-0.0007781038040353804,-0.004565244392106752,0.004775454856069006
2015-11-17,-0.008194862800343023,-0.010327184152848239,-0.0015249207652233698
2015-11-18,0.014667887462627241,0.018745639381334007,-0.011390515619720154
2015-11-19,0.0012937983636843952,0.0016358760508006617,0.01598404555950883
2015-11-20,-0.005891792304233321,-0.0065193438372684554,-0.0001562926327890457
2015-11-23,0.003723239422229673,0.004927615341778586,-0.0055770749103164485
2015-11-24,0.00871443668317949,0.01130510392246856,0.00014920084298464253
2015-11-25,-0.002590985899713274,-0.005701731469290229,0.007384339977996257
2015-11-26,-0.047968414265093885,-0.053373265222642664,-0.005865226715605298
2015-11-27,-0.0008987443977275032,0.002906808246921276,-0.053848588748826254
2015-11-30,0.005663541356678712,0.005558918816296903,0.002648306573816539
2015-12-01,0.026514814038640477,0.022758688566815972,0.007091164504361425
2015-12-02,0.011215769075138743,0.012603165578444748,0.036266948798619136
2015-12-03,-0.01436399861633663,-0.012932740425741425,0.007345592107384391
2015-12-04,0.011402855207367722,0.007650956098319894,-0.019126236897554216
2015-12-07,-0.018902685287376875,-0.017123615223906437,0.002724610410622219
2015-12-08,-0.0055069430491579505,-0.0025032840264731676,-0.017515409709812135
2015-12-09,0.000622810157306975,0.0007301269748156385,0.0035660857516657263
2015-12-10,0.004222008237277601,-0.0018236288334964204,-0.00353691205025386
2015-12-11,0.017255265787536157,0.021732752742757638,-0.0041456440376695936
2015-12-14,-0.002285335676859514,-0.0014368709018736817,0.028619257994600966
2015-12-15,-0.0001216514960435471,0.00019858071720169862,-0.0045617192804716655
2015-12-16,0.02350998419088776,0.022838053413127786,-0.00242259209233453
2015-12-17,0.004164672013282378,0.003107045779537029,0.019115763653729134
2015-12-18,0.026140890666307173,0.024357431636517195,0.0032003067182477807
2015-12-21,0.0033665092292738587,0.0028550104602361737,0.026025037753024893
2015-12-22,-0.0017945695463363212,-0.0028719094763033836,0.002783260087377837
2015-12-23,-0.004845699592595771,-0.006057999338318433,-0.002669775816216191
2015-12-24,0.0025528565412801557,0.00296363591652149,-0.009564502195852476
2015-12-25,-0.022983896910421898,-0.023828875767571835,0.002298010132135486
2015-12-28,0.004120672859689976,0.0067922585063320984,-0.02880777447761962
2015-12-29,0.0045582545576989516,0.004368484453485826,0.009185461003372142
2015-12-30,-0.007522202471422951,-0.008788433089346712,0.0008798815482724542
2015-12-31,-0.07258773615630207,-0.06809832668774037,-0.009077919249544486
2016-01-04,-0.002976472551492553,-0.006233822567334941,-0.06984454569820431
2016-01-05,0.015036812256240671,0.014174442470891977,0.0024118187764559096
2016-01-06,-0.05678639938380632,-0.0566168208849782,0.017543506631635175
2016-01-07,0.0017126017880329328,0.003976525827017534,-0.06933422980329451
2016-01-08,-0.05523394395870938,-0.051120798757157415,0.020392304470036704
2016-01-11,0.0061694385254896685,0.004998748530301419,-0.05030700032127944
2016-01-12,-0.01886453464087731,-0.016306956012411025,0.007285940265313595
2016-01-13,0.02410347154264381,0.02416754998752719,-0.018605533459173818
2016-01-14,-0.03371419452999278,-0.0347763077340973,0.020815113375667105
2016-01-15,0.00744756610293454,0.00962355488904683,-0.031922323587567636
2016-01-18,0.027865874209009312,0.027268918197404766,0.0038477200655395727
2016-01-19,-0.013346910480876032,-0.013610822371388871,0.029510689200282325
2016-01-20,-0.02848435232612788,-0.029249442375795957,-0.01512199359626687
2016-01-21,0.008426052863811907,0.008421917822013918,-0.029306510247670503
2016-01-22,0.005200155116745039,0.005798881402891579,0.010420757135671144
2016-01-25,-0.05404877509486407,-0.047173375001249886,0.004955901151773245
2016-01-26,-0.008995894012028246,-0.011538657312591152,-0.06020665475615938
2016-01-27,-0.028404910916307362,-0.02322231396385644,-0.0034551829444553483
2016-01-28,0.030645128651561403,0.02969809061485751,-0.02613680959612319
2016-01-29,-0.01254657506647663,-0.009732257517827731,0.032353806907378324
2016-02-01,0.022681370743625116,0.015056272989395778,-0.015288059767352702
2016-02-02,-0.0017889891983698873,-0.002996471032085565,0.020778683580082946
2016-02-03,0.01514472579760287,0.016511213970201135,-0.004285236701076944
2016-02-04,-0.006782346754498226,-0.0007854385379979591,0.012249715122904181
2016-02-05,-0.0027699893844381597,-0.0013946944222860294,-0.0070256905077795695
2016-02-15,0.03266214191497629,0.032353422262501375,-0.005762891432928741
2016-02-16,0.006578842660157419,0.0003375796024047457,0.030654526573704155
2016-02-17,-0.005067744911441864,-0.004582857820500393,0.008653162289597782
2016-02-18,0.00035062244149612306,-0.0023373532838712385,-0.0031403836360550663
2016-02-19,0.020022681098915116,0.017963545388562343,-0.0006942397746995121
2016-02-22,-0.008011453001088553,-0.008267779814299983,0.022050872007288058
2016-02-23,0.0035638952195414715,0.0013419294199928933,-0.009461760188786195
2016-02-24,-0.062266834379195814,-0.056250127608528745,0.006535334179247565
2016-02-25,0.005737622221759865,0.0044903714641644065,-0.061359360679198005
2016-02-26,-0.03752583873169112,-0.03571377824072252,0.010031691648822338
2016-02-29,0.022951282201655307,0.020167158090760955,-0.023934627530927566
2016-03-01,0.04327622509921909,0.04405868754885619,0.01849541437443314
2016-03-02,-0.0009377990068035061,-0.00024524791303577,0.04116436743565499
2016-03-03,-0.0030100495604742936,-0.005873287324514158,0.00232357693202645
2016-03-04,0.010922093367708214,0.00921262124855053,0.011597491515226821
2016-03-07,0.0016645889641982506,0.0014043531813226326,0.0035392337801281037
2016-03-08,-0.014989925236807916,-0.012863971378681924,0.0009114801406835404
2016-03-09,-0.013543456639405205,-0.011424877938822773,-0.011507013292917256
2016-03-10,-0.0009157189697506872,-0.0009564534166464396,-0.01912816456211275
2016-03-11,0.023653226891895203,0.021579882444632485,0.0017025372118879556
2016-03-14,-0.004812277444096668,-0.0024726939434685036,0.015707621559298612
2016-03-15,0.0001977634645127364,0.0005868020290280472,0.0029650747466312133
2016-03-16,0.020672597683796097,0.01973785769703004,0.00495970443413829
2016-03-17,0.022817289516805967,0.02151903574691486,0.01105814506655256
2016-03-18,0.023025695281264472,0.020520864985232645,0.015287113501056382
2016-03-21,-0.007262991804868657,-0.006823741767777542,0.024426537535151782
2016-03-22,0.0058827732266585045,0.006372099611267596,-0.007278177162834187
2016-03-23,-0.014684934238801925,-0.014538193624098012,0.0031930162843831766
2016-03-24,0.00604277611539665,0.004548421767082002,-0.01676096771103408
2016-03-25,-0.008623358113138076,-0.005358447879139139,0.005019092666216363
2016-03-28,-0.013527378123445672,-0.015346646466637272,-0.00878410917437511
2016-03-29,0.03315981206904122,0.03147086952790495,-0.01082742063204123
2016-03-30,-0.0028174954751740396,-0.0022725825344314427,0.02579248009032331
2016-03-31,-0.0013514874205640553,-0.001716431469040856,0.0005627619485866209
2016-04-01,0.0157639710109553,0.01632945350190578,0.001180824650646617
2016-04-05,-0.00065564189968608,-0.00038262084431236624,0.013222052894419134
2016-04-06,-0.012232591821585806,-0.012009939303643104,-0.0021320328749665496
2016-04-07,-0.00896708519088867,-0.009166270277897268,-0.014808766151040875
2016-04-08,0.015544961263468233,0.015932827433716695,-0.007341187614706035
2016-04-11,-0.004483244325607894,-0.004940168135207075,0.01392773398875602
2016-04-12,0.011162864749228178,0.011544745509207128,-0.003606699482988196
2016-04-13,0.005074505421849063,0.004773200154349487,0.013338718948562311
2016-04-14,-0.002355371725953137,-0.0026511607800256093,0.004430639790518054
2016-04-15,-0.012373126881129749,-0.012389445459225625,-0.0011050634495685108
2016-04-18,0.002797988350696678,0.00288046112988688,-0.013373224823590268
2016-04-19,-0.02601017491224862,-0.026856566494668777,0.0030509997057412974
2016-04-20,-0.0034455351663812833,-0.003323900087844548,-0.017685205200259402
2016-04-21,0.0057694457069831775,0.005414872747777323,-0.006422448074994702
2016-04-22,-0.0031551780338696517,-0.0030138193057813656,0.004524457381509972
2016-04-25,0.007147723108317053,0.006759098814547266,-0.0040536709817631245
2016-04-26,-0.00571862205826805,-0.004352486035870994,0.005417405906964712
2016-04-27,-0.00012990938007850566,-0.0009083254306094643,-0.004164622101435533
2016-04-28,-0.00018217111145537,0.0006311068793462628,-0.001686713498761816
2016-04-29,0.022316031695697396,0.022320720755948535,-0.0012118028969365646
2016-05-03,-0.0021856623286596114,-0.001569503546296393,0.017990021382751298
2016-05-04,0.0020140687101749704,0.002072909649314003,-0.001269627887003133
2016-05-05,-0.02728023473693101,-0.026571839831650488,0.0013896418712182612
2016-05-06,-0.0214007216359808,-0.021467045085163585,-0.02600251406382237
2016-05-09,-0.0017840721359097965,-0.0019218187895266065,-0.020678198923443025
2016-05-10,0.002224300471682505,0.002800717504896157,0.001138432030062475
2016-05-11,0.003052538174910253,0.002470800878838283,0.00446383479249679
2016-05-12,-0.004907076205394089,-0.0044304056613898345,0.002377700863822163
2016-05-13,0.007098211139706964,0.00707454685543339,-0.004918870989663815
2016-05-16,0.0026384424629845855,0.0027578619921020003,0.006624519502819615
2016-05-17,-0.01502341625997779,-0.015751141681437913,-0.0030013148925309707
2016-05-18,0.0014136614596600792,0.0016639542122123343,-0.005826274619088689
2016-05-19,0.008072771448474335,0.007527743592425917,-0.0018057130937014776
2016-05-20,0.005478692006655539,0.0056394477920453535,0.0051330612244897544
2016-05-23,-0.006865562918223133,-0.006429183336863383,0.0029237676319431305
2016-05-24,-0.0010754433260848355,-0.0011779557519471478,-0.007663852916215852
2016-05-25,0.002341460237316491,0.0015809847399736454,-0.0014133883455847984
2016-05-26,0.002016000070188107,0.00228228770348662,0.0016278606054465072
2016-05-27,-0.003378215432294488,-0.0031947380706914908,-0.0005580557468319869
2016-05-30,0.035250476279079276,0.03386314113654946,0.0013746938775509587
2016-05-31,-0.021039428770996547,-0.038366709069193025,0.03353756957782106
2016-06-01,0.00420862947918779,0.004062747630575332,-0.0028426658589835174
2016-06-02,0.00923237000061426,0.009681792901041193,0.002072424103399584
2016-06-03,-0.0007997848031006604,-0.00025364742988994875,0.0070190394998579375
2016-06-06,-0.0021717912114350315,-0.002277500159320164,-0.0033047693402689093
2016-06-07,-0.0012060292146544524,-0.0010926117902003787,-0.0005473780904053926
2016-06-08,-0.033592034267455585,-0.032642631741232074,-0.004110731653578115
2016-06-13,0.0032585465695089055,0.002767605006723961,-0.030862929402431627
2016-06-14,0.01804149046386059,0.01823911223907526,0.0031438131453132012
2016-06-15,-0.006708317603039901,-0.006453313429138019,0.01313077458240941
2016-06-16,0.00705018229424717,0.007239582160461817,-0.0069632296550152795
2016-06-17,-0.0003013979964260067,-6.645479174283153e-06,0.005070007464446968
2016-06-20,-0.004176819314793751,-0.003952815391776133,0.0007426793040032909
2016-06-21,0.010547434111577252,0.010378397152477134,-0.002040049218195228
2016-06-22,-0.002324318772818746,-0.002801376370440375,0.008897988616755503
2016-06-23,-0.014231549534791332,-0.013326413347178776,-0.005309576382595771
2016-06-24,0.020588923216842255,0.02008983787890652,-0.012882860918994599
2016-06-27,0.00636162721804939,0.006854283205418588,0.014097414499083527
2016-06-28,0.0019038298978278896,0.0012789127392716251,0.005082453677889065
2016-06-29,0.0021794200394142744,0.002620619403345633,0.004779364876928982
2016-06-30,-0.0005699514350134488,-0.00040273560233490747,0.0008028203427694613
2016-07-01,0.01751385322660155,0.01728741378120911,8.877840909082835e-05
2016-07-04,-0.0032153748021532414,-0.0009543053089753577,0.016010398833301576
2016-07-05,0.009298487019876138,0.006173985454278275,0.0008362717259027264
2016-07-06,0.0016601418644662603,0.0016962427665249533,0.00293697659772163
2016-07-07,-0.00370228111185988,-0.0029937824920061745,-0.0021294454115892147
2016-07-08,0.005805701941765778,0.00414738215965299,-0.005504758641100227
2016-07-11,0.015191540995051954,0.016015111640280102,0.003461475810392578
2016-07-12,0.007032338168978958,0.006577744833442375,0.02180543372053445
2016-07-13,-0.00487516020444389,-0.0029407327082267088,0.002960423808039847
2016-07-14,0.0016923867190303706,0.0005546153695398713,-0.0018611763487434985
2016-07-15,-0.0023611966074940523,-0.003347151516355451,-0.00014648616316115248
2016-07-18,-0.003920286162238995,-0.0029161400214798134,-0.004352497344549344
2016-07-19,-0.0018246889088869198,-0.0006955745660362579,-0.004227441891833883
2016-07-20,0.0037018948133749605,0.003353571360777796,-0.00327255151267003
2016-07-21,-0.00740667462959766,-0.007568151077414685,0.0046083518655795075
2016-07-22,1.9862735432440038e-05,0.0008450728782570646,-0.008411939050336437
2016-07-25,0.012967717935951858,0.012339291366176968,0.0017766560418708277
2016-07-26,-0.016657234738441953,-0.021057723133938,0.011978123674900809
2016-07-27,-1.0298023124777269e-05,0.0002437749461818612,-0.015705333084576445
2016-07-28,-0.0008682766090621742,-0.0014838179330704288,0.0009011136521825946
2016-07-29,-0.00871011697073223,-0.00927110904078098,-0.0053428289363393056
2016-08-01,-0.002304275301861245,0.0001637108662113878,-0.008464604407711795
2016-08-02,3.103619302509365e-05,0.0009048942481971348,0.0038529216415210676
2016-08-03,0.00783904005510276,0.005840525319705652,0.0013985356140544525
2016-08-04,0.00023205957009042372,0.0008682102964574422,0.0024361908996684
2016-08-05,0.00647405480899264,0.006491387122745147,0.0011932689634490679
2016-08-08,0.006853613413949036,0.007803828920395154,0.009069891516983786
2016-08-09,-0.0012955140501625696,-0.0023793466070954417,0.007049700387733671
2016-08-10,-0.004482983753786496,-0.004433102021834921,-0.004187928694680321
2016-08-11,0.009926312216366966,0.012815619914841274,-0.003077074867266494
2016-08-12,0.027692799823122935,0.027231954593531164,0.018825617933047933
2016-08-15,0.0013252168003837087,-3.074754506763945e-05,0.030110223026321714
2016-08-16,0.00039732755255797447,-0.0003994727159849102,-0.004470416276205147
2016-08-17,-0.004319954447352892,-0.0036372517051770754,-0.0015392584918226815
2016-08-18,-0.002235341143130545,-0.0009160397849878242,-0.002537762559108314
2016-08-19,-0.005166363963051266,-0.006383824316806056,0.0001575275896199546
2016-08-22,0.0016590763475664424,0.0021717949554491372,-0.008389251772649153
2016-08-23,0.0012071450279250696,-0.0004325762070511639,0.001510433680273593
2016-08-24,-0.010454924932874216,-0.007157105207908084,-0.0035818698138444516
2016-08-25,-0.0004591206603557991,0.00022401531979759914,-0.006273537025580755
2016-08-26,9.741083461727051e-05,0.00029391602950361106,-0.0005681526275547188
2016-08-29,0.001144201583713393,0.001271797096325308,0.0002086426435325972
2016-08-30,0.0027988188446520608,0.003391351653842221,0.001272756954815435
2016-08-31,-0.0008209784361814885,-0.004672127734795949,0.0047705458047881955
2016-09-01,-0.0029220461826998364,-0.001057494219360276,-0.007876097950892391
2016-09-02,0.007464647048216106,0.004766776532626392,0.0037951526238952926
2016-09-05,0.001781439573768904,0.006009784712925871,0.0016806925539585293
2016-09-06,0.00033660124010680094,-0.00030591579679056,0.006913316946211667
2016-09-07,0.0026300521695468383,0.002022625953699992,-0.0005414897849896905
2016-09-08,-0.007742838273994539,-0.006330773564424844,-0.0003771529145539798
2016-09-09,-0.020388189901651487,-0.021329961428785443,-0.006443962677717963
2016-09-12,-0.002295304866915591,-0.001136438787924275,-0.016708659329001452
2016-09-13,-0.0067356851368335635,-0.005204299099515776,-0.0006957641145098892
2016-09-14,0.010149961673529426,0.008436193049453691,-0.006625096232589889
2016-09-19,-0.0014839232988125288,-0.0014795985641714343,0.00753072963785173
2016-09-20,0.0034312738253142287,0.003286569273561698,-0.0017529235823383615
2016-09-21,0.0075605932970292875,0.007338192288896602,0.0028366181617240915
2016-09-22,-0.0003103269350656756,-0.0021585178724759513,0.007493938726030436
2016-09-23,-0.01197560804531703,-0.013385205411490988,-0.0046944505214030485
2016-09-26,-0.00017738019711640955,0.0019361673953804473,-0.016909517747514258
2016-09-27,-0.0022699835203036107,-0.0014834258048354745,0.006356590110176752
2016-09-28,0.005432788403706253,0.004557600283905069,-0.0030425055928412492
2016-09-29,-0.0021117922574040975,0.0015674044710621996,0.004178415235430499
2016-09-30,0.01695320906928917,0.01649003473911064,0.002740114474523825
2016-10-10,0.004349343883965918,0.003528467175862003,0.01247663896129425
2016-10-11,-0.0014123994631408407,-0.0013206470314407709,0.0038526110623673393
2016-10-12,-0.002730369290949709,-0.002294182744944568,-0.0019809106745377614
2016-10-13,0.0016154893189824977,0.0009555736911338597,0.000799997575764877
2016-10-14,-0.005161676760869363,-0.006454314517799439,0.0009689188984602914
2016-10-17,0.009352897507099557,0.010552892629208927,-0.008460758957605452
2016-10-18,-0.0011660323020566295,-0.0019319965710439654,0.013255518810938671
2016-10-19,0.0005276839622871528,0.0010698266799856907,-0.0015325185994767843
2016-10-20,2.6071623884899378e-05,8.00027198661584e-06,0.0007116493378043209
2016-10-21,0.010000329112361813,0.009817336256963143,0.0027541734466340895
2016-10-24,-0.000555783998243728,-0.00020040965019176214,0.01197208916561987
2016-10-25,-0.0013630263732204448,-0.0021205281959252704,-3.8603388783697845e-05
2016-10-26,-0.0012235421047683266,-0.0013873497058488695,-0.003756551693417709
2016-10-27,-0.0017092348708112714,-0.002045846343391,-0.002712531298438181
2016-10-28,-0.0022654946456293853,-0.0017832423191062041,-0.0016648235047971305
2016-10-31,0.007159453541017396,0.007278970825329896,-0.0011526497471655572
2016-11-01,-0.007201862719893671,-0.007818053431784131,0.0068249667294111305
2016-11-02,0.00476418865514818,0.005528311979127858,-0.007650972745270268
2016-11-03,-0.0024196742091431196,-0.0028063384298901983,0.009518952405237924
2016-11-04,-3.194688145639695e-05,-0.0006452599368656894,-0.0032421220297882414
2016-11-07,0.003930157083493198,0.004953456342102346,0.0007214899662211227
2016-11-08,-0.005496976104784247,-0.006147301996867495,0.004328797976517862
2016-11-09,0.010782111476486271,0.010727288271492814,-0.005360236360616
2016-11-10,0.004362168364582826,0.0048025432322826534,0.011201741697857148
2016-11-11,0.001080463849902987,0.0017966343428296807,0.007848145318983812
2016-11-14,0.0011956261019252115,0.0016661786837333659,0.0038130410099437295
2016-11-15,0.001938607857252497,0.0017949049027664507,-0.00011077909773338224
2016-11-16,0.0008269829183063042,-4.817983807721614e-05,-8.16357471273843e-05
2016-11-17,-0.002557439417192205,-0.0029807734583361073,0.002023565499083002
2016-11-18,0.004079138091254016,0.0036141239632769273,-0.005549202247616125
2016-11-21,0.0061676768889029464,0.007146584482127095,0.006920344349311991
2016-11-22,0.0010287783362757377,0.000681117695782052,0.007918956383260012
2016-11-23,0.0031098316082939113,0.0022451503701997016,0.0018366028901266596
2016-11-24,0.006793840804651009,0.007526635432724265,0.004031967951466653
2016-11-25,0.005025031307236966,0.0037928297118385934,0.009332882358674022
2016-11-28,0.003729241259982061,0.003691989790365851,0.0039133274642886295
2016-11-29,-0.007655539133925954,-0.0060686029308742685,0.008192176697557008
2016-11-30,0.007682073329188292,0.006842414864814699,-0.007306315305103173
2016-12-01,-0.007861826813684745,-0.009519514626548273,0.007642736009044748
2016-12-02,-0.015911672347090167,-0.014761465119081869,-0.010123308574377932
2016-12-05,-0.0003970322750067556,-0.0010953126493920076,-0.016871874070190862
2016-12-06,0.004493805411302592,0.004626024272626166,-0.0029572751562945143
2016-12-07,-0.000726269239886805,-0.0012496866576159654,0.0047988667736293955
2016-12-08,0.0028921037672734987,0.002527487799130035,-0.0016140401352227052
2016-12-09,-0.025380193631180777,-0.027708577286835536,0.006789351438270419
2016-12-12,-0.003437775270892596,-0.0033446465763497285,-0.024192117239602684
2016-12-13,-0.007458373420083124,-0.007061751570229083,-0.001214368264509269
2016-12-14,-0.008629599470752022,-0.007713444396207041,-0.0076621713694994265
2016-12-15,0.0017536760204653438,0.0024425542014300805,-0.011399991121502251
2016-12-16,-0.0026740527871895662,-0.0036378152250364226,0.0016764308786594295
2016-12-19,-0.0050216893414465474,-0.005098339886481625,-0.005095590894283686
2016-12-20,0.00609374114427442,0.006047410022360882,-0.005983814862210113
2016-12-21,0.001770274953197128,0.0009081598341221718,0.008908874423552371
2016-12-22,-0.008903427758885588,-0.0092430352586269,-0.0008596572154294657
2016-12-23,0.003615665215629743,0.004105493743284783,-0.008415101014189075
2016-12-26,0.00022514032614491655,-0.0003311206012505833,0.00447454347563192
2016-12-27,-0.004151411706239011,-0.004313972842648791,-0.0018089333012281106
2016-12-28,-0.0018071829674457603,-0.0012189261364254672,-0.004372224014666526
2016-12-29,0.003484120722450334,0.003313148700024566,-0.0012507987849381674
2016-12-30,0.0077671320537493595,0.007881102787653796,0.003735869196060282
2017-01-03,0.009465019324496267,0.009675322819333079,0.00971275618716172
2017-01-04,-0.001722265376833537,-0.0019031980941908405,0.0078031733303811635
2017-01-05,-0.0026245961514349803,-0.0045303441052220094,-0.00015438008971857542
2017-01-06,0.0016309777436359818,0.001579884661135638,-0.005974244237318849
2017-01-09,-0.0012548548524316005,-0.001103717485577162,0.004848148114957596
2017-01-10,-0.004020374778186982,-0.004238144690253132,-0.0016736526056065903
2017-01-11,-0.0034796638696848407,-0.0039359939996043624,-0.007078049114573881
2017-01-12,-0.0047365220730957,-0.005576683049289417,-0.005062228220123033
2017-01-13,-0.01156128718097059,-0.014570838337031091,0.0006902538566804228
2017-01-16,0.004779667279141102,0.0059125408263031665,-0.0001385579729571429
2017-01-17,0.00467340942205,0.00312706206493634,0.0020816701562007545
2017-01-18,-0.0034027244362846687,-0.003129802505529744,0.0039111821931479
2017-01-19,0.010892560150998412,0.011750597883578922,-0.0030185334359474902
2017-01-20,0.0022988526090417447,0.0025934969459212587,0.007689327153837633
2017-01-23,-0.00021699012753193935,-0.001414347891039542,0.0027392850436229743
2017-01-24,0.0018610104257392732,0.0022591129291845307,0.00010998549380514255
2017-01-25,0.004497662319452461,0.005242852784951449,0.0034032308401077405
2017-01-26,-0.004800935651488858,-0.005385394881928288,0.0035723806984804263
2017-02-03,0.0028878986593946993,0.003511543059254813,-0.00692747257936932
2017-02-06,-0.0017637286751679792,-0.0023892382742009316,0.0025917746820469656
2017-02-07,0.005542639799940201,0.006321153725853084,-0.0022322950542659203
2017-02-08,0.004534969716757242,0.00435086854994861,0.005232226474293444
2017-02-09,0.003568188518269854,0.002546444301616324,0.003842413745200668
2017-02-10,0.007973772648826165,0.007507381091950324,0.005064349628565168
2017-02-13,-0.0022213599902824515,-0.002147302332127462,0.006673521820775852
2017-02-14,-0.0015352307549997238,-0.002450976279463898,-0.00013677621374330595
2017-02-15,0.0034604109121162516,0.0031959476401651594,-0.004100937190756215
2017-02-16,-0.002581360351192303,-0.0033822921874911505,0.005617074503683872
2017-02-17,0.013399710516459955,0.01301385765872407,-0.0056641663736256564
2017-02-20,0.004057333868220291,0.004570398727453462,0.014599116161616132
2017-02-21,0.004464216449968486,0.003010213447725844,0.0032926291773613947
2017-02-22,-0.0003866997024010629,-0.0002827240108752571,0.0019926381495454226
2017-02-23,-0.0015066387569411999,-0.0009026079568555871,-0.004710925679702882
2017-02-24,-0.006768225103582892,-0.00656338416358481,0.0001525917565901036
2017-02-27,0.0026714299725474726,0.0019208265313218546,-0.007953711300142552
2017-02-28,0.0007479262089975441,0.0005257875398489912,0.0019122400775342108
2017-03-01,-0.004697184473147082,-0.004561522439182116,0.0016305559819393967
2017-03-02,0.000667603411576837,0.0001007495615362212,-0.006748707509744323
2017-03-03,0.006300123089598715,0.007096441305227597,-0.00210765334342522
2017-03-06,-0.002166795454763686,-0.0001032726999213492,0.005431960465129837
2017-03-07,0.0006115649861305411,-0.00042684007318063435,0.002170330308024493
2017-03-08,-0.0072138476178529925,-0.00686036854207525,-0.0015142039861492096
2017-03-09,0.0026609311259828275,0.0016746277759538926,-0.006318267884119599
2017-03-10,0.008411412788076774,0.008448598281576602,0.00027721524158574873
2017-03-13,0.00019851238471989816,-0.0009807126120441694,0.008813001584064839
2017-03-14,0.0016204954975637992,0.0011375049218440496,-0.0004077383534309975
2017-03-15,0.0050522604715019055,0.006464066897401658,0.0020105939497032654
2017-03-16,-0.008715015542497697,-0.009218111263441912,0.005159312168701247
2017-03-17,0.0026886652580324602,0.0008194948113602699,-0.010254171322213734
2017-03-20,0.006223639543414985,0.005452303741431893,0.0011027886041308221
2017-03-21,-0.002630618818369783,-0.003391205967722096,0.0048527224816716785
2017-03-22,0.0022829719868673777,0.002223721239223749,-0.00470235261874874
2017-03-23,0.007458418133102365,0.007502571729063101,0.003457920899696987
2017-03-24,-0.0024737071622310063,-0.0033120431089827948,0.00797809346096745
2017-03-27,-0.0021418834982285125,-0.001852445872765111,-0.0033127005960568168
2017-03-28,-0.002720835524572364,-0.003459817640070121,-0.002366275258478878
2017-03-29,-0.009024913456608222,-0.009782331584957256,-0.0013314850092656094
2017-03-30,0.006736046359313193,0.00631383255946214,-0.008204456321298403
2017-03-31,0.01251500426948778,0.01382457706566571,0.005612844656013305
2017-04-05,-0.00043751219158869406,0.0004094783121111852,0.013842392326499864
2017-04-06,-0.0023776581508088293,-5.458019637960554e-06,0.0028996344063312307
2017-04-07,-0.005871925703418885,-0.005060377512635098,0.0009703902904056871
2017-04-10,0.0020215842489284663,0.0017945703122838866,-0.0035025273919249145
2017-04-11,-0.0034436804570703145,-0.002828863836471918,0.0034777498188374167
2017-04-12,0.00271218148756837,0.0025791196593146254,-0.0022431787748092846
2017-04-13,-0.006543949430547556,-0.008114322951897268,0.0014617716786724522
2017-04-14,-0.007324485762161636,-0.005319545806265162,-0.007986752291176513
2017-04-17,-0.0012826418193916823,-0.0024108289766463656,-0.001881543094794158
2017-04-18,-0.004104520354936332,-0.005259390556061846,-0.004942613953114239
2017-04-19,0.009030865365718215,0.006907302851434031,-0.004868976590792218
2017-04-20,-0.003612168101180134,-0.0021737229848485693,0.004547459574912649
2017-04-21,-0.005509985615545525,-0.006466036360124875,0.00151377273186859
2017-04-24,-0.0013274705654159709,-0.0008533282645943736,-0.010248673845257406
2017-04-25,0.0030978989602435435,0.002640602856546903,0.0028298642481185965
2017-04-26,0.003112653223950271,0.0032070659322910237,0.0012234922129514825
2017-04-27,-0.003429026196534709,-0.0032899246389249386,0.00044700131778308005
2017-04-28,-0.0030039272240100826,-0.0033953672757085864,-0.0020222124222448734
2017-05-02,-0.00340404810999446,-0.003244423906260526,-0.0038287666254814834
2017-05-03,-0.001366366435669646,-0.0021566698862933277,-0.003925196551663679
2017-05-04,-0.007596326915334923,-0.007382880812422976,-0.0025606994166645913
2017-05-05,-0.00603928076135141,-0.007105786589135196,-0.006415246196822211
2017-05-08,-0.0037712849623899795,-0.002309511061113656,-0.007018373712140313
2017-05-09,-0.002884734395986412,-0.0034428014376140254,-0.0018697098079378804
2017-05-10,-0.00019512314145527258,0.0021288119594615887,-0.004423524919985877
2017-05-11,0.006590438421870103,0.0070677441633777505,0.005677562393265001
2017-05-12,0.004443044885044347,0.004629689120047361,0.008559128893390833
2017-05-15,0.016144075254897628,0.01311780098979954,0.004079305720480431
2017-05-16,-0.003158807460237731,-0.003553109178166913,0.00866677061299903
2017-05-17,-0.004512621959712405,-0.004667396454454376,-0.0054482084785557605
2017-05-18,0.0013912295790642795,0.0007243431486178897,-0.0034780364636638472
2017-05-19,-0.0023827714542991444,-0.0012223441980401114,0.0016891742762887851
2017-05-22,-0.0016496227114924597,8.265572346396095e-06,0.0021710709931401784
2017-05-23,0.0005228958343362581,0.0004912031397166893,0.003796273495854985
2017-05-24,0.01293597635747865,0.016602440702894496,-5.840797385636698e-06
2017-05-25,-0.0017466150338631434,-0.0022139662318387304,0.017957636449124736
2017-05-26,0.000662212332680785,0.0019637613044822663,-0.0015004332034679324
2017-05-31,-0.00506102308231405,-0.003926947223037643,0.0035771442034462364
2017-06-01,0.0002004012898431489,-0.0006388776448898273,0.0013914019376559672
2017-06-02,-0.00019962475275989183,-0.0018540470866254286,-0.0032106445876478595
2017-06-05,0.004662455613594765,0.006005177478427755,-0.005093919134033786
2017-06-06,0.01572828392012795,0.014694208408991442,0.006956396396396336
2017-06-07,0.008732201210227173,0.007826284378533869,0.011735301527679098
2017-06-08,0.004770144771982721,0.004577651972325055,0.007671476313503289
2017-06-09,-0.0027032362099744843,-0.003100395987839081,0.00426567967244984
2017-06-12,0.006230912924814544,0.005640670293105724,-0.0004977392014362536
2017-06-13,-0.003910104705440156,-0.006584984948249706,0.00220457196892343
2017-06-14,-0.0010772690508849567,-0.000727509971762963,-0.013111797826517724
2017-06-15,-0.0024262206496631343,-0.0018703398859245175,-0.0018414278844794962
2017-06-16,0.010014952380400493,0.011649603576588952,-0.002842334057849838
2017-06-19,-0.0008115388263570094,-0.0025909383346932086,0.009921108572337856
2017-06-20,0.008588489264848393,0.00946356395162556,-0.0020204464680176892
2017-06-21,-0.002589091768752129,-0.001354305396965579,0.01169325163753454
2017-06-22,0.004181427778532309,0.006810205002660867,0.0006633295800400063
2017-06-23,0.015218792008290783,0.014201556639199071,0.00906320849835951
2017-06-26,0.0012575235676020174,9.886631945155155e-05,0.012479022214370916
2017-06-27,-0.0044903542573575626,-0.005061058873738925,0.00180748018723631
2017-06-28,0.005230013288189,0.005213701838048331,-0.00776929942961635
2017-06-29,0.00033809471092092005,0.0008852869714159218,0.006214740398829521
2017-06-30,-0.0008958829642650052,-0.0029836137226290824,-0.0005533099107889461
2017-07-03,-0.0071440021542943715,-0.007201914237165216,-0.00434984182393372
2017-07-04,0.009587584438896922,0.01031307057585918,-0.008455565142364119
2017-07-05,-0.0001229113461876906,0.0005068184390201254,0.010966911419399983
2017-07-06,-0.00011469776186233456,-0.0002462720082721933,0.00011476413238309391
2017-07-07,-0.00482295774997822,-0.002793478139618581,-0.0011393131335210027
2017-07-10,-0.0002115404252300586,0.0028773796877899233,-0.0006127031972712471
2017-07-11,-0.0032164866604617276,-0.003843928858351616,0.00468567393511754
2017-07-12,0.00404777597630597,0.00598326221312749,-0.0032663090707499842
2017-07-13,-0.0006787272646351903,0.0017811976635891218,0.007680071717111048
2017-07-14,-0.02520266197011356,-0.018766260041723326,0.004385774576068924
2017-07-17,0.0011024476249566501,-0.0007724859784059568,-0.010674868825764516
2017-07-18,0.018011238530734233,0.01814950438386466,0.0009881099258644
2017-07-19,0.003348784459503107,0.004200424664463886,0.017062156752600144
2017-07-20,-0.0031109623325606393,-0.003754271052985166,0.004860915610966021
2017-07-21,0.006246508485699644,0.0063460776595741265,-0.005144241544553285
2017-07-24,-0.004256757526760011,-0.004880546360659184,0.0039880920452717294
2017-07-25,-0.006299550611259367,-0.006272767049459397,-0.006387122108631793
2017-07-26,0.012974683786637312,0.00755900038180628,-0.003809590381658068
2017-07-27,0.0006073839237929602,0.002025276189639976,0.0018351644496261699
2017-07-28,0.005248701650144037,0.005045477773988886,0.002613012803762693
2017-07-31,0.0052840076746969375,0.0060512106044668945,0.004293517540819414
2017-08-01,-0.0017854420864064232,-0.0007868936778387218,0.008697466739078674
2017-08-02,-0.004034022135627586,-0.006241666878598565,-0.002527596687867062
2017-08-03,-0.0071183194250289085,-0.006557658287746149,-0.008779930069000352
2017-08-04,0.007151492931697639,0.006046833022261078,-0.005432114661881093
2017-08-07,0.0035891668423080267,0.0017337115992820766,0.005181277275203788
2017-08-08,0.0023861388825843033,0.0020289160956855844,0.0014543346955422365
2017-08-09,-0.0033545157195416157,-0.003203923013542968,-0.0003134871831971253
2017-08-10,-0.01646450823871431,-0.017560983340799155,-0.004052489386337288
2017-08-11,0.018954735041773495,0.01681476453254831,-0.018453034510969024
2017-08-14,0.0028265214870523514,0.0033939584341995325,0.012976544614583085
2017-08-15,0.004799118871011552,0.002571420923902908,0.003080104366278036
2017-08-16,0.0030230841194824835,0.0026679543918090316,-0.0012520034753888964
2017-08-17,-0.000486537167333425,0.000596830150233448,0.005365508372462413
2017-08-18,0.004214710802035616,0.004722514484863294,0.000910976868174318
2017-08-21,0.0013570494764346373,0.002981023353944619,0.004381596221947115
2017-08-22,-5.4021554246625175e-05,0.0012510043293905593,0.003023263895385986
2017-08-23,-0.005589499742766831,-0.004672205902484946,0.00101004717106834
2017-08-24,0.011485408890351923,0.01168810172143809,-0.005708063438309541
2017-08-25,0.013692657169240185,0.01258378011889764,0.016360301500810026
2017-08-28,-0.0024313923109835754,-0.0014939830301246681,0.012371731541856112
2017-08-29,0.002372834219846048,0.001390113942194245,-0.0021261037132648264
2017-08-30,0.00047292468017940987,-0.0009411164117192783,-6.258899372535431e-05
2017-08-31,0.004673793651741514,0.004382280927891998,-0.003184414365073218
2017-09-01,0.006902459072231247,0.0075745902742874105,0.0022108322933263036
2017-09-04,0.0032129668658214885,0.0034918476661914537,0.003936781759229735
2017-09-05,-0.0015021674299841134,-0.003486369861259579,0.0029722125431010937
2017-09-06,-0.005797769184253839,-0.005381519062985052,-0.001970417806354652
2017-09-07,-0.0005541792254225483,-0.00023448735671000403,-0.005086440920131441
2017-09-08,0.0030004163559235173,0.001535917780600693,-0.0010130892171275052
2017-09-11,7.427678214560737e-05,0.001142913398253409,-8.886588830592235e-05
2017-09-12,0.0018210357730735031,0.0016697698983145696,0.00320991204109089
2017-09-13,-0.004031150065964574,-0.004057710468563536,0.0012194073367675085
2017-09-14,-0.0004330299470051696,0.00015122101875219378,-0.003292033279463702
2017-09-15,0.0090322074536961,0.007259239814122657,0.00034987310572431873
2017-09-18,-0.006966907372732068,-0.005781550783377735,0.003090334873280476
2017-09-19,0.00521490921997579,0.005034272785636706,-0.002867446931415496
2017-09-20,-0.003506396895529523,-0.0018019964120603285,0.002693026314416036
2017-09-21,-0.0003464653144627846,8.108806551891205e-05,-0.0012023609997813267
2017-09-22,-0.005838436064875893,-0.0048451277137674465,-2.34508132220812e-05
2017-09-25,-0.0005416239415467472,-0.0009138526969680057,-0.005195779796911215
2017-09-26,0.0034139771592202784,0.0030481050968616938,0.0007831756068301665
2017-09-27,0.001199843844717904,0.0014487429238860224,0.00010992519851948934
2017-09-28,0.010085137476938169,0.010150177069505701,0.0003506751805715247
2017-09-29,0.00923313993437925,0.009290801115751054,0.0036520219539886156
2017-10-09,0.002463002093632689,0.001859360027755419,0.011914505408575637
2017-10-10,0.004284308568298307,0.004712888345374829,0.001970527096679442
2017-10-11,0.002005495457396818,0.0014967397939696925,0.003298319219714907
2017-10-12,0.0033620816495046426,0.00423956092120669,0.002628955925271903
2017-10-13,-0.005333077672873385,-0.0062289399749695384,0.0020572713681494825
2017-10-16,-0.0019205586430086315,-0.002293375633689676,-0.0019255292017342773
2017-10-17,0.007605650335788572,0.005587719662619705,-9.71010233935532e-05
2017-10-18,-0.0024719371465072287,-0.0020893187859498895,0.007945168371636502
2017-10-19,-0.00015087266570110847,0.00026484564580331327,-0.0032731937852419346
2017-10-20,0.0028141164356322154,0.0038055899859649705,-0.0011192368839427758
2017-10-23,0.005241636900602631,0.004191368019775236,0.0010058953104905566
2017-10-24,0.004143034744133399,0.004137105329159984,0.007275872595909227
2017-10-25,0.003945151018542341,0.004843081330427568,0.004432489771177384
2017-10-26,0.005749449646754784,0.004987796295574591,0.0041815964495404145
2017-10-27,-0.006748288647983111,-0.00834170040572518,0.007108909800229268
2017-10-30,-0.0002297348199906912,0.0010729382472895713,-0.00304577110222104
2017-10-31,-0.003286863302916061,-0.002726542920149518,-0.0007481819179394611
2017-11-01,-0.0008228396142269936,-0.0016653913295043472,-0.002520765114607415
2017-11-02,-0.0019972037297459303,-0.0019310236852968807,0.00012760782861520603
2017-11-03,0.008966015077977176,0.00960288933372159,-0.00110829520180733
2017-11-06,0.008989434944169823,0.009661022821132067,0.007060385202995567
2017-11-07,0.0007361497129977027,0.0013089333823547821,0.008296670637595094
2017-11-08,0.00491138510618187,0.004665916596062747,-0.0015391256089288818
2017-11-09,0.010419940045798106,0.010424307014101833,0.006889805114117742
2017-11-10,0.004509391658229866,0.004932067871250978,0.008834858558845804
2017-11-13,-0.008609278707743003,-0.008714172420897915,0.00393004710706224
2017-11-14,-0.006245707589944608,-0.008010918217004141,-0.0069572463645236615
2017-11-15,0.008490967543006024,0.009124870093942672,-0.006264407771963909
2017-11-16,-0.00025198446223284517,-0.003487444029449516,0.007693308490869466
2017-11-17,0.005591211539053399,0.005684182640902276,0.0038586994915967843
2017-11-20,0.016418084374194748,0.01612737125718772,0.005576519407403779
2017-11-21,-0.0007337851430717533,-0.0016289157361081572,0.017826503500384838
2017-11-22,-0.027750020567427803,-0.027654775036761215,0.0023401379898997376
2017-11-23,-0.0011057707221554516,-0.0022239254437939502,-0.02960802541412677
2017-11-24,-0.013809688403023181,-0.01433079580185188,0.0004387675507020461
2017-11-27,0.0019647040230844895,0.003602214557170232,-0.013218166756006067
2017-11-28,-0.0028905573398747293,-0.003246931517420289,0.0014494006098841883
2017-11-29,-0.010201178744157225,-0.01033226515920512,-0.0005103776794828097
2017-11-30,0.0006899921551465512,0.0016287583913891254,-0.01175454825778599
2017-12-01,0.002944360440084781,0.0028279013439025317,-0.0019869698709468198
2017-12-04,0.0011866724405090005,-0.0020524830050247782,0.005182409820566614
2017-12-05,-0.004358898589240616,-0.0024278749775612654,0.005302498718542159
2017-12-06,-0.010111811595266189,-0.010385405475941134,-0.006026974112475436
2017-12-07,0.008799081822588305,0.010151318132518513,-0.01114591789472641
2017-12-08,0.017526858074641646,0.01769573988333589,0.008138884831757842
2017-12-11,-0.01182639784016335,-0.011109219666172909,0.016516043942868208
2017-12-12,0.008911485919686931,0.009156416475767577,-0.013141663595036213
2017-12-13,-0.004277327540608547,-0.004088731762832087,0.008483523488428846
2017-12-14,-0.009692742212478388,-0.008895992881504881,-0.005910979756005408
2017-12-15,-0.0011226215656938985,-0.002896814120324683,-0.011248959924493596
2017-12-18,0.0121688855848746,0.011843592119431178,0.0011128248669884933
2017-12-19,-0.001748944836026359,-0.0018132323393274272,0.012556175334793584
2017-12-20,0.008779363943243936,0.009075243617128578,-0.00119940624434689
2017-12-21,-0.0030236287324405787,-0.003055548038395998,0.009269344422142334
2017-12-22,-0.002940114134924011,-0.004077568216495534,-0.0032572489152746797
2017-12-25,0.002637318616413694,0.002885928679905218,-0.0032210329009026983
2017-12-26,-0.015069227057327937,-0.015342860134091718,0.0029889596539933727
2017-12-27,0.006107831799532549,0.005472090588764145,-0.015396115077387584
2017-12-28,0.002898015437921786,0.00318051342102712,0.006937745696167452
2017-12-29,0.014463906530870188,0.013756701740626006,0.0029734504466396583
2018-01-02,0.0048553742361974826,0.00584010092475001,0.014029299031221854
2018-01-03,0.0025682363580543815,0.004105099442121962,0.005869256740226092
2018-01-04,0.0030052359561069672,0.0028805839812259555,0.0042370098677089185
2018-01-05,0.004898365631216925,0.004500941768643936,0.0024074733397758674
2018-01-08,0.00503878679480567,0.006898608109322716,0.005173059498640775
2018-01-09,0.0016002631819218125,0.0037638271510620344,0.007004538286988993
2018-01-10,0.000128557953119453,-0.00018729241002715113,0.004418399255245564
2018-01-11,0.0029435963023952383,0.003730444122414219,-0.000527590361732222
2018-01-12,-0.0032229719604915004,-0.0038752252368183878,0.004615285845743333
2018-01-15,0.007734640380259063,0.008545650787013562,5.680473372771111e-05
2018-01-16,0.0056710948796330025,-0.00029734993359020745,0.007864642008501344
2018-01-17,0.000814502658084177,0.0022388839924053568,-0.0024304503730213645
2018-01-18,0.0016199674870335263,-0.000988790081580837,0.005484779149364849
2018-01-19,0.01238362798614347,0.014582340195135705,0.0032729162667215483
2018-01-22,0.005532907072376204,0.006846866347753851,0.011947542819807033
2018-01-23,0.008006937975912542,0.0045252034740796455,0.010609694230502953
2018-01-24,-0.008056849647123557,-0.007283601792540232,0.0016611106167330192
2018-01-25,0.004800029140794434,0.0038592867731899777,-0.005651622250215982
2018-01-26,-0.01778568264830961,-0.019013637302621466,0.0037158540049666566
2018-01-29,-0.009651824739723888,-0.009734339791093564,-0.018095085933398702
2018-01-30,-0.005167267800257757,-0.0020527966367404876,-0.010674055443721797
2018-01-31,-0.011575204803210606,-0.01217686176001011,0.004652146331147966
2018-02-01,0.004159140388667557,0.0033550057084998325,-0.007016066792955855
2018-02-02,-0.0018501874095897997,-0.003527599710182157,0.005965755199133227
2018-02-05,-0.0335316981440734,-0.032038178609781774,0.0006836438215689356
2018-02-06,-0.014515816813315013,-0.01885362150812242,-0.029306411801176657
2018-02-07,-0.006690699344279933,-0.0030837542135951986,-0.023714776723412823
2018-02-08,-0.04392744021569793,-0.04003752640540823,-0.009492655227749669
2018-02-09,0.016843916351864947,0.02033138971571073,-0.042721302077491585
2018-02-12,0.011258415688531165,0.010284543135932944,0.012875424732792684
2018-02-13,0.006167436373174342,0.006762907939652182,0.011704069304131037
2018-02-14,0.01933090723235485,0.021309656937252428,0.007960606052906272
2018-02-22,0.0018823406855565505,0.001909499492484031,0.021621090205094173
2018-02-23,0.01780846551950507,0.015654993038277096,0.004530279589313846
2018-02-26,-0.01005733706396009,-0.011205080280458619,0.011625879064329103
2018-02-27,-0.005748623508149115,-0.005128675909181394,-0.014432719343826061
2018-02-28,0.00762428860632344,0.008136901729674547,-0.008706620875195248
2018-03-01,-0.005455480711306161,-0.00726220236338199,0.006325118549373343
2018-03-02,0.0015862454085377473,0.0002028288918186183,-0.008058600821419182
2018-03-05,0.011889928208497004,0.01170732806805342,0.00040831976417043947
2018-03-06,-0.0074118915470264,-0.007481962519578348,0.012060426569771687
2018-03-07,0.010173733882320918,0.010979968266937574,-0.007355110953729871
2018-03-08,0.012937097072814518,0.012122840628202524,0.01014455055553487
2018-03-09,0.009258465165218183,0.007175357021469031,0.0076687267019814875
2018-03-12,-0.010781842586267014,-0.009760790329789508,0.004575467220914842
2018-03-13,-0.007208004369123919,-0.006247904727846783,-0.008823379775999562
2018-03-14,0.0028962514563732273,0.004146716567701284,-0.004377635197066909
2018-03-15,-0.007203947035038049,-0.00882099996840906,0.005602282156657701
2018-03-16,0.008307328242909648,0.006040108574728957,-0.009701769462130305
2018-03-19,0.0031253898026594915,0.0017991009855307179,0.004395501452019168
2018-03-20,-0.007806300909482568,-0.0073367152002141575,0.0008467816162482933
2018-03-21,-0.00837893603104141,-0.009199102441188807,-0.004083184147926411
2018-03-22,-0.03788564430095134,-0.035862219212274477,-0.010022038635328356
2018-03-23,0.003785365096146044,0.0036233234048414016,-0.028706455905580297
2018-03-26,0.012650596861493077,0.012363226456700389,-0.006414951318074125
2018-03-27,-0.014873028612088671,-0.015975010767074565,0.008603336692535102
2018-03-28,0.014158400662961812,0.014575849052395477,-0.018028400800353728
2018-03-29,0.006679326465612482,0.005396306261696448,0.013357725777574325
2018-03-30,-0.0023744267885987434,-0.0035723659196021866,0.0011427690964420645
2018-04-02,-0.00561495734488029,-0.006015596807414443,-0.0029703732204694466
2018-04-03,-0.0015812851384244169,-0.0023171525838320568,-0.006287754829016334
2018-04-04,-0.0014964005592115331,-0.0007623782063985211,-0.001972825749259499
2018-04-09,0.016920699650753105,0.014879684698303556,-0.0005006666908785595
2018-04-10,0.0033388162364734447,0.0031693483905610442,0.019268452839786843
2018-04-11,-0.008873726941702744,-0.008122698090145082,0.0028442873621463693
2018-04-12,-0.006350375335188237,-0.006009206470220859,-0.010080389199510487
2018-04-13,-0.013328782220027757,-0.010487750662660745,-0.007053741817659498
2018-04-16,-0.016197494106646126,-0.017875570124187168,-0.01608828407135876
2018-04-17,0.005851196368431912,0.007321785612167971,-0.015810504980492968
2018-04-18,0.010206606064790362,0.0092436516190287,0.004705706602928128
2018-04-19,-0.013552888649653778,-0.014364138965872898,0.012096817018384165
2018-04-20,-0.001517614369912114,-0.003169124412690135,-0.013376741940899994
2018-04-23,0.02142183984460768,0.022595910282308593,0.0014571174069690773
2018-04-24,-0.0036891293952902677,-0.0020268861587438456,0.020486786872100815
2018-04-25,-0.018929181291553136,-0.019274856974217974,-0.003848065169936743
2018-04-26,0.00018853409156223736,0.0018669294841579568,-0.019121372789719704
2018-04-27,0.0008849170937240554,0.0010475016566516245,0.00037012480395381964
2018-05-02,0.00932626010921269,0.009355912023579157,0.0018020272140713
2018-05-03,-0.0038955086116369358,-0.0032739534602916824,0.007798280924102841
2018-05-04,0.017498451072624,0.017820973411354194,-0.004851041392037958
2018-05-07,0.010448770336539182,0.009757698360919538,0.015787103269220726
2018-05-08,-0.0020076286668258845,-0.001984148394235263,0.011603493827901046
2018-05-09,0.006309668513300701,0.006708813053218798,-0.0018202068745036826
2018-05-10,-0.00661295641125264,-0.007630926056780218,0.005537733558562019
2018-05-11,0.007348490005752635,0.006151969569671989,-0.005193857787961109
2018-05-14,0.003945420179770452,0.0049471883609408275,0.009411697875460812
2018-05-15,-0.0065216575103467875,-0.005755063948863063,0.0037884117064734824
2018-05-16,-0.007088922388356122,-0.007285880869410133,-0.0079661578451109
2018-05-17,0.00841924609792525,0.007428656721306452,-0.007395628898182349
2018-05-18,0.006091769480004806,0.00695978342355974,0.010095625056611546
2018-05-21,-0.0021816079131263912,-0.0008751684546777143,0.004657883814237929
2018-05-22,-0.012758798959552967,-0.012077814543524428,-0.003832971202986757
2018-05-23,-0.007834429350636803,-0.007642138178360783,-0.013217415346333139
2018-05-24,-0.004523038565389202,-0.005430009754107079,-0.007098049592951794
2018-05-25,0.005220112141304222,0.005072325755233146,-0.0028009887072077966
2018-05-28,-0.008678273452887438,-0.009366926699136939,0.004391458142277038
2018-05-29,-0.02004346330990594,-0.019659881866114507,-0.007630580758936301
2018-05-30,0.01876917512254126,0.019082617422662138,-0.02119868244300105
2018-05-31,-0.007269271916602309,-0.00877830172638833,0.02122002379564747
2018-06-01,0.007818687976920582,0.006767925356370015,-0.008360553127251924
2018-06-04,0.01120078651504217,0.01269334467999929,0.009810135814289023
2018-06-05,-0.0022601555163145534,-0.002415959826061457,0.009911807499776826
2018-06-06,-0.0008353865298742834,-0.0019668592001733727,-0.0020726493503792076
2018-06-07,-0.01301421948958546,-0.012609305378970885,-0.0016521818442414293
2018-06-08,-0.0010181083200385555,-0.00235490099487492,-0.013414217138561502
2018-06-11,0.012214068994440976,0.012603875078749797,9.524767040081095e-05
2018-06-12,-0.010329981663569373,-0.010844415157331441,0.012161440007619095
2018-06-13,-0.002428502175672867,-0.002530724079304236,-0.009830238241482436
2018-06-14,-0.006412156621090823,-0.007563279640672257,-0.003951598853323635
2018-06-15,-0.041428219066517336,-0.04105137223891915,-0.00528440094663396
2018-06-19,0.004069689269800885,0.00393722771313143,-0.03525042427859315
2018-06-20,-0.013110580504465775,-0.015539650841261883,0.003954577589254216
2018-06-21,0.006382421143898978,0.0066747607874691585,-0.011682217283189966
2018-06-22,-0.011695531973428439,-0.009856178859301783,0.0044336579487165295
2018-06-25,-0.005127563083087499,-0.0032670224538426645,-0.01341683061320631
2018-06-26,-0.01979077801578848,-0.01898492643557602,-0.00824888779041022
2018-06-27,-0.0088499634652094,-0.008976791291821214,-0.020347709360512667
2018-06-28,0.027633924208081348,0.02861531234372364,-0.010328798644796855
2018-06-29,-0.0272191017160058,-0.025041573744810145,0.025543810044018844
2018-07-02,0.0026707919755825423,0.00275116129243127,-0.02934223493155752
2018-07-03,-0.012405334849131961,-0.01401782224867932,0.00038732848977107714
2018-07-04,-0.012182099106445316,-0.012695932907194315,-0.01335472592453546
2018-07-05,0.007336178484686336,0.008851311942402074,-0.006335191378669669
2018-07-06,0.02729233258835734,0.028427189438270117,0.006785462117494978
2018-07-09,0.0033493404443811154,0.0026502643683991617,0.02795145492582729
2018-07-10,-0.016576781179423676,-0.016413255863836098,0.002410976011655963
2018-07-11,0.026008196363808828,0.02592671377295711,-0.017300549095607187
2018-07-12,0.004308653723517235,0.004199310471113016,0.021578680158355068
2018-07-13,-0.0029820983958076886,-0.003421196371530629,0.003340936381447168
2018-07-16,-0.00529520979951678,-0.005332893548131475,-0.005898032748397286
2018-07-17,-0.004767908475457748,-0.005009071529681982,-0.006540729070963036
2018-07-18,-0.0033615059001892364,-0.0028220922446460534,-0.005235723521328506
2018-07-19,0.01784649002601625,0.018191610388190903,-0.0008684704428616463
2018-07-20,0.003572354238479549,0.004557035397879202,0.01882835424724494
2018-07-23,0.014896889166639442,0.014492685334770142,0.009407682463518752
2018-07-24,0.00010976132801680866,-0.0007019791988017869,0.015871800326171748
2018-07-25,-0.010598276124020438,-0.010629926327243038,-0.001105617149350424
2018-07-26,-0.004454574990174514,-0.0044915728850203635,-0.01159946893997621
2018-07-27,-0.008574428366664177,-0.009252536797482058,-0.00424743725698129
2018-07-30,0.0021844105496883768,0.0028062337950934824,-0.0017465487911895172
2018-07-31,-0.01794752969155568,-0.018405699119998467,0.0007339804499471025
2018-08-01,-0.02243528235708963,-0.023659924558968305,-0.019976347913101322
2018-08-02,-0.01485008687764469,-0.015333067795483572,-0.02217039557462308
2018-08-03,-0.012768532145494567,-0.014282118929642772,-0.016517549896765238
2018-08-06,0.024627070310729336,0.025494936301416155,-0.012671629545619179
2018-08-07,-0.0155169311563938,-0.01609095698859826,0.029206267738377756
2018-08-08,0.02416093216136119,0.024856440503600665,-0.016135974377164963
2018-08-09,0.003893217342741928,0.0032906918328941435,0.025047442910113293
2018-08-10,-0.000623538027217291,-0.0011922701612446204,0.0022045427119112837
2018-08-13,-0.004794002673882904,-0.004828031868728133,-0.004311281578375459
2018-08-14,-0.021641097063901386,-0.020992941261985556,-0.005141077296082486
2018-08-15,-0.005931535050544795,-0.006189453824953343,-0.02399411783889871
2018-08-16,-0.015911887353296957,-0.01571155883373616,-0.004632470428131419
2018-08-17,0.009059732444575587,0.008799988059035212,-0.014377138183493954
2018-08-20,0.01743888936380133,0.017084051673951186,0.011651525566475307
2018-08-21,-0.006788444262873409,-0.006585198849451531,0.01818042696457267
2018-08-22,0.005928824862473032,0.006290569064414682,-0.005621270647648613
2018-08-23,0.0010265126369918157,0.0007899088488173704,0.003651808521894395
2018-08-24,0.024370470538292447,0.02399012161369895,0.0015963711171282924
2018-08-27,-0.002046658268592376,-0.001831638631825546,0.024430658009881867
2018-08-28,-0.0038063063947711877,-0.0042571959675905624,-0.0018787225860616985
2018-08-29,-0.011000643233295644,-0.01056067590868143,-0.0039998000099994435
2018-08-30,-0.008636010026910506,-0.007874591294894037,-0.010476676991764577
2018-08-31,-0.0006559983270240166,-0.0008951617386516804,-0.004950628004619428
2018-09-03,0.011851276188746693,0.01143576537200938,-0.0038026690658269358
2018-09-04,-0.017783428342387192,-0.01719183924710134,0.012667754423779654
2018-09-05,-0.0072168216914548,-0.008515934928751911,-0.019548738071880956
2018-09-06,0.0032460139348233575,0.002733556103497866,-0.010690874250334992
2018-09-07,-0.015797981118315763,-0.01599371717967162,0.004523611043004916
2018-09-10,-0.0019696729326507457,-0.0015834679259652356,-0.01451349141455427
2018-09-11,-0.007518176079078427,-0.007906376753327808,-0.0018142021689933063
2018-09-12,0.007620148894095591,0.00787425017818042,-0.006882306053265785
2018-09-13,-0.0028712524698725553,-0.0017673011447450297,0.010790063772243785
2018-09-14,-0.010812680257033965,-0.009985066135877841,0.0017055092273610128
2018-09-17,0.018422223997598994,0.018002754643227464,-0.011464826701294561
2018-09-18,0.011598952780534107,0.01239721654618197,0.020128427542653204
2018-09-19,-0.00012177998029464006,-0.0008177675968936334,0.013167432855268446
2018-09-20,0.026529576423027515,0.02714715920705825,-0.0007094382456648285
2018-09-21,-0.006676324313095216,-0.0070309984848881514,0.03031905091340814
2018-09-25,0.010345368793597782,0.011034327702765046,-0.008998706930675504
2018-09-26,-0.005529977966879255,-0.005630576348072669,0.011077578554943956
2018-09-27,0.009723899936062447,0.009577346146989714,-0.0039944516627452575
2018-09-28,-0.04121901659115708,-0.04129671095967561,0.010362587738241169
2018-10-08,-0.001862776631924094,-0.0028067540374839975,-0.043025886485637654
2018-10-09,-0.004731530784738331,-0.0032818846770732804,-0.0006715488164331651
2018-10-10,-0.05799080488430629,-0.05384315855168441,-0.002155873615330206
2018-10-11,0.01371042070929182,0.01296139467826028,-0.047991833252072125
2018-10-12,-0.014624714100863094,-0.013465296073515032,0.014922649970711577
2018-10-15,-0.013355288015710792,-0.011646143501934204,-0.013965238288974557
2018-10-16,0.007880769648710885,0.006840380896125775,-0.008149818484223359
2018-10-17,-0.019428093429089098,-0.02120401373765084,0.005572449910834498
2018-10-18,0.02497336521486622,0.02614963195933725,-0.023686362543093087
2018-10-19,0.05343772866100746,0.053410263216546384,0.029746517364726666
2018-10-22,-0.02964839035635897,-0.02763818734936255,0.04316496275857684
2018-10-23,-0.0011624524978789382,-0.0009973030334203307,-0.026554382359866402
2018-10-24,-0.0017323659798527387,-0.0009053874950324688,0.0014983838187112575
2018-10-25,-0.004039804927909274,-0.007823710321797421,0.0019164418794304083
2018-10-26,-0.026865199324214745,-0.02930320167650422,-0.006470881035340992
2018-10-29,0.007084530708928385,0.009007168663053585,-0.030485499300487717
2018-10-30,0.010910066272432076,0.012308444546419283,0.010845366587690863
2018-10-31,0.01254969374461709,0.010419481492131056,0.01400526001041702
2018-11-01,0.0430296681329459,0.03886767274418371,0.007359329321267483
2018-11-02,-0.009180149689759302,-0.00783006170872651,0.03563705725158406
2018-11-05,-0.009608597541925305,-0.004651277700739394,-0.008330673960945223
2018-11-06,-0.006988393150523547,-0.006281399129259875,-0.006034620146865954
2018-11-07,-0.0030443923911905725,-0.0035645367640296946,-0.006549188289163399
2018-11-08,-0.009463892553578556,-0.010060664047015895,-0.0028368266028535594
2018-11-09,0.019063213233516216,0.01733715611907578,-0.014109319994895397
2018-11-12,0.011022937293964495,0.012391295681154386,0.011902356477154985
2018-11-13,-0.008628805017948136,-0.009089654043003888,0.010058842983457827
2018-11-14,0.010709112585765146,0.012762005854838051,-0.010020448634389556
2018-11-15,0.007949226842696638,0.005055173647491839,0.01167884578182421
2018-11-16,0.007104261150027368,0.00761096817329412,0.004718770528965077
2018-11-19,-0.024659105455139066,-0.02385472672148705,0.011336323200324072
2018-11-20,0.0016926904278589951,0.00225097026857816,-0.02312572087658593
2018-11-21,-0.0008753497705586499,-0.0021457500338657085,0.0025105564548955073
2018-11-22,-0.02927009158510852,-0.02506567338628,-0.003737807958493544
2018-11-23,-0.0013789111828390118,-0.0012563405945761478,-0.02207234253040191
2018-11-26,-0.0011594440244531124,-1.0077184311755676e-05,-0.0007125860511281168
2018-11-27,0.016434254953357368,0.014401142532756461,-0.0012733824858972564
2018-11-28,-0.014820363185302433,-0.013757689983000813,0.013288750621565537
2018-11-29,0.010210270072995813,0.0097706306051155,-0.012985501410851974
2018-11-30,0.032946687618073324,0.030330425742946896,0.011167593581183466
2018-12-03,0.0012871158510997733,0.0019972903871500634,0.027818664918413116
2018-12-04,-0.0035633199701505863,-0.0034305132916370605,0.002073015532283673
2018-12-05,-0.022843325641048677,-0.0216284763838498,-0.004807648169513179
2018-12-06,-0.0007981448877158283,-0.0029094381487706563,-0.021626691266912634
2018-12-07,-0.01206273756679183,-0.011293563406487432,-3.4573038687257807e-05
2018-12-10,0.0038865825880238358,0.00497001222072666,-0.011566652836973002
2018-12-11,0.0025469738491476924,0.0029198033953182546,0.0047889187092178265
2018-12-12,0.014148300415933441,0.013590124005415437,0.0034147514731852624
2018-12-13,-0.018706401063282238,-0.018030942077494012,0.015479671104298598
2018-12-14,-0.004783140932128796,-0.004131301491928485,-0.01670347145222062
2018-12-17,-0.00934931982773288,-0.00920113915581704,-0.0014877239087656147
2018-12-18,-0.012890121483966604,-0.012530893511533329,-0.010366316588637181
2018-12-19,-0.004142969210131172,-0.0029733061506379923,-0.011922913410240876
2018-12-20,-0.013586431990582,-0.01200089118283459,-0.007670334149647573
2018-12-21,0.006064287559502854,0.005547213367377846,-0.012394781281989453
2018-12-24,-0.006692684209692306,-0.00713438904867066,0.002904865649963506
2018-12-25,-0.005961246110576938,-0.004874134810587857,-0.0068856559805146045
2018-12-26,-0.006799249655636388,-0.005214101413250005,-0.005054221020256655
2018-12-27,0.0027624594084404742,0.0033013075779581456,-0.0038374033570617305
2018-12-28,-0.012132998312444314,-0.012965611104275188,0.006734637235789265
2019-01-02,-0.004519860243017525,-0.0045501151190187866,-0.013654858585355312
2019-01-03,0.026369916291623666,0.025947333721285038,-0.0015827367201654008
2019-01-04,0.011402787482318034,0.008701644203981385,0.02395744795671928
2019-01-07,-0.0014577219999076774,-0.0012051026843626171,0.006070747429896661
2019-01-08,0.007331314637322299,0.008118887375875294,-0.002160887928494337
2019-01-09,-0.001391523286769961,-0.0015769982549883007,0.010099419234176565
2019-01-10,0.005829927001677469,0.007172345329127657,-0.0018807983160520347
2019-01-11,-0.007702199664477823,-0.008501821912568874,0.007189140459987975
2019-01-14,0.01798240163282032,0.01971614616760555,-0.008724368129560123
2019-01-15,-0.0003934608228056144,-0.00040735358904248433,0.019626570353806105
2019-01-16,-0.007771518891716618,-0.00655481505899443,0.0002109981170017594
2019-01-17,0.015835171109495408,0.016459435252680434,-0.005507167628210241
2019-01-18,0.004230019623767135,0.005262274673000593,0.018239260530561685
2019-01-21,-0.013634824416989695,-0.013569829062499624,0.005514224299832282
2019-01-22,-0.00019697054171615696,-0.0010887366610609665,-0.013284614708504283
2019-01-23,0.007759562670246075,0.008430141724985508,-0.0007221663718616211
2019-01-24,0.00433970903491269,0.004828878910552925,0.005644609286703517
2019-01-25,-0.0004575137067731113,-0.0008281117194625025,0.00813288674741508
2019-01-28,-0.0028688309644894173,-0.0012001951543412141,-0.00021667655842250166
2019-01-29,-0.007920826527429137,-0.007815509930836047,0.003200598031270818
2019-01-30,0.00467649237562921,0.006406529816857646,-0.00798066356290128
2019-01-31,0.02331508253850591,0.02082226134467359,0.010462429934858353
2019-02-01,0.023437613483403747,0.022102526840244902,0.014295843054943802
2019-02-11,0.007827980130539616,0.008048756096000531,0.0181899365646363
2019-02-12,0.019375507791267132,0.019835927495103094,0.0072191793665148385
2019-02-13,0.003221809603079623,0.0027134117916277844,0.020024982434226013
2019-02-14,-0.013350340899458937,-0.014503972019401975,0.001504255187619652
2019-02-15,0.03625373419591077,0.0352679075718566,-0.018647086833581183
2019-02-18,-0.0018942736651084986,0.00046863552444081544,0.032060382783718255
2019-02-19,0.002638218555241635,0.00202515848056893,-0.0017790082826909526
2019-02-20,-0.0016296496897437085,-0.0032057886172274378,0.0035818014251614017
2019-02-21,0.027286803216827214,0.02796492306811791,-0.0026709695735428474
2019-02-22,0.06406785913232615,0.06778815328429565,0.022485193350587185
2019-02-25,-0.015461910862247845,-0.014935003883571319,0.05947524516209679
2019-02-26,-0.00594990613776237,-0.004777931367183896,-0.012009717172367207
2019-02-27,-0.0018298845796358076,-0.005107395325878649,-0.0017097774846731584
2019-02-28,0.017759114010250012,0.019057084182588478,-0.002452159776423879
2019-03-01,0.019029533453585924,0.0173823300806473,0.021894766676568533
2019-03-04,0.01720132823578526,0.013020113910828031,0.011838248824575626
2019-03-05,0.011165180868269257,0.009795134640095515,0.005774755541498644
2019-03-06,-0.005734828648744843,-0.006853425068127228,0.008406686565286758
2019-03-07,-0.033043014425160624,-0.032616794820437556,-0.01019726669594534
2019-03-08,0.02911032758788316,0.02712480756500503,-0.0397153996613151
2019-03-11,0.011685584691355545,0.012445692831792095,0.019786306793016184
2019-03-12,-0.01931431952063924,-0.016026383077645583,0.00680974275794588
2019-03-13,-0.015035649464442757,-0.014483417875578216,-0.008297495572982538
2019-03-14,0.013496550500095949,0.011857752887801509,-0.006900829442106904
2019-03-15,0.03014206844542423,0.03175612488888138,0.012575402393949942
2019-03-18,-0.0036462789618628894,-0.004607102484963751,0.02850467289719627
2019-03-19,-0.0020600714035925822,-0.0009558532011030074,-0.004618679820860616
2019-03-20,0.005086006663143088,0.003766562479370054,0.00038602385001418327
2019-03-21,0.00018899499759365615,-0.0004152603302116346,0.00037805310472838194
2019-03-22,-0.019563166274065742,-0.02176941175347747,-0.0008053397413008145
2019-03-25,-0.018232798602104333,-0.01585906566205048,-0.023728415671135705
2019-03-26,0.012046742922918713,0.012758609989561027,-0.011325654651693995
2019-03-27,-0.006241689216162634,-0.004932573802466774,0.011606727848580078
2019-03-28,0.04020457634103249,0.04126319400012076,-0.004004391741175728
2019-03-29,0.03335593172406556,0.03160741603175198,0.038606372706791126
2019-04-01,-0.004135304486067145,-0.003500529177005074,0.026234783102723425
2019-04-02,0.011346595952846955,0.012414124719678555,-0.0006643297692712213
2019-04-03,0.008468595133177747,0.009326055865293099,0.012809439753833196
2019-04-04,-0.006275094665187066,-0.004900086731640929,0.009962308809197129
2019-04-08,0.0063363044463584555,0.0030548978476185947,-0.0012308510350226287
2019-04-09,0.0020205133671749404,0.0004239052576754017,0.00448581914261692
2019-04-10,-0.02074567790098997,-0.020699641644809485,0.002556785418961871
2019-04-11,-0.0028788732423801083,-0.002179138601455732,-0.021603827844879242
2019-04-12,-0.005924302302760026,-0.006151371509460405,-0.0022413560203923266
2019-04-15,0.027400759070744417,0.026378326328453768,-0.0032843439585621415
2019-04-16,-0.0003851616386550754,0.00026113858890030407,0.027737251982130617
2019-04-17,-0.005417980339280053,-0.0052625057969727974,0.0003548885282895764
2019-04-18,0.013600567350796941,0.01198458812311897,-0.0037091044323308564
2019-04-19,-0.020552126456476888,-0.01959320567055834,0.011917742284041521
2019-04-22,-0.0040714477582975426,-0.004534992296455242,-0.023054838968016744
2019-04-23,0.0075566189041210985,0.007644720695169083,-0.0016395030815204992
2019-04-24,-0.024168800315364943,-0.024599558677321724,0.0027568978430010382
2019-04-25,-0.010878835352879706,-0.010097478635529107,-0.021902736663449218
2019-04-26,-0.0641501364054031,-0.06503692684643149,-0.013331405289942255
2019-05-06,0.009418886650927296,0.009652362131772245,-0.052619129039639834
2019-05-07,-0.01293145083979116,-0.0127672804982882,0.009783912588001042
2019-05-08,-0.015473840822453103,-0.015441176449746585,-0.014301187689313988
2019-05-09,0.03874060454829358,0.03885209945235076,-0.018476002464921315
2019-05-10,-0.017991400375643413,-0.017307573241187257,0.03632247131705424
2019-05-13,-0.005691465524490751,-0.0058033539544546965,-0.01654492085405246
2019-05-14,0.022937810553087738,0.023991182615300533,-0.006427292278254337
2019-05-15,0.0037345790600301276,0.005554281045490702,0.022479184670040953
2019-05-16,-0.024956356533621892,-0.02506192671387426,0.004526319461027217
2019-05-17,-0.009769696142513735,-0.010103030593583558,-0.025427622089979507
2019-05-20,0.01353451267122183,0.01349999296519652,-0.008487815038533686
2019-05-21,-0.004105920833399956,-0.0052297433635954,0.013541416168434406
2019-05-22,-0.018673930893572752,-0.01840949238110088,-0.004745307872302207
2019-05-23,0.00025671041191718314,-0.0003964629737508959,-0.01792633269212851
2019-05-24,0.01708413395816135,0.017382934067899126,0.0027762586636010944
2019-05-27,0.0033978023937165404,0.0024880115851883358,0.012045376762356286
2019-05-28,0.0029144328323679114,0.003293307721630967,0.009639282964918117
2019-05-29,-0.005117998258328946,-0.004744778383433782,-0.0022738041424082978
2019-05-30,-0.0021213145010537185,-0.0026876108015149317,-0.006203755004899114
2019-05-31,-0.0025162620466927057,-0.002728474713411629,-0.003128106822513521
2019-06-03,-0.009633404562414537,-0.010281846307538782,0.0006116056300777828
2019-06-04,-0.0009754221761292955,-0.0008021755574890636,-0.00923455607225765
2019-06-05,-0.013979640669362728,-0.01456181610929305,-0.0003807173604336578
2019-06-06,0.012499801705745063,0.012615013693072157,-0.009012815879458458
2019-06-10,0.03446262396375039,0.03551768828414736,0.012921215929620589
2019-06-11,-0.008704282574495951,-0.00919077631499919,0.03006032004519854
2019-06-12,-0.00044314590347743906,8.389621746468142e-05,-0.00757673528209768
2019-06-13,-0.01004834213697814,-0.010967851574624498,-0.001546964319579569
2019-06-14,-0.0011116659535625958,-0.0015079531507697548,-0.008278635368305642
2019-06-17,0.003904754935143983,0.003402259289495069,-1.6416407652264375e-05
2019-06-18,0.015594725516032313,0.015416752618649943,0.003502224459754455
2019-06-19,0.028661358630160755,0.02847213990343418,0.013174756381522768
2019-06-20,0.00703687729822957,0.0067903722561181825,0.030296506402148538
2019-06-21,-0.0020952509497270387,-0.0013081307768492664,0.001415690658531199
2019-06-24,-0.010572729134185574,-0.009984253605245257,0.001911871338622806
2019-06-25,0.0015951843527877436,0.0006452360312455182,-0.010402809487487175
2019-06-26,0.011849196554384987,0.011722112589996092,-0.0018362090963378597
2019-06-27,-0.003261367840176924,-0.0034452312699647806,0.010671185690227292
2019-06-28,0.03350862960461351,0.03282432113463247,-0.002406892631205637
2019-07-01,-0.0019931705906913602,-0.000820963158323614,0.028811242187479547
2019-07-02,-0.011632499463718686,-0.011093694919284048,0.0003455451355629524
2019-07-03,-0.006206483087785624,-0.006765481366101689,-0.011084103556615488
2019-07-04,0.006441323032031243,0.007955700544212085,-0.005247166453064556
2019-07-05,-0.02635413711350737,-0.02436860484712829,0.005189641372543852
2019-07-08,-0.0006716970661521584,-0.0007308807104053387,-0.023222541867872204
2019-07-09,-0.0020244380838771166,-0.001835043511781187,-0.002540240192069443
2019-07-10,-9.173406873221591e-05,0.0004162921628016199,-0.0016846245712645036
2019-07-11,0.0077054969749300265,0.007870512826319306,-0.0004014006770995948
2019-07-12,0.007872963024155178,0.006212630658584262,0.006210999624856717
2019-07-15,-0.003052856819231022,-0.0037991309957743358,0.004059095814090252
2019-07-16,0.0007535762026279354,-0.0001754372918452744,-0.00453690846950594
2019-07-17,-0.012750086551463502,-0.011549405840729292,-0.0005779071355770382
2019-07-18,0.009142712907981788,0.009099759929860163,-0.00952521132091333
2019-07-19,-0.010817828091985488,-0.009299655409173309,0.01049782401019006
2019-07-22,0.004918159626883499,0.003822073686079171,-0.00690133299719542
2019-07-23,0.010593216186292697,0.009310635256673534,0.002176281441052641
2019-07-24,0.00803948125183805,0.007932785601403062,0.00789464657472072
2019-07-25,0.0017526509969383356,0.0018020172529311872,0.008178374430275692
2019-07-26,-0.0008557009399667992,-0.0005237679494342581,0.0019475106918336316
2019-07-29,0.004183331596764204,0.00437398893174407,-0.0011144024858951163
2019-07-30,-0.007112983651999087,-0.007568528547255833,0.004164212678406054
2019-07-31,-0.007104065493970581,-0.007197533028244189,-0.00903284482936817
2019-08-01,-0.016025884899656864,-0.01447230040529471,-0.008314734470818985
2019-08-02,-0.016543986409609697,-0.016931878914386057,-0.014731284853041982
2019-08-05,-0.013357319904321551,-0.011993751157857073,-0.01914640394509315
2019-08-06,-0.005849571412197214,-0.004898383771059822,-0.010708193563657487
2019-08-07,0.012026141089969841,0.011958512940042073,-0.0040975379022256675
2019-08-08,-0.009330375200468125,-0.008429669630486414,0.013215773879379222
2019-08-09,0.02100863558426148,0.019501477530534026,-0.009745754628279535
2019-08-12,-0.009137661504342164,-0.00873296914776093,0.01804581219915602
2019-08-13,0.005596951520990086,0.005475623565290337,-0.009015706523208378
2019-08-14,0.006030928421532012,0.0051910517226429215,0.004542044602059647
2019-08-15,0.006003103542607184,0.006044995284267977,0.0031501194872909366
2019-08-16,0.030659672873565753,0.027153234241552287,0.004477531131564794
2019-08-19,-0.0027653102655351455,-0.00285939269519521,0.021708430578837534
2019-08-20,-0.0005464229550603074,-0.0013759337254586408,-0.0008862886399426673
2019-08-21,0.002694503795144303,0.0032607893775451627,-0.0015761419108542007
2019-08-22,0.004111420520843347,0.005905110112690208,0.0031070189541377857
2019-08-23,-0.012529689735163399,-0.012394216531462244,0.007209681798650891
2019-08-26,0.016731135674811992,0.016611235115493627,-0.014381579016242485
2019-08-27,-0.004560557319847249,-0.004315883198412718,0.013553165104848386
2019-08-28,-0.0007105564716604253,-0.0015998856583388473,-0.0037647860202517647
2019-08-29,-0.0029331396661513884,-0.001153854570585433,-0.003258314092011161
2019-08-30,0.01968292128708781,0.017165185750338704,0.002480086750268562
2019-09-02,0.0050873585096196895,0.0030780455820313673,0.012825067967859649
2019-09-03,0.008832066844498975,0.007910650753414144,0.001374625810743435
2019-09-04,0.011784778823699018,0.010272649465888668,0.00840510586177623
2019-09-05,0.005141952086429088,0.00513956342731472,0.010118373648996482
2019-09-06,0.014578841626100597,0.010236643686199247,0.0059077985998594595
2019-09-09,-0.001800992385861414,-0.0018750602328585942,0.006189676612190276
2019-09-10,-0.008889749448813693,-0.008972825519139154,-0.003445802237631912
2019-09-11,0.007842226850799933,0.008089834441119681,-0.007365012653879788
2019-09-12,-0.001532188342665367,-0.002023360183004708,0.010757995979746138
2019-09-16,-0.019537175925496326,-0.0176399907981609,-0.003690482783620941
2019-09-17,0.002124059099541474,0.0035169062729697147,-0.016802603519197934
2019-09-18,0.008750362689930834,0.00692289881190659,0.004846808969937388
2019-09-19,0.0006750222828574839,0.0013219974536462656,0.0036572141746460396
2019-09-20,-0.006906835897157355,-0.008869012841979369,0.0028717912128795042
2019-09-23,0.0013986814052273865,0.001941884588678692,-0.011431402690788128
2019-09-24,-0.012160485033852652,-0.009750351240503215,0.0026782088386032576
2019-09-25,-0.016452055763839804,-0.013487305394511684,-0.007715812031539926
2019-09-26,0.006505367951219858,0.0052217771788643985,-0.007708642255966236
2019-09-27,-0.012536846659556684,-0.010689267122036638,0.002996506245541708
2019-09-30,0.001831668765326639,0.00386379784950448,-0.009894488209414298
2019-10-08,0.004192478228219486,0.002274590831465262,0.006068899707172282
2019-10-09,0.011135441519034195,0.011112727881790777,0.0014487919784869074
2019-10-10,0.00817687561675754,0.008525020916083441,0.008170189735743794
2019-10-11,0.012787182689827618,0.010902074443979304,0.009572502219561185
2019-10-14,-0.010506586285376977,-0.007310217915985725,0.010611673096047047
2019-10-15,-0.0045410721864081885,-0.003320696675147472,-0.004297740587467458
2019-10-16,0.0014181420700342074,0.00047431235093600146,-0.003444903143855149
2019-10-17,-0.01433693882039692,-0.012159995859361153,0.0006449655720945913
2019-10-18,0.0025156529395622966,0.0017052297359312055,-0.014225954214031278
2019-10-21,0.006764874039131077,0.006490722382716048,0.0029617147966858326
2019-10-22,-0.006462518428532963,-0.007518533871678808,0.0038754496449222575
2019-10-23,-0.0005390990965260829,-0.000172816681383788,-0.006365699148844439
2019-10-24,0.00900466174786824,0.008819680978939733,-0.00010591359517242438
2019-10-25,0.015423005096604896,0.01092620830606393,0.0067481857146178825
2019-10-28,-0.009766661519633136,-0.0050810874208429,0.007644753758863088
2019-10-29,-0.0060573040027153005,-0.006130681863261422,-0.004163928915239201
2019-10-30,-0.004985625356378193,-0.002831465923895915,-0.004859049211938915
2019-10-31,0.014121274210599569,0.01564859262339276,-0.0011513069132382814
2019-11-01,0.00569364874179627,0.005492210083409417,0.016888145622949713
2019-11-04,0.006829471314926149,0.006505250332215621,0.00650998509762446
2019-11-05,-0.007731744868286593,-0.006349330744629482,0.006206449277548209
2019-11-06,0.004930040235029743,0.004332486832215432,-0.0044793532543387915
2019-11-07,-0.003137554012762428,-0.003298230497894483,0.0017566400995763232
2019-11-08,-0.018468254759398096,-0.018487247712285566,-0.0047270960048898525
2019-11-11,6.133663689455624e-06,0.0002897204445572547,-0.017626434365883847
2019-11-12,0.00046639146006612677,0.0001649380781050628,0.00018191228240982404
2019-11-13,0.004543404183551971,0.0029181942086090374,-0.0009503828428999439
2019-11-14,-0.006185758370464236,-0.006643831284321859,0.001507700039487414
2019-11-15,0.005845047267694258,0.005936676388503814,-0.007365855407003852
2019-11-18,0.013556706349584856,0.013086194514338035,0.007954419422814496
2019-11-19,-0.009676431058150053,-0.008754386459787692,0.010007855821368317
2019-11-20,-0.002773521095374209,-0.004631062584570992,-0.009926425878633016
2019-11-21,-0.013578627015684696,-0.013881560267172074,-0.004672634127118269
2019-11-22,-0.001532896158765654,0.002067564056550708,-0.010183566433566438
2019-11-25,0.0013440645971002764,0.0012909323510077897,0.00732988916854338
2019-11-26,0.001892010898419903,-0.0005628825223898367,0.0034655163077812468
2019-11-27,-0.002447642447146969,-0.002366733673744159,-0.00411907545642598
2019-11-28,-0.005263275099641512,-0.008006234973249475,-0.003436869455725744
2019-11-29,0.00465784682879247,0.0030040955670874356,-0.008707246977189831
2019-12-02,0.004492592817840603,0.003918190509219096,0.00193017418581376
2019-12-03,-0.0005766653890093625,-2.5128077817693218e-05,0.003918082616017449
2019-12-04,0.010367999008059469,0.009992285758299942,-0.00032977676450041127
2019-12-05,0.0061218634892839414,0.005478309321801223,0.007673086014410968
2019-12-06,0.00019217595443499783,-0.0022608608552091127,0.0059365462344302955
2019-12-09,0.00374141692457898,0.002459217814573663,-0.001778397341116622
2019-12-10,-0.0019490793417487897,-0.0015004057329872273,0.0012655790730211613
2019-12-11,-0.00023191646413002609,-0.0012787169676077292,0.0006076331024156278
2019-12-12,0.018049162176031166,0.018671534092526355,-0.0030055729934020947
2019-12-13,0.01176555736244934,0.008248803328797879,0.01984055594676959
2019-12-16,0.012910280149767358,0.013633077055819894,0.00487120169748656
2019-12-17,-0.0016406642976411897,-0.0028941875743647557,0.013604845080312566
2019-12-18,-0.0018456028005183803,-0.0002931517257493743,-0.002231678954921046
2019-12-19,-0.006647980593129863,-0.0039173109848739856,-0.0013960592940850391
2019-12-20,-0.01825568920342743,-0.016251063578250992,-0.002458314192418931
2019-12-23,0.010447821203697366,0.008679362390879023,-0.012483664198145505
2019-12-24,0.0042077995515073284,0.0017568922132015737,0.0065186156134204865
2019-12-25,0.006775914818162813,0.007363900524658614,-0.0005234212213496292
2019-12-26,-0.006441278523066443,-0.004349128252524352,0.008800086196744106
2019-12-27,0.01351957747336895,0.01526831700250367,-0.0009836090005189702
2019-12-30,0.003329325102676729,0.0047065807180985296,0.01481838772957933
2019-12-31,0.017573961362156776,0.015558273487208736,0.0036627523807890583
2020-01-02,0.0,0.0,0.013586943255105455
