,opt_ret,equal_ret,benchmark
2014-03-31,0.01020471754951329,0.011330564248992956,-0.0026347950947269716
2014-04-01,0.0010899608655091236,0.0020917786287564404,0.007832083119787558
2014-04-02,-0.00447036804125411,-0.003078842060659464,0.00814567913790798
2014-04-03,0.010846579645196164,0.010947136610955572,-0.007208595286899211
2014-04-04,0.018579935981044945,0.017507071609041334,0.009450302769963947
2014-04-08,0.004286803110428891,0.003876137923223103,0.0237248738257676
2014-04-09,0.01615782858791336,0.012284999971166182,0.0005810523304667914
2014-04-10,-0.00643539349193622,-0.004250763726554482,0.015697170578302888
2014-04-11,0.0008733381078887416,0.001944557322512879,-0.0013589824783618587
2014-04-14,-0.01264824591766246,-0.013295046898332512,-0.0009072212166453264
2014-04-15,-0.001179009956196023,-0.00031908205796964725,-0.017257263258118494
2014-04-16,-0.0004478871484302986,0.00021269128191966517,0.0013770150619434318
2014-04-17,0.0020455435325194707,0.0013223398226780267,-0.003462439474497536
2014-04-18,-0.015538609315613794,-0.016955582291999893,-0.00014383315354193904
2014-04-21,-0.0008606193310241593,-0.0005333292222337979,-0.016736495720348188
2014-04-22,-0.00224797939747647,-0.002069332298535612,0.004361641330437704
2014-04-23,-0.003558682799279341,-0.003912677833244877,-0.0011607845993473198
2014-04-24,-0.013003499560597606,-0.013732157361412676,-0.0017181347528073543
2014-04-25,-0.019323019522598864,-0.019423442007457555,-0.010335681383447315
2014-04-28,0.008055896634298594,0.008939450913966671,-0.015158015158015181
2014-04-29,0.005420082673862258,0.004504805493056129,0.011007180428764807
2014-04-30,0.0026411844677465793,0.004165144258561896,8.802531422724691e-05
2014-05-05,0.002835995477715437,0.002932080216307991,-0.0010145182659613283
2014-05-06,-0.012096412272250175,-0.01242743321205345,0.00039879989056190723
2014-05-07,0.00021214361175472436,-0.001425618873353399,-0.009275354257345825
2014-05-08,-0.006760881533056171,-0.005856161726705745,-0.0008515336964048936
2014-05-09,0.019967907144602347,0.021837065997545473,-0.0007445563099977015
2014-05-12,-0.004255909476644248,-0.003604398212848668,0.021622280227376223
2014-05-13,0.0017005318233784695,0.001479252899288868,-0.0023852663929727624
2014-05-14,-0.014684095038494062,-0.015824604125432136,-0.001140308527024847
2014-05-15,-0.005929812740679574,-0.0031109240611327644,-0.013022643472336615
2014-05-16,-0.009810269182685802,-0.009500256190959986,0.0008721689489197271
2014-05-19,0.0040862636752938,0.0025142953163716114,-0.014357277662573664
2014-05-20,0.00988468481008769,0.010316762145962746,0.00029785262441262006
2014-05-21,0.0006411068962205537,-0.0003343865061368031,0.00951899308525972
2014-05-22,0.013589932161469432,0.012527384172564921,-0.002359649985252177
2014-05-23,0.006968692525628714,0.006421907285249162,0.008231379671214123
2014-05-26,-0.004656652688801815,-0.004195603082057607,0.0035235360103518243
2014-05-27,0.013794764527668204,0.014234484585632399,-0.004035287896919204
2014-05-28,-0.0099582906843441,-0.009800316173500665,0.010278119295108024
2014-05-29,-0.0002602013322590859,0.000870678624099841,-0.006541129831516335
2014-05-30,-0.002832766873683442,-0.002835705996447367,0.0006032034744520853
2014-06-03,-0.003234277673471472,-0.007058699880921718,-0.0030327481149662328
2014-06-04,0.01454980447695488,0.013875407366877392,-0.010070142144824046
2014-06-05,-0.0055621927394114345,-0.005024605842263131,0.010492089819430728
2014-06-06,-0.005999368126501912,-0.0051687444729458755,-0.007383985864410025
2014-06-09,0.01530232487280158,0.015326821556331107,-0.0002061160245838689
2014-06-10,0.0015723332740354443,0.0009872239527228186,0.012645950859305977
2014-06-11,-0.002035878302375795,-0.0016678074538181789,-0.00023134545892000702
2014-06-12,0.012216260591113009,0.011657457749602187,-0.003406193162622695
2014-06-13,0.008985830391326553,0.006969111261419573,0.010601789719560939
2014-06-16,-0.009076781701465544,-0.00889060287752311,0.007172922104179635
2014-06-17,-0.005601347845057722,-0.005154301308192071,-0.010119305609416651
2014-06-18,-0.021466899712683365,-0.020904540968867052,-0.00434628307530649
2014-06-19,0.007418442034852714,0.006548762011328321,-0.015428841239862212
2014-06-20,0.005399769549031761,0.004955493109526635,0.004617026578463745
2014-06-23,0.0065659205059924505,0.007285111269264043,-0.0012261727031491754
2014-06-24,-0.006387578070611551,-0.0056698181296214656,0.0050184854576380555
2014-06-25,0.011044145774431533,0.010257112741895209,-0.005338443319253039
2014-06-26,0.000300266801602847,0.0018313483994197696,0.007363935932351184
2014-06-27,0.008966867856009168,0.008320863611354248,0.0005490721611109972
2014-06-30,-0.0004030057731867026,0.0027694130555223945,0.006910792183270731
2014-07-01,0.005770495584227907,0.0047911490953504365,-0.0002586461720366362
2014-07-02,0.004284122603253823,0.003775483009533596,0.002915142107402957
2014-07-03,0.0019438503366138312,-0.0010167995790177592,0.004293209634846917
2014-07-04,0.0008816212992557037,-0.0027249192195895056,-0.0006834266738221517
2014-07-07,0.00010607688965032946,0.004219722515553248,-0.0011061642263734406
2014-07-08,-0.011630166684239026,-0.015350214982434749,0.0019206999067218344
2014-07-09,-0.0007581128381347666,-0.0051692753034390405,-0.014565667035088659
2014-07-10,0.006647596289342139,0.004557470967006427,-0.0027272177259844987
2014-07-11,0.00992099875079822,0.010667816959283507,0.0024080080266934978
2014-07-14,0.001387700697921013,-0.002348252609336164,0.011056745545877433
2014-07-15,-0.0023134413478206302,-0.006046506895752083,0.0014826684348177022
2014-07-16,-0.0041611728831431214,-0.0056375008679750505,-0.001889672548713195
2014-07-17,0.005010673292382993,0.0030528258480100484,-0.0063568983863611095
2014-07-18,-0.0011020884589753972,-0.0002545180740671941,0.003277594143908047
2014-07-21,0.012403280000548692,0.013422992342563469,0.000993466226769213
2014-07-22,0.00440029627192618,-0.005237099538835047,0.012191350188571093
2014-07-23,0.01726554591366917,0.008552185927699796,0.002339581338076435
2014-07-24,0.009824898144653486,0.01033626182754063,0.017826674492567696
2014-07-25,0.028637461265224682,0.025101974655865295,0.010478272336734928
2014-07-28,0.0035685089311653217,0.007182960622854427,0.028069632152889934
2014-07-29,-0.0033387203704171474,0.0005743966040741963,0.0032144240285725267
2014-07-30,0.013969528501940656,0.010994937605900297,-0.004014806744532029
2014-07-31,-0.009998511374693658,-0.012306044431634142,0.012161876994500442
2014-08-01,0.01992202116287142,0.01688564361926922,-0.008871396659929753
2014-08-04,-0.004956089657457272,0.0034836321005110265,0.01984201940413821
2014-08-05,-0.004759238835734028,-0.0007124128256069039,-0.0026393110009176324
2014-08-06,-0.013691895019229697,-0.01094687024508215,-0.002587207461962171
2014-08-07,0.0030391151634917312,0.004909306682386776,-0.015131896310965454
2014-08-08,0.013949883324272588,0.014170219036880998,0.001576826239763518
2014-08-11,-0.00429023923137755,-0.0017425635481484539,0.01467957599962233
2014-08-12,0.0018520006619687824,-0.0007481400497154146,-0.0035089944405689577
2014-08-13,-0.008029566457977705,-0.008518751888628431,0.000784879404340133
2014-08-14,0.01034638153775988,0.012721990788315025,-0.009729111026325898
2014-08-15,0.003795368842785894,0.010037203744773284,0.010569575547421772
2014-08-18,-0.001774032321287434,0.001481894554264253,0.005896705978039929
2014-08-19,-0.001886237649774032,-0.002993121084198485,8.843743683040195e-05
2014-08-20,-0.007819225909142608,-8.475966227953055e-05,-0.0036340361382365405
2014-08-21,0.004300459763502581,0.006114586147571702,-0.005029288207798355
2014-08-22,-0.008895670316144518,-0.009887117892461439,0.00472339268723676
2014-08-25,-0.005079721722146924,-0.011773655094288642,-0.009512294111678532
2014-08-26,-0.0007437960187160531,0.0031415759047154373,-0.008011575595639475
2014-08-27,-0.0034716863223638117,-0.007053820615997432,0.0015059657758520473
2014-08-28,0.008040257009528705,0.009589238384132472,-0.007007247840040587
2014-08-29,0.005304044991285577,0.011379893261856289,0.011686165241770796
2014-09-01,0.014507778530895552,0.013298019592470314,0.007283100043194102
2014-09-02,0.010189486208984428,0.008168212061282074,0.013221133434098142
2014-09-03,0.007155709070080167,0.009092176166201853,0.009377907025468701
2014-09-04,0.010222118070856236,0.006383946726589056,0.007215091081184122
2014-09-05,-0.004622152096568874,-0.0006215246222549384,0.009496253431263701
2014-09-09,-0.006053743918706367,-0.0020471805570551694,-0.001649477801458521
2014-09-10,-0.002658974083147026,-0.00281028390516377,-0.005230613196358647
2014-09-11,0.0069292176666219864,0.008387391776397848,-0.0036917814695592854
2014-09-12,-0.000735319329157806,0.000718284193868419,0.0061523860611938375
2014-09-15,-0.0190168770774824,-0.025078459820786807,-0.00047983070588430987
2014-09-16,0.0037922730401161093,0.0044951678876068435,-0.019871245163487372
2014-09-17,0.0034340100715091557,0.0045003715967954095,0.0052621443761615705
2014-09-18,0.008133657009463847,0.007601786136192112,0.0030524750867226835
2014-09-19,-0.020394345307803468,-0.018164412189882424,0.006871040329477829
2014-09-22,0.008804520925220468,0.01044871246401069,-0.019087006898371617
2014-09-23,0.018135893469778504,0.0166642247344424,0.00863417012762091
2014-09-24,-0.00540975187655059,-0.003552056939444746,0.017670642561242955
2014-09-25,0.0013022796816264043,0.0015153406176912551,-0.0020025718100138423
2014-09-26,0.0048420670095465105,0.007032782805765565,9.437949584945038e-05
2014-09-29,0.0010334441263943474,0.0031834853429488458,0.004349253241424655
2014-09-30,0.013390086510706209,0.010999068165798638,0.0013032110466539848
2014-10-08,0.002304522693394003,0.0014643556615494546,0.011175076193701505
2014-10-09,-0.0017573328547936483,-0.005435870247632908,0.0014444919665264067
2014-10-10,-0.0036922960172059436,-0.004805896679851619,-0.006112104949314245
2014-10-13,-0.0040123067196296686,-0.004841647112872557,-0.004799760011999443
2014-10-14,0.006708579492101552,0.0067748647309241305,-0.0034175848795290342
2014-10-15,-0.011216278308742653,-0.009429713234903254,0.007075240337453437
2014-10-16,-5.040535341238787e-05,-0.004723882535858838,-0.007902202632444011
2014-10-17,0.008023985987165652,0.008941183137684725,-0.001092292587137944
2014-10-20,-0.010289357773284198,-0.008903390872156176,0.00531590306872598
2014-10-21,-0.007357720097645413,-0.006464111137102118,-0.008685343686219649
2014-10-22,-0.011847626448062904,-0.011577732596642853,-0.006061502677334962
2014-10-23,-0.005402631021776135,-6.475422377468945e-05,-0.009385439751265046
2014-10-24,-0.006262709871203859,-0.00320454973641493,-0.0021828593370452065
2014-10-27,0.021513385683126694,0.02003856060524876,-0.009152092892906305
2014-10-28,0.0115805122290123,0.010883878782532148,0.02018718101341177
2014-10-29,-0.00024643291763289094,0.0014385991839158832,0.014371133594024865
2014-10-30,0.013515383853523667,0.010403323122586818,0.007159232758690903
2014-10-31,0.0006266189915293222,0.0016744216531520775,0.015954279789220482
2014-11-03,-0.0016747368748521196,-0.00482993148973914,0.0016863877017285755
2014-11-04,-0.0003786328493194657,-0.0013406603965545288,0.0002467612584824419
2014-11-05,0.0029801264105369187,0.004263437265196227,-0.0038676253496581214
2014-11-06,-0.004279920114067251,-0.005025593252204276,0.001046555753061007
2014-11-07,0.019061494996970078,0.017442275059983366,-0.0015642021172592724
2014-11-10,-0.017086129394623856,-0.015516707683954236,0.025410147273344785
2014-11-11,0.013627258937951765,0.013085984962432835,-0.002775038682947928
2014-11-12,-0.01137981781086072,-0.010083495680454064,0.013956796854542208
2014-11-13,-0.00031570153399195855,0.00016308963774180896,-0.005616115205525962
2014-11-14,-0.0017085368313108607,0.001678823918778129,0.0005194301773427945
2014-11-17,-0.0043974384513041165,-0.004730342641799422,-0.005420190694629068
2014-11-18,0.001609880996134321,0.002240988139118248,-0.010003505901600929
2014-11-19,-0.0016347049956940295,-0.002039146597548463,-0.0016526194017518758
2014-11-20,0.016745090846630055,0.01578438269578486,-4.729585924745372e-05
2014-11-21,0.025212980173810438,0.018520108142218637,0.018272831185211613
2014-11-24,0.014989093830161875,0.013629964689833907,0.02546971890410532
2014-11-25,0.004634278482614346,0.010248012600043552,0.013701939409495267
2014-11-26,0.007336920495927624,0.009651962773875589,0.013948673647209642
2014-11-27,0.012334750422689627,0.013483551866334447,0.011557021248466803
2014-11-28,0.002696671658276601,-0.0030018918220351886,0.019724159463276436
2014-12-01,0.02786571328164622,0.02855969964766682,0.003912675073518335
2014-12-02,0.030164007898636033,0.016232767246381532,0.0369280199729769
2014-12-03,0.0365367652083304,0.03997216696122141,0.014914806733380415
2014-12-04,-0.006851304558543822,-0.010229630477772842,0.04609863355293076
2014-12-05,0.039773409293805975,0.02822858343497933,0.006616521977225398
2014-12-08,-0.05077918268377109,-0.04818910387745185,0.04095824173010887
2014-12-09,0.04721762284681745,0.039620680253251904,-0.04487408081453981
2014-12-10,2.5437979272193135e-05,-0.004170303887016684,0.036898397443118736
2014-12-11,0.0038258680034489578,0.005643889190761563,-0.011963185423165879
2014-12-12,0.0041703311166733864,0.011460508527782385,0.0032107973270583123
2014-12-15,0.014042565797203678,0.014661128048437808,0.007515900827688604
2014-12-16,0.002448126844641399,0.008673682533875285,0.026783910382534026
2014-12-17,-0.008207258134651915,-0.004761911655072702,0.017315493128291948
2014-12-18,-0.0030060447924881994,-0.0008723493285876437,-0.00436529191215862
2014-12-19,-0.008299710222676974,-0.01795271143808173,0.011129939956902923
2014-12-22,-0.012363358973564234,-0.015834118611655703,0.0033430185299585524
2014-12-23,-0.019077542456364508,-0.011627822919244944,-0.020492093045179183
2014-12-24,0.023981752208147387,0.023797965515879854,-0.028430759236312553
2014-12-25,0.02751929163623272,0.02505801940490171,0.03251310213317904
2014-12-26,-0.009471877903043902,-0.007824710169951248,0.033105276097163294
2014-12-29,-0.00899730138599664,-0.008087990086078824,0.0027917721078170032
2014-12-30,0.02734477414299616,0.01962738637589994,0.0006048398766012042
2014-12-31,0.028873467530354732,0.022743188410827866,0.022027157958670163
2015-01-05,0.004342709772159329,0.009801943167844487,0.030514671549165095
2015-01-06,-0.003749826892042043,-0.004277248047728428,-0.00013181236509829386
2015-01-07,-0.01094085406357646,-0.011279086790212516,0.0007497816569899118
2015-01-08,-0.005619233207606071,-0.002640336875994314,-0.023198373122490512
2015-01-09,0.0013117136526058929,-0.0009505818073215806,-0.0035232042615600534
2015-01-12,0.011584750303398342,0.0060099826973215266,-0.00934384445346681
2015-01-13,-0.00525957943839867,-0.004300634976446711,0.00013092059950259305
2015-01-14,0.015214566910441098,0.01935653053286679,-0.003306735267669114
2015-01-15,0.013069237881897297,0.01376404211417375,0.029037065800218143
2015-01-16,-0.06621168071747878,-0.06307846023513526,0.008609591245574588
2015-01-19,0.03792932820776196,0.03162662695823758,-0.07702295641170243
2015-01-20,0.03355115059822738,0.03484232136863473,0.012237866450482304
2015-01-21,0.005874804983996042,0.006796627296341768,0.04495291824440106
2015-01-22,-0.002596738568831021,-0.004446558973274141,0.005274888768037389
2015-01-23,0.016398543966651698,0.015823605916770837,0.0011548347493139932
2015-01-26,-0.0038140018599028772,-0.005313188996939634,0.01015194317599577
2015-01-27,-0.014906208366371842,-0.012996916250411392,-0.009162996571498216
2015-01-28,-0.007185601065278283,-0.009836012550059472,-0.013877194798219694
2015-01-29,-0.013134436810809013,-0.01326271308957494,-0.012344978611870672
2015-01-30,-0.014741837624001896,-0.01351132605611178,-0.013616520190706027
2015-02-02,0.026348621317711082,0.026038500376612816,-0.02341900599524216
2015-02-03,-0.009162010299720382,-0.007850177610740503,0.024892962348984415
2015-02-04,-0.006363764928329566,-0.005020513263986511,-0.010379787342361335
2015-02-05,-0.01756613433710333,-0.018564071126668184,-0.010235847808640841
2015-02-06,0.002750098935670308,0.003061317220414234,-0.016195666701317113
2015-02-09,0.023480575053250886,0.020228500895205732,0.010113451796571749
2015-02-10,0.008979835927892879,0.00909606526846507,0.01823713657230308
2015-02-11,0.005077208144723958,0.005224707911391687,0.00797783348107095
2015-02-12,0.010428816855247266,0.011349474939861937,0.002547959884919626
2015-02-13,0.01928602433823421,0.018208780905940043,0.007830676151001859
2015-02-16,0.006000124344288407,0.004978562531291618,0.00854508722329328
2015-02-17,-0.013178080395553876,-0.011781137484376623,0.006526683964474866
2015-02-25,0.020880682016395088,0.02051839396072646,-0.012375366235889973
2015-02-26,0.0025954286771426183,0.0056124438722180425,0.02517010518206364
2015-02-27,0.012043175020418432,0.013303966377100376,0.0018366425613172144
2015-03-02,-0.02142871887423076,-0.021218543723340946,0.007954456398831189
2015-03-03,0.013714306872274578,0.013595419865072225,-0.025924259842388553
2015-03-04,-0.0021599670534231024,-0.004960866518666404,0.006533823655178406
2015-03-05,-0.015255019324430429,-0.012866609645335021,-0.00976543692400067
2015-03-06,0.01758468475771844,0.019009043272073405,-0.005096758324419248
2015-03-09,0.00394823101949259,0.0027716180871189306,0.017027356461943643
2015-03-10,-0.0009478117985034082,-0.00034483065426807853,-0.004844887287117516
2015-03-11,0.009798732864571507,0.009408224364360285,0.0011475284112696382
2015-03-12,0.009263785714346877,0.010781298860840418,0.019346601790248608
2015-03-13,0.030352911762978024,0.02862499012369289,0.006908184054953637
2015-03-16,0.007906411486661066,0.008924620284153544,0.02432788045311063
2015-03-17,0.024158278181562586,0.02311330519643895,0.01388412891595836
2015-03-18,-0.002080454710715076,-0.0020611585725062004,0.02366972574738102
2015-03-19,0.010870899020170978,0.01250064113617547,-0.0016406442973961877
2015-03-20,0.02643464932688301,0.026688195233465977,0.013758744081630692
2015-03-23,0.0044902134426970655,0.002769452209981419,0.020420955820961373
2015-03-24,0.005608273004440828,0.0006298695908092718,0.00024924094802192265
2015-03-25,-0.009902982949847474,-0.00835323575517163,-0.008215350926869869
2015-03-26,0.012829974432917063,0.010895005363732224,0.002433756893318151
2015-03-27,0.021385714539586945,0.01944361809919012,0.005493670886075996
2015-03-30,-0.0024973341923721602,-0.001685154184645321,0.02932749200594209
2015-03-31,0.025527060583389282,0.02126873564152027,-0.009045589969130519
2015-04-01,0.011094520055556367,0.008770675910513821,0.017945300157977906
2015-04-02,0.009658929557416249,0.012162571043604091,0.00021339023739663787
2015-04-03,0.017438198476330696,0.019932110025517234,0.011093925009333816
2015-04-07,-0.006097201075463288,-0.002594628058704981,0.02146005073683499
2015-04-08,-0.01515322235297624,-0.0027044601877252833,0.008394287377583298
2015-04-09,0.02698573169358556,0.01935879887465251,-0.007835560314725987
2015-04-10,0.022081562844956167,0.03715328010339124,0.019304856245923263
2015-04-13,-0.003950169353053246,-0.0015252789424211124,0.017643321778280985
2015-04-14,-0.02466881598962744,-0.03944020429297531,0.0038701038436397273
2015-04-15,0.02033465870619302,0.02418712806007168,-0.012994065134807498
2015-04-16,0.003589364331122567,0.008876380203732524,0.030370892886901313
2015-04-17,-0.025071418319621695,-0.021166329533706642,0.0182982353136667
2015-04-20,0.033838146990197535,0.034976923779261204,-0.01614833316652675
2015-04-21,0.027421208613445023,0.025884722050876347,0.021504139834406466
2015-04-22,0.0010874501171737262,0.004784234624753319,0.02611946760882944
2015-04-23,0.002909406933683757,0.0008164995846429791,0.00022785723478357944
2015-04-24,0.010565749818906931,0.013758611196230135,-0.008068105355745425
2015-04-27,-0.025666684694916737,-0.019829075720633766,0.022317251586343012
2015-04-28,0.014653274486588675,0.017138505018783827,-0.013672130942946614
2015-04-29,-0.006699974748072316,-0.0011315289637796758,0.006847523967388414
2015-04-30,0.005489299179342631,0.004529541616886568,-0.005119042881409408
2015-05-04,-0.028832644818095336,-0.03368798618056352,0.007968605588760891
2015-05-05,-0.0007989665494954844,-0.0032715441772231796,-0.039872674790193186
2015-05-06,-0.010157510792985814,-0.014726835088756765,-0.009465197831553862
2015-05-07,0.04074670015021143,0.03383503021768492,-0.01828112612088295
2015-05-08,0.039037098999534045,0.038214657372274044,0.019755754358413258
2015-05-11,0.013802454822955088,0.013675885696584178,0.028986047736047738
2015-05-12,0.003339470099297289,-0.005496502754985493,0.012128693345954566
2015-05-13,-0.0029595997088699227,-0.004862318236679264,-0.00610436826739591
2015-05-14,-0.011404542542227478,-0.01201883684059086,-0.003742762438432967
2015-05-15,0.01883751501325323,0.008998262771954892,-0.017722590718986964
2015-05-18,0.02837270797875728,0.0285237635664943,-0.00916735788213019
2015-05-19,0.017528592174058628,0.011915266434475809,0.034114803044278386
2015-05-20,0.04175976509902066,0.03219827183194246,0.005009278790671257
2015-05-21,0.0033358418730657247,0.013028487515977944,0.018099147830036966
2015-05-22,0.023432673677534988,0.01984578180333934,0.0227949712661486
2015-05-25,0.03250302732657971,0.026364336496448156,0.029925292800116354
2015-05-26,-0.006442844553176367,-0.001866320610613838,0.019496029022453287
2015-05-27,-0.061961941930541824,-0.062467470945350025,-0.0033641602486670363
2015-05-28,0.007552472410332457,0.00918452649607539,-0.0670509878547042
2015-05-29,0.05394637902952779,0.053208347111565,0.0014108369655834174
2015-06-01,0.018493190331108432,0.022738885588588293,0.04861769572573316
2015-06-02,-0.00956393332512875,-0.004789175870409279,0.01688080406920167
2015-06-03,0.0024033065290342817,0.004123836591244775,-0.00354135226187402
2015-06-04,-0.00032854233247659235,0.003919048472606458,0.007354785276431519
2015-06-05,0.003052964256164147,0.004593545322956035,0.009481956683689008
2015-06-08,-0.005343530820393547,-0.005733586955468281,0.023553928363174048
2015-06-09,0.012079177776296366,0.009601721867994921,-0.00677842633667991
2015-06-10,0.008489007588669132,0.0041250870852417776,-0.001570298601211939
2015-06-11,0.003971588095629288,0.008418495653006928,-0.0004746558274361101
2015-06-12,-0.02342293135960824,-0.0268075451902229,0.005376333954573376
2015-06-15,-0.035042095254826544,-0.031219072497332072,-0.02135846991257928
2015-06-16,0.011252838245228894,0.0179511630611657,-0.029945395380728934
2015-06-17,-0.042790385166678616,-0.042791486122498945,0.014612562736681767
2015-06-18,-0.06057560190331668,-0.060271222738495896,-0.040530626621234744
2015-06-19,0.026689858064731967,0.025950152259609283,-0.059526827635862145
2015-06-23,0.012623287231874347,0.014371931771406245,0.03214112420612247
2015-06-24,-0.03505506115396811,-0.03649027204968523,0.019648606691474724
2015-06-25,-0.09323760752121958,-0.08779085664900002,-0.03557487198086928
2015-06-26,-0.04770305503467816,-0.049574170341596155,-0.07868446325522904
2015-06-29,0.08436097847565101,0.08302748846404831,-0.03335647192581492
2015-06-30,-0.06378238882152812,-0.056305461771561004,0.06714699812718439
2015-07-01,-0.022129798804928047,-0.038227208692512206,-0.04917952157388772
2015-07-02,-0.0460613555897475,-0.04056822983023318,-0.03409812321597372
2015-07-03,0.025871243402079278,0.00893755365418815,-0.05406037000973707
2015-07-06,-0.045249302297170044,-0.05633481841462139,0.028981553917733827
2015-07-07,-0.09982902178770184,-0.09032797678902028,-0.01764143912528071
2015-07-08,0.09983114841163289,0.09540533597633329,-0.06745417515274954
2015-07-09,0.09934810002667167,0.08090590049271633,0.0640424346990478
2015-07-10,0.013959513626828079,0.05882915651453396,0.053604369835002386
2015-07-13,-0.019136883548186663,-0.010275396976049591,0.025629724148679145
2015-07-14,-0.051172056735274606,-0.06245472450617906,-0.023662036036763423
2015-07-15,0.023625603301843937,0.02582556863228174,-0.035356200527704384
2015-07-16,0.04142192062955415,0.05433694991883775,0.007714104205951422
2015-07-17,-0.0027427442155602113,-0.0028114385926520935,0.03856044989693186
2015-07-20,0.006289328608213721,0.0066644761844130785,0.0021943875707575167
2015-07-21,-0.004326269123327728,0.0018366154124333431,0.0012978866079735862
2015-07-22,0.027185710861258258,0.025786920675293392,-0.002124334795163829
2015-07-23,-0.020963290170473103,-0.021806828964295612,0.022527398512446117
2015-07-24,-0.09885607049829484,-0.09561678996547014,-0.017533128980123935
2015-07-27,0.011694028560356408,0.0010228438631246625,-0.08561447029413727
2015-07-28,0.03764748784026423,0.0452246204689387,-0.002000665142599778
2015-07-29,-0.03505241704317873,-0.03990730035483377,0.03130075647649355
2015-07-30,0.00013544702263670617,-0.0022056989998803234,-0.02925162452485519
2015-07-31,-0.0005517549357916596,-0.014846453496061634,0.0003381025892368328
2015-08-03,0.04048655467529605,0.053064913506380415,0.003285560824796363
2015-08-04,-0.022327205341970004,-0.02464245812396718,0.03105577085792488
2015-08-05,-0.010794119050926787,-0.007537121301491264,-0.020581739341870575
2015-08-06,0.020908537736851772,0.025667553711834268,-0.009064108200367293
2015-08-07,0.049379489718869934,0.05082148877696963,0.01959888826545919
2015-08-10,-0.011556846071412812,-0.008804665779683132,0.04540882273896529
2015-08-11,-0.01053501043513384,-0.01646567195557661,-0.00433115592161315
2015-08-12,0.013786463982994922,0.01804612562203218,-0.012427858665689628
2015-08-13,-0.002263795459844525,-0.0013414054252760543,0.0147729281671658
2015-08-14,0.002070646200862883,0.0038910196855031103,-0.00047111246337838697
2015-08-17,-0.06867940569271135,-0.06881496546410018,0.0010629575258864765
2015-08-18,0.023123860418082707,0.02554512577004567,-0.061909771522878354
2015-08-19,-0.025780666583042115,-0.02914951093111167,0.01587542250373164
2015-08-20,-0.0498510229654723,-0.04869788513516238,-0.03208582295027973
2015-08-21,-0.09986909100389108,-0.0999999436153977,-0.04570311980752095
2015-08-24,-0.08631515099952809,-0.09303792817660662,-0.08747917560467355
2015-08-25,0.027094325201401696,0.009873084414837871,-0.07101140884070678
2015-08-26,0.0613826140741408,0.055671095588382756,-0.005665592044509671
2015-08-27,0.04493695623576915,0.05050392377503719,0.05947403732702283
2015-08-28,-0.0029838922012866993,-0.017502610195280908,0.0426279931620519
2015-08-31,-0.005340133056022986,-0.02806291025139307,0.007255504459517281
2015-09-01,-0.0036174361661925145,-0.008254337162313672,-0.0013248023192952152
2015-09-02,-0.023054353867125874,-0.002389598472908586,0.0011153809546471383
2015-09-07,0.027673410227317934,0.03790558839380934,-0.03426792202814766
2015-09-08,0.01938723566175817,0.024339167974670475,0.025697664044497914
2015-09-09,-0.017915688397569633,-0.018959981349880528,0.01957996652689542
2015-09-10,0.0021257696282984294,0.0023658863882497017,-0.01227899861736248
2015-09-11,-0.0366720136778344,-0.05642095484745296,-0.00308855240114847
2015-09-14,-0.03024174130475147,-0.04032346131377039,-0.019735957624156364
2015-09-15,0.05557069419721493,0.0743338488967208,-0.03928524624138641
2015-09-16,-0.01955129058844175,-0.02288373370848242,0.0498123550629237
2015-09-17,0.00022479578732159466,0.010389243834513276,-0.02183274155775483
2015-09-18,0.01904314544092268,0.031407723007961116,0.004408402842137837
2015-09-21,0.007512523148857972,0.003499778149280105,0.01752545928206506
2015-09-22,-0.022909266368173257,-0.018559764068103286,0.009304012695533936
2015-09-23,0.008572478927149164,0.009540037626933038,-0.022761101277916085
2015-09-24,-0.022108545738006805,-0.026644459023828455,0.006733005825873439
2015-09-25,0.006658204233726637,0.02093240640193653,-0.016149162861491706
2015-09-28,-0.019115370682538574,-0.01624346116921806,0.0033416358545150793
2015-09-29,0.0066535597339208346,0.0020206215766057794,-0.01970549687765022
2015-09-30,0.03519718727336814,0.042630729888410004,0.007581358038284192
2015-10-08,0.013647283342948239,0.01174205428420026,0.029201205139012476
2015-10-09,0.04238722628962965,0.04295844652676019,0.013238363345143833
2015-10-12,-0.003613196987366093,0.0010024077062705805,0.03220542974503915
2015-10-13,-0.01134201457508253,-0.011577112900004152,-0.0007686305903372714
2015-10-14,0.02555521677421287,0.031994026079611694,-0.01130030420546635
2015-10-15,0.01110278354674374,0.011193134760689219,0.02369271691166741
2015-10-16,-5.219116793096221e-05,-0.002639970600730766,0.013551068168325742
2015-10-19,0.015661110752974085,0.01927920364798084,3.395528089500388e-05
2015-10-20,-0.0342105957886288,-0.04414603363696739,0.012314030411580523
2015-10-21,0.01761756152474076,0.028378658190322766,-0.02919473404701345
2015-10-22,0.01799911432193793,0.020459141070236324,0.01476426977614631
2015-10-23,0.003097070849600476,0.0006269827960887328,0.01325283087390372
2015-10-26,0.0010431657142560714,0.005666921467554494,0.005045866421747203
2015-10-27,-0.017683759201837346,-0.02349625082823459,0.0010085644394666193
2015-10-28,0.0025809081299316057,0.0026674844580354723,-0.018915187815902623
2015-10-29,-0.000641997773419339,0.0006949614833950798,0.0023801958626010755
2015-10-30,-0.01791076013546723,-0.017728734699185598,0.00021792596743552828
2015-11-02,-0.005517591710262528,-0.003965131765299017,-0.016445581311119173
2015-11-03,0.06366398585203348,0.0641852826193517,-0.003012117515736712
2015-11-04,0.012672431146681809,0.0051891902497487475,0.04704962357415554
2015-11-05,0.027276019002899287,0.027583828316997665,0.0213391612053333
2015-11-06,0.012018297104347583,0.012579822741582885,0.023583569213998068
2015-11-09,-0.0033768988656057595,-4.230668786586733e-05,0.012384766052349283
2015-11-10,-0.00015454204470780142,0.007564215314700211,-0.001851393753173558
2015-11-11,-0.007263227956994842,-0.006316516354125794,0.00010695912596148105
2015-11-12,-0.012677923033624307,-0.016930490012232728,-0.009998304487890075
2015-11-13,0.0072031263945258545,0.015208973625635336,-0.012931715902743446
2015-11-16,-0.001437622477417936,-0.009835978986922329,0.004775454856069006
2015-11-17,-0.013134837666658206,-0.01310750436239502,-0.0015249207652233698
2015-11-18,0.018952072668070648,0.024722448634552592,-0.011390515619720154
2015-11-19,-0.002869614627701549,0.0007203195014272579,0.01598404555950883
2015-11-20,-0.00790002041626315,-0.008273077475238897,-0.0001562926327890457
2015-11-23,0.003411105906667497,0.007190264460183433,-0.0055770749103164485
2015-11-24,0.007015355423201323,0.012539707714704093,0.00014920084298464253
2015-11-25,-0.005752204411436816,-0.009739654389033015,0.007384339977996257
2015-11-26,-0.058538903423509266,-0.06052402938855683,-0.005865226715605298
2015-11-27,0.005037552540130325,0.005450798109439873,-0.053848588748826254
2015-11-30,0.008618506921805883,0.0053417697059729196,0.002648306573816539
2015-12-01,0.04173341535724198,0.02105622449476368,0.007091164504361425
2015-12-02,0.004818022427427736,0.01407533682761919,0.036266948798619136
2015-12-03,-0.015314466295795852,-0.016678638926776297,0.007345592107384391
2015-12-04,-0.00012529100372596228,0.006532383086797854,-0.019126236897554216
2015-12-07,-0.015297058724798486,-0.016452197776959294,0.002724610410622219
2015-12-08,0.004370138169232625,-0.0019945174339024746,-0.017515409709812135
2015-12-09,-0.001600444212037468,-0.00030107918701395765,0.0035660857516657263
2015-12-10,-0.0028709427484918046,-0.004526654752627416,-0.00353691205025386
2015-12-11,0.030373230127296216,0.02691296691586615,-0.0041456440376695936
2015-12-14,-0.007496883438482739,-0.0035655835538670943,0.028619257994600966
2015-12-15,-0.0008435870053448837,0.0020253749781108704,-0.0045617192804716655
2015-12-16,0.02113853769161277,0.022908725311064502,-0.00242259209233453
2015-12-17,0.004417355150023574,0.00024513571989668936,0.019115763653729134
2015-12-18,0.02712093454549343,0.019834981008835677,0.0032003067182477807
2015-12-21,0.0021246032872395343,0.002688227642403951,0.026025037753024893
2015-12-22,-0.0013644660467997765,-0.006414522762991133,0.002783260087377837
2015-12-23,-0.012066638865911316,-0.005636386553160645,-0.002669775816216191
2015-12-24,0.004409702012587307,0.0030606678362286983,-0.009564502195852476
2015-12-25,-0.026881314677454714,-0.026329176496384634,0.002298010132135486
2015-12-28,0.009146821658023375,0.009626220427590029,-0.02880777447761962
2015-12-29,-0.0007947598412821875,0.002967192332137682,0.009185461003372142
2015-12-30,-0.009765134240003623,-0.013094748725802756,0.0008798815482724542
2015-12-31,-0.07592308525604552,-0.07629791700408131,-0.009077919249544486
2016-01-04,-0.00015486264877004785,-0.001281600371154498,-0.06984454569820431
2016-01-05,0.010760789489915927,0.01571540500606426,0.0024118187764559096
2016-01-06,-0.08001643319081098,-0.06504956596230035,0.017543506631635175
2016-01-07,0.020824843425243777,0.005759238954112329,-0.06933422980329451
2016-01-08,-0.05401583186926897,-0.054492331203668046,0.020392304470036704
2016-01-11,0.0064700083022533215,0.007476384708220445,-0.05030700032127944
2016-01-12,-0.027634304362175784,-0.02296249610872444,0.007285940265313595
2016-01-13,0.031193219671503094,0.028553218530601443,-0.018605533459173818
2016-01-14,-0.032562188738829066,-0.03377403630936867,0.020815113375667105
2016-01-15,0.011012756709015472,0.01156039070583462,-0.031922323587567636
2016-01-18,0.03621034868015903,0.03053257786104099,0.0038477200655395727
2016-01-19,-0.01547993953519566,-0.014799571417903477,0.029510689200282325
2016-01-20,-0.031706363294653164,-0.030625308236080086,-0.01512199359626687
2016-01-21,0.009975069429022269,0.010780167053461678,-0.029306510247670503
2016-01-22,0.004232732514874121,0.0033278847232643483,0.010420757135671144
2016-01-25,-0.059791533853014875,-0.06104349863663935,0.004955901151773245
2016-01-26,-0.007804532390959852,-0.00672829434883918,-0.06020665475615938
2016-01-27,-0.030835654442380622,-0.03030165041216185,-0.0034551829444553483
2016-01-28,0.03588952057476917,0.03360343219504488,-0.02613680959612319
2016-01-29,-0.009701306319117321,-0.009563266692786034,0.032353806907378324
2016-02-01,0.025363003832377676,0.026927063756195167,-0.015288059767352702
2016-02-02,-0.0030531994661896268,-0.001192209355636956,0.020778683580082946
2016-02-03,0.013898832261003857,0.014417457972368819,-0.004285236701076944
2016-02-04,-0.010410752760621327,-0.009867754534847737,0.012249715122904181
2016-02-05,-0.00308402104205689,-0.0018224038068442544,-0.0070256905077795695
2016-02-15,0.034405816377621995,0.03340260435622772,-0.005762891432928741
2016-02-16,0.009623319820812359,0.008520356441563046,0.030654526573704155
2016-02-17,-0.004735276205382141,-0.00525562323519811,0.008653162289597782
2016-02-18,0.0015474253410457644,0.0014069767559883,-0.0031403836360550663
2016-02-19,0.02176222412690761,0.02099055536669917,-0.0006942397746995121
2016-02-22,-0.00837247227461911,-0.00854635704154516,0.022050872007288058
2016-02-23,-0.0008335082981263935,0.0018295124447986755,-0.009461760188786195
2016-02-24,-0.07294981591423849,-0.07118319046032275,0.006535334179247565
2016-02-25,0.011617502063305937,0.008379335404703417,-0.061359360679198005
2016-02-26,-0.035577398753825,-0.03936761631714129,0.010031691648822338
2016-02-29,0.022212102292947993,0.024089459984350952,-0.023934627530927566
2016-03-01,0.04456938674433107,0.0452773151809097,0.01849541437443314
2016-03-02,-0.0009290500439576528,-0.001810551704839125,0.04116436743565499
2016-03-03,-0.004702070796408678,-0.005126085419065911,0.00232357693202645
2016-03-04,0.00856120668718574,0.011246555447903681,0.011597491515226821
2016-03-07,6.89551093933944e-05,0.003348962360221562,0.0035392337801281037
2016-03-08,-0.01270244148570222,-0.016376441467366054,0.0009114801406835404
2016-03-09,-0.016232386850010258,-0.014006514287880467,-0.011507013292917256
2016-03-10,-0.0002964419573275709,-0.0006725160000789408,-0.01912816456211275
2016-03-11,0.0215667289943773,0.026338329567857834,0.0017025372118879556
2016-03-14,-0.0006847314323455067,-0.0053458382574894815,0.015707621559298612
2016-03-15,-0.001580874335288255,0.00025565166567628354,0.0029650747466312133
2016-03-16,0.022282733437518704,0.025268158551810162,0.00495970443413829
2016-03-17,0.02377441502886067,0.024318571214519174,0.01105814506655256
2016-03-18,0.02470822882362258,0.022964239531784742,0.015287113501056382
2016-03-21,-0.004955209081107343,-0.006849961118138467,0.024426537535151782
2016-03-22,0.011117276554122903,0.008863734952334421,-0.007278177162834187
2016-03-23,-0.01799231827357657,-0.01658997875248225,0.0031930162843831766
2016-03-24,0.006176106593594399,0.0046815073467634406,-0.01676096771103408
2016-03-25,-0.009555489157581705,-0.010689620592718782,0.005019092666216363
2016-03-28,-0.013682726922866203,-0.012874990498968644,-0.00878410917437511
2016-03-29,0.03246081243185124,0.03488376228825062,-0.01082742063204123
2016-03-30,-0.002695594996771103,-0.0033277221896873227,0.02579248009032331
2016-03-31,0.003246051752230362,-0.0018993568611419384,0.0005627619485866209
2016-04-01,0.007097262234482176,0.018016188410254857,0.001180824650646617
2016-04-05,-0.0038239584595849796,0.000759539192281016,0.013222052894419134
2016-04-06,-0.012805255687742005,-0.014652561605427225,-0.0021320328749665496
2016-04-07,-0.0077689215664940164,-0.0084737965706165,-0.014808766151040875
2016-04-08,0.010504381276827662,0.01506312522279212,-0.007341187614706035
2016-04-11,-0.0014230738546493118,-0.003517324487418007,0.01392773398875602
2016-04-12,0.012437375346036629,0.012330905088075645,-0.003606699482988196
2016-04-13,0.0034303940050476284,0.006791269083231529,0.013338718948562311
2016-04-14,0.0004357482378571077,-0.0020923326386175856,0.004430639790518054
2016-04-15,-0.011921773281769356,-0.014703846349552225,-0.0011050634495685108
2016-04-18,0.00355416176605447,0.002286997844174283,-0.013373224823590268
2016-04-19,-0.01084786541602366,-0.030390030304728106,0.0030509997057412974
2016-04-20,-0.0017519603395531268,-0.005824712329020566,-0.017685205200259402
2016-04-21,0.0049805826088745704,0.007116137083471553,-0.006422448074994702
2016-04-22,-0.004934401502324933,-0.0045687576848806154,0.004524457381509972
2016-04-25,0.00408815514840607,0.00823601311499684,-0.0040536709817631245
2016-04-26,-0.0033160392236698784,-0.004288858043933736,0.005417405906964712
2016-04-27,-0.0013233043403643575,-0.001998096433872879,-0.004164622101435533
2016-04-28,-0.0018917652448651623,-0.0006292189566716257,-0.001686713498761816
2016-04-29,0.013199367951666548,0.02396275965741041,-0.0012118028969365646
2016-05-03,-0.0031852318407840988,-0.0024537769778817226,0.017990021382751298
2016-05-04,3.1275172271936775e-05,0.002865397670396841,-0.001269627887003133
2016-05-05,-0.023051125462823032,-0.030834951784173375,0.0013896418712182612
2016-05-06,-0.01659423923091774,-0.02462091261448004,-0.02600251406382237
2016-05-09,-0.000260843464292919,-0.0007501915918352824,-0.020678198923443025
2016-05-10,0.003141042736021964,0.00012371951188453308,0.001138432030062475
2016-05-11,0.0026816527826379814,0.002948267568420799,0.00446383479249679
2016-05-12,-0.002323711165958442,-0.004241602547078853,0.002377700863822163
2016-05-13,0.0021729478004362457,0.01011256436291246,-0.004918870989663815
2016-05-16,-0.0012887035655814597,0.0005212136886528455,0.006624519502819615
2016-05-17,-0.0019622882383062558,-0.014153888425464087,-0.0030013148925309707
2016-05-18,-0.0018223328286547105,0.001786256126553809,-0.005826274619088689
2016-05-19,0.0049742533508813185,0.007215720157301224,-0.0018057130937014776
2016-05-20,0.001683488524145335,0.006963869319137712,0.0051330612244897544
2016-05-23,-0.00720704069735377,-0.007787117677238117,0.0029237676319431305
2016-05-24,0.0017487840105743422,-0.0021812622052891995,-0.007663852916215852
2016-05-25,2.794121847842993e-05,0.0026549616633236217,-0.0014133883455847984
2016-05-26,0.0017954584698102885,-0.00044047256157838825,0.0016278606054465072
2016-05-27,0.003536610240351527,-0.001732662826094982,-0.0005580557468319869
2016-05-30,0.034047163065972545,0.0402209942982456,0.0013746938775509587
2016-05-31,-0.007131370939910529,-0.0027407848335955537,0.03353756957782106
2016-06-01,0.0001996875966197592,0.004506463891443967,-0.0028426658589835174
2016-06-02,0.00949888557586587,0.011219969509884273,0.002072424103399584
2016-06-03,-0.00561797819488096,-0.0027455771464752754,0.0070190394998579375
2016-06-06,0.00071126464728963,-0.0003108398759873454,-0.0033047693402689093
2016-06-07,-0.002113307004372178,-0.001923800122994915,-0.0005473780904053926
2016-06-08,-0.02695436124168142,-0.03980577030956488,-0.004110731653578115
2016-06-13,0.005705865827278753,0.0032226560983181773,-0.030862929402431627
2016-06-14,0.007540645380190987,0.021849917209575027,0.0031438131453132012
2016-06-15,-0.004560538373660475,-0.007312102381367687,0.01313077458240941
2016-06-16,0.003890828693040605,0.0068146669933529325,-0.0069632296550152795
2016-06-17,0.001571962049311184,0.0004981544036336391,0.005070007464446968
2016-06-20,-0.0012417709745048335,-0.0053871443761034045,0.0007426793040032909
2016-06-21,0.007139139480302704,0.012969038437239242,-0.002040049218195228
2016-06-22,-0.00424074759947539,-0.0044437700589885975,0.008897988616755503
2016-06-23,-0.011735819743099557,-0.011507006082386608,-0.005309576382595771
2016-06-24,0.011400347648542905,0.020489888818008062,-0.012882860918994599
2016-06-27,0.003299658517458873,0.006532079935629939,0.014097414499083527
2016-06-28,0.006858386514879634,0.001997503325466713,0.005082453677889065
2016-06-29,0.0013010906446301543,0.0022537583406475126,0.004779364876928982
2016-06-30,0.0025477118167662135,-0.0011245410401506475,0.0008028203427694613
2016-07-01,0.01642013037255836,0.018009977430524144,8.877840909082835e-05
2016-07-04,0.0034773090149239857,0.0005717734992792822,0.016010398833301576
2016-07-05,-0.0003302124528781194,0.0033248788023385917,0.0008362717259027264
2016-07-06,0.002150608533063836,0.0002934314550574151,0.00293697659772163
2016-07-07,-0.005272854425831089,-0.001969399156145135,-0.0021294454115892147
2016-07-08,0.00465231676402454,-0.0008568439428362654,-0.005504758641100227
2016-07-11,0.02046653586869921,0.01912396921201744,0.003461475810392578
2016-07-12,0.0016802495538875354,0.006202637459679876,0.02180543372053445
2016-07-13,-0.0012941769733224061,-0.00040253444417015505,0.002960423808039847
2016-07-14,0.0011073375212115014,-0.001168704372837908,-0.0018611763487434985
2016-07-15,-0.00367969752840435,-0.00530034052582432,-0.00014648616316115248
2016-07-18,-0.0049946750304098635,-5.506020847367843e-05,-0.004352497344549344
2016-07-19,-0.003151229803166309,-0.0024630326977299133,-0.004227441891833883
2016-07-20,0.004875502315213211,0.0034364329148351175,-0.00327255151267003
2016-07-21,-0.008912020933077894,-0.0072654632364819805,0.0046083518655795075
2016-07-22,0.00039678304335040156,0.0004009548858830346,-0.008411939050336437
2016-07-25,0.011916729757894056,0.013309817430586695,0.0017766560418708277
2016-07-26,-0.006782854288741051,-0.029820175886984095,0.011978123674900809
2016-07-27,-0.00182373603468925,0.0003138545346113654,-0.015705333084576445
2016-07-28,-0.004569489682269515,-0.005188245549851121,0.0009011136521825946
2016-07-29,-0.005226358159842093,-0.010585494149349426,-0.0053428289363393056
2016-08-01,0.00021050883868933717,0.0044311158464120605,-0.008464604407711795
2016-08-02,-0.0008763161926804911,0.0010360493382424968,0.0038529216415210676
2016-08-03,-0.0005653882552772984,0.005352878081004471,0.0013985356140544525
2016-08-04,0.003808151454473143,-0.0003993899078060169,0.0024361908996684
2016-08-05,0.0043598159781196655,0.009793462924375598,0.0011932689634490679
2016-08-08,0.007720983674523421,0.007853642752759571,0.009069891516983786
2016-08-09,-0.0024010237601728435,-0.004610748048349949,0.007049700387733671
2016-08-10,0.0026423236687894624,-0.006898065198247284,-0.004187928694680321
2016-08-11,0.021659415348114087,0.015945084855248353,-0.003077074867266494
2016-08-12,0.028254199173378815,0.028691073497287483,0.018825617933047933
2016-08-15,-0.012316692329239102,-0.0020399497217820878,0.030110223026321714
2016-08-16,-0.002470321933468102,-0.0005762630584445245,-0.004470416276205147
2016-08-17,-0.004243978522895866,-0.002016103813141038,-0.0015392584918226815
2016-08-18,0.00466226314904535,0.0014510803902838384,-0.002537762559108314
2016-08-19,-0.006381148891211871,-0.010613464635051814,0.0001575275896199546
2016-08-22,0.0013740251553487444,0.0019031043862184033,-0.008389251772649153
2016-08-23,-0.004118450980070546,-0.0009026369855890115,0.001510433680273593
2016-08-24,-0.004827908166329067,-0.005105924551465397,-0.0035818698138444516
2016-08-25,-0.0007744346496300321,0.0008028663787017816,-0.006273537025580755
2016-08-26,-0.0007445855457691676,0.001476325577297044,-0.0005681526275547188
2016-08-29,0.004659241100982396,0.0010555497152846063,0.0002086426435325972
2016-08-30,0.003426296877941366,0.002999568583623713,0.001272756954815435
2016-08-31,-0.007049295496207503,-0.008608679329612305,0.0047705458047881955
2016-09-01,0.004629297462175147,0.00059969819327418,-0.007876097950892391
2016-09-02,0.0005425041040754836,0.0032819525424759694,0.0037951526238952926
2016-09-05,0.0031343517255323227,0.011960972266041805,0.0016806925539585293
2016-09-06,0.0015279492927136376,-0.0018333751108883245,0.006913316946211667
2016-09-07,0.00013180825196542977,0.0018331847594721237,-0.0005414897849896905
2016-09-08,-0.00449666381083005,-0.007129949366251965,-0.0003771529145539798
2016-09-09,-0.013580354089314003,-0.022128433596712856,-0.006443962677717963
2016-09-12,-0.003389106412634066,0.0010589219777822503,-0.016708659329001452
2016-09-13,-0.005735116084905118,-0.00532010476835281,-0.0006957641145098892
2016-09-14,0.005937920462253431,0.008130004000402551,-0.006625096232589889
2016-09-19,-0.0013552101037486155,-0.0015838671584600394,0.00753072963785173
2016-09-20,0.0017953148450566118,0.002660812899789874,-0.0017529235823383615
2016-09-21,0.005323231078617832,0.0059695500189782215,0.0028366181617240915
2016-09-22,-0.002659854954751029,-0.0028931220002662256,0.007493938726030436
2016-09-23,-0.012219705267316604,-0.016821069238590218,-0.0046944505214030485
2016-09-26,0.0032804336933367163,0.005357767151898,-0.016909517747514258
2016-09-27,-0.004353082529569083,-0.0020647174941933783,0.006356590110176752
2016-09-28,0.004943957239702858,0.0049470879010324875,-0.0030425055928412492
2016-09-29,0.0022680014823787046,0.003346889957421289,0.004178415235430499
2016-09-30,0.01210431416655559,0.015895247842167542,0.002740114474523825
2016-10-10,0.0013560691971771057,0.0022264899804088157,0.01247663896129425
2016-10-11,-0.003467583480613736,-0.0013111569154787203,0.0038526110623673393
2016-10-12,5.34429135197215e-06,2.8825185344067655e-05,-0.0019809106745377614
2016-10-13,0.003910938183444451,0.0003254312182822762,0.000799997575764877
2016-10-14,-0.007125665646091462,-0.009378617527218216,0.0009689188984602914
2016-10-17,0.01421716494768095,0.013971948310465412,-0.008460758957605452
2016-10-18,-0.0013698161404097913,-0.003693829797497407,0.013255518810938671
2016-10-19,0.00048726613811279684,0.0019147009508685736,-0.0015325185994767843
2016-10-20,0.0064565283203742415,0.0010627458046313615,0.0007116493378043209
2016-10-21,0.012561041213630462,0.010028260436447889,0.0027541734466340895
2016-10-24,-0.0020999523174890415,-4.865672228456955e-05,0.01197208916561987
2016-10-25,-0.0034502508828665483,-0.00419483617500116,-3.8603388783697845e-05
2016-10-26,-0.0025956186266347593,-0.0020886005786187206,-0.003756551693417709
2016-10-27,0.0007825581986125231,-0.003957046916072856,-0.002712531298438181
2016-10-28,-0.0008938894054722407,-0.001966614892653072,-0.0016648235047971305
2016-10-31,0.004837595145039039,0.007122922295851922,-0.0011526497471655572
2016-11-01,-0.006944673288070582,-0.008895558311146554,0.0068249667294111305
2016-11-02,0.011639918511443735,0.007268477967400885,-0.007650972745270268
2016-11-03,-0.001375557076123493,-0.0038483713736941877,0.009518952405237924
2016-11-04,0.0025253275791997554,-0.0002365834548726837,-0.0032421220297882414
2016-11-07,0.0034734574769588024,0.005662409707042222,0.0007214899662211227
2016-11-08,-0.007663518048045093,-0.007988807879120976,0.004328797976517862
2016-11-09,0.01039564019197665,0.011788033803266826,-0.005360236360616
2016-11-10,0.008057786350533285,0.006522438640564486,0.011201741697857148
2016-11-11,0.004574774550565961,0.002247556326695583,0.007848145318983812
2016-11-14,-0.0032446350901466693,0.0021323595308514625,0.0038130410099437295
2016-11-15,-0.002052171395297082,0.00031217212256862137,-0.00011077909773338224
2016-11-16,0.003313125457615458,-0.00034709969783947817,-8.16357471273843e-05
2016-11-17,-0.0025794082797436254,-0.003920604676323348,0.002023565499083002
2016-11-18,0.011229297423681284,0.002835356325346816,-0.005549202247616125
2016-11-21,0.007550033928257457,0.008939455654265778,0.006920344349311991
2016-11-22,0.0028546508053088697,-0.0009926803248853724,0.007918956383260012
2016-11-23,0.004077215444400557,-0.0005389979569418525,0.0018366028901266596
2016-11-24,0.010678916704611251,0.009117026309522032,0.004031967951466653
2016-11-25,0.0036724342415456706,0.0027579046561410714,0.009332882358674022
2016-11-28,0.01591795643639214,0.004147644125292433,0.0039133274642886295
2016-11-29,-0.010920819607059607,-0.004979180421899773,0.008192176697557008
2016-11-30,0.005832004879101739,0.005920408603985461,-0.007306315305103173
2016-12-01,-0.007095180348488279,-0.011975786282802365,0.007642736009044748
2016-12-02,-0.017734555352609305,-0.011879393088197474,-0.010123308574377932
2016-12-05,-0.002069565059812664,-0.00189326667832774,-0.016871874070190862
2016-12-06,0.0029889633343757947,0.00515414338414114,-0.0029572751562945143
2016-12-07,0.0020324189219994428,-0.001849931890962989,0.0047988667736293955
2016-12-08,0.013596064047031441,0.001977305918133657,-0.0016140401352227052
2016-12-09,-0.011695625680980658,-0.03329861958027907,0.006789351438270419
2016-12-12,-0.006157462021588709,-0.00118559582422357,-0.024192117239602684
2016-12-13,-0.004728416222320319,-0.007577817944705864,-0.001214368264509269
2016-12-14,-0.021673990046668458,-0.00559360395770974,-0.0076621713694994265
2016-12-15,-0.0028936948928598907,0.0029579852787748723,-0.011399991121502251
2016-12-16,-0.003514989120701489,-0.004006461605135403,0.0016764308786594295
2016-12-19,-0.005221153181505336,-0.004163452585021916,-0.005095590894283686
2016-12-20,0.007457679899615833,0.007652266176759547,-0.005983814862210113
2016-12-21,-0.002571982194435265,-0.0017243760284537668,0.008908874423552371
2016-12-22,-0.0057437498146163,-0.008399696895513929,-0.0008596572154294657
2016-12-23,0.008273286749325945,0.005297739928358088,-0.008415101014189075
2016-12-26,-0.003868633982634924,-0.0018415949282636662,0.00447454347563192
2016-12-27,-0.004809519892982735,-0.0050036806776566,-0.0018089333012281106
2016-12-28,-1.5781031350346886e-05,-5.96911280771487e-05,-0.004372224014666526
2016-12-29,0.003912674398865307,0.002166293719498296,-0.0012507987849381674
2016-12-30,0.008753360877219797,0.007653768460743647,0.003735869196060282
2017-01-03,0.011111193753648399,0.010943483912453653,0.00971275618716172
2017-01-04,-0.0006734695439877375,-0.0018537136674138571,0.0078031733303811635
2017-01-05,-0.0043461502247329415,-0.005548223247392602,-0.00015438008971857542
2017-01-06,0.0062271541507469864,0.002871443609912475,-0.005974244237318849
2017-01-09,-0.0034258139689001136,-0.0026497442121077297,0.004848148114957596
2017-01-10,-0.007001994653164261,-0.006268987352393134,-0.0016736526056065903
2017-01-11,-0.009843267915807474,-0.00635641360464434,-0.007078049114573881
2017-01-12,-0.0066202098356195225,-0.0057713606868216505,-0.005062228220123033
2017-01-13,-0.017877947866317582,-0.014055063122448959,0.0006902538566804228
2017-01-16,0.005422820081967365,0.0070125918768682806,-0.0001385579729571429
2017-01-17,0.002114916851045547,0.0011839169770635483,0.0020816701562007545
2017-01-18,-0.003671048902857885,-0.003356094164274594,0.0039111821931479
2017-01-19,0.0111571083946785,0.011341945142347416,-0.0030185334359474902
2017-01-20,0.007050753929687775,0.003345707770509227,0.007689327153837633
2017-01-23,-0.0025567720936302595,-0.0025367591012043222,0.0027392850436229743
2017-01-24,0.0032185725647302468,0.0034872333780619413,0.00010998549380514255
2017-01-25,0.006029780334670954,0.0054192315124536195,0.0034032308401077405
2017-01-26,-0.004987407582311425,-0.00529095306404275,0.0035723806984804263
2017-02-03,0.006500238712642786,0.0040713131241192834,-0.00692747257936932
2017-02-06,-0.0020147403574155643,-0.003237554708849661,0.0025917746820469656
2017-02-07,0.0064366722557697015,0.00716876640799973,-0.0022322950542659203
2017-02-08,0.004278262314938617,0.004657172771882172,0.005232226474293444
2017-02-09,0.0028767334932638723,0.0021334216506602166,0.003842413745200668
2017-02-10,0.004237760856743561,0.006238601575197463,0.005064349628565168
2017-02-13,-0.00029450022241060063,-0.0009692586108618022,0.006673521820775852
2017-02-14,-0.007030813267931976,-0.005735580288525356,-0.00013677621374330595
2017-02-15,0.005192622594757256,0.005475816158100714,-0.004100937190756215
2017-02-16,-0.0063343954112596796,-0.005569977988483973,0.005617074503683872
2017-02-17,0.013390774974230508,0.013530810881579544,-0.0056641663736256564
2017-02-20,0.005567146075699403,0.004675218850995818,0.014599116161616132
2017-02-21,0.003736260551080535,0.0021558972484782635,0.0032926291773613947
2017-02-22,0.00012073729557558798,-0.000981660216455341,0.0019926381495454226
2017-02-23,1.6313340840155996e-05,0.0005212421359809737,-0.004710925679702882
2017-02-24,-0.008071697981972848,-0.007475110019477252,0.0001525917565901036
2017-02-27,0.002654112110365583,0.00187555881930571,-0.007953711300142552
2017-02-28,0.00241830273229794,0.0015717260386233698,0.0019122400775342108
2017-03-01,-0.00513537334419838,-0.004844591209777617,0.0016305559819393967
2017-03-02,0.00047949124484798024,0.0008734915857442825,-0.006748707509744323
2017-03-03,0.007717051737765823,0.008826874746447848,-0.00210765334342522
2017-03-06,0.002494778852983398,0.002319362665373248,0.005431960465129837
2017-03-07,-0.002610643867103513,-0.0024748276904859668,0.002170330308024493
2017-03-08,-0.010135041085263214,-0.0077350442596284385,-0.0015142039861492096
2017-03-09,0.0014605628644898598,0.0013385870382542592,-0.006318267884119599
2017-03-10,0.010260397827940013,0.011024724829939579,0.00027721524158574873
2017-03-13,-0.003915138355010494,-0.0034801536569346115,0.008813001584064839
2017-03-14,-0.0003184458470107524,0.001097553252170948,-0.0004077383534309975
2017-03-15,0.008314741806915766,0.00660141136870261,0.0020105939497032654
2017-03-16,-0.010220527502348708,-0.011399926679960926,0.005159312168701247
2017-03-17,0.0028310124564645653,0.0017092094261248786,-0.010254171322213734
2017-03-20,0.0038495545010369756,0.005240908925775826,0.0011027886041308221
2017-03-21,-0.0045792598752314095,-0.005324132523221582,0.0048527224816716785
2017-03-22,0.002416329664977151,0.003120217482859796,-0.00470235261874874
2017-03-23,0.006903921853045273,0.009106739096660885,0.003457920899696987
2017-03-24,-0.0048837527483309605,-0.0059335095982880415,0.00797809346096745
2017-03-27,-0.0022870299706611104,-0.0016920635773669376,-0.0033127005960568168
2017-03-28,-0.002733193786263694,-0.0031466292616025688,-0.002366275258478878
2017-03-29,-0.012190924981307773,-0.012233952000874102,-0.0013314850092656094
2017-03-30,0.0029136355702365523,0.006562808102561649,-0.008204456321298403
2017-03-31,0.018373146136678974,0.018311886932291483,0.005612844656013305
2017-04-05,0.0007223532395822371,-0.0006400376337482345,0.013842392326499864
2017-04-06,0.0012144701402937016,0.002347891358485597,0.0028996344063312307
2017-04-07,-0.0018819840505031069,-0.00643749983464359,0.0009703902904056871
2017-04-10,0.006059636462639468,0.004102568362474531,-0.0035025273919249145
2017-04-11,-0.005135015075563308,-0.005892948355011545,0.0034777498188374167
2017-04-12,0.0015215524878618807,0.004177480290671791,-0.0022431787748092846
2017-04-13,-0.008824650227179974,-0.010268822502601225,0.0014617716786724522
2017-04-14,-0.004633752037074018,-0.00467869962640745,-0.007986752291176513
2017-04-17,-0.00583106227889773,-0.004594390314332952,-0.001881543094794158
2017-04-18,-0.00872861991063667,-0.006416175583910674,-0.004942613953114239
2017-04-19,0.00245916859025862,0.0036842664543124126,-0.004868976590792218
2017-04-20,0.0008894241098297205,-0.001518663940889588,0.004547459574912649
2017-04-21,-0.012994019614268057,-0.014342116961150715,0.00151377273186859
2017-04-24,0.0005479263091126975,0.0034941193747963623,-0.010248673845257406
2017-04-25,0.0010253642256064092,0.00268169190474172,0.0028298642481185965
2017-04-26,0.0006756778147758023,0.0025779288358788177,0.0012234922129514825
2017-04-27,0.00047995082531729165,-0.00028460506896117136,0.00044700131778308005
2017-04-28,-0.002738002494783271,-0.0018909827985228445,-0.0020222124222448734
2017-05-02,-0.002026647315014163,-0.0033937580467144107,-0.0038287666254814834
2017-05-03,-0.004810905259582337,-0.0025299997001908864,-0.003925196551663679
2017-05-04,-0.004585175845215543,-0.008741161213614108,-0.0025606994166645913
2017-05-05,-0.00784655808384101,-0.010791362017333455,-0.006415246196822211
2017-05-08,-0.0012272027740411523,0.0012584521439980012,-0.007018373712140313
2017-05-09,-0.007815368299044926,-0.007368434263250956,-0.0018697098079378804
2017-05-10,0.0015090661836402244,0.002937112238415751,-0.004423524919985877
2017-05-11,0.005827820451753819,0.004716000336696787,0.005677562393265001
2017-05-12,0.00428568420197727,0.004843320578030307,0.008559128893390833
2017-05-15,0.00954264884672915,0.014861605961456168,0.004079305720480431
2017-05-16,-0.003073625525700913,-0.004332478485873085,0.00866677061299903
2017-05-17,-0.005374713305492715,-0.004883527235618531,-0.0054482084785557605
2017-05-18,-4.9372274786725e-05,-0.0007757489529410641,-0.0034780364636638472
2017-05-19,-0.0018828246855591112,-0.002318204083074704,0.0016891742762887851
2017-05-22,-0.0010159568965985286,-0.003334615188709938,0.0021710709931401784
2017-05-23,0.0008234277206131574,0.004335377283880527,0.003796273495854985
2017-05-24,0.0176986193166381,0.013717541058313845,-5.840797385636698e-06
2017-05-25,-0.00039640851807071816,-0.003686179739802881,0.017957636449124736
2017-05-26,-0.00016439878066511597,0.0007125083107535188,-0.0015004332034679324
2017-05-31,-0.002928830494062938,-0.00552745846617713,0.0035771442034462364
2017-06-01,0.000590303084325213,0.002123096333487871,0.0013914019376559672
2017-06-02,-0.002933720467301053,-0.0008088922096546483,-0.0032106445876478595
2017-06-05,0.004614324192331702,0.00586815893763453,-0.005093919134033786
2017-06-06,0.013810606322596388,0.017349638163527286,0.006956396396396336
2017-06-07,0.004887945628994684,0.0031715440248742954,0.011735301527679098
2017-06-08,0.005170960866875169,0.005446761264727762,0.007671476313503289
2017-06-09,-0.006400851705220924,-0.0062009268464645285,0.00426567967244984
2017-06-12,0.0062347603586675,0.008161868472078115,-0.0004977392014362536
2017-06-13,-0.007839103492828178,-0.008677972829100702,0.00220457196892343
2017-06-14,0.00027315167233548114,0.0028833845123143543,-0.013111797826517724
2017-06-15,-0.0008861658882922744,-0.0019023985206035082,-0.0018414278844794962
2017-06-16,0.009170725340576032,0.008822072875316524,-0.002842334057849838
2017-06-19,-0.0005353349935625707,-0.0003570024446059187,0.009921108572337856
2017-06-20,0.006507766235356371,0.008970335857083813,-0.0020204464680176892
2017-06-21,-0.001752705056435972,-0.004756703538738328,0.01169325163753454
2017-06-22,0.003657923683277164,0.008101262306191062,0.0006633295800400063
2017-06-23,0.012051199498936762,0.012672804496730741,0.00906320849835951
2017-06-26,0.001142959141006846,-0.0004512805921730629,0.012479022214370916
2017-06-27,-0.004563006907915344,-0.006259452726837922,0.00180748018723631
2017-06-28,0.00593152047659094,0.0067646722505606705,-0.00776929942961635
2017-06-29,0.0005957276473090994,0.0007274153347067555,0.006214740398829521
2017-06-30,-0.005544493605310047,-0.0012765059866280165,-0.0005533099107889461
2017-07-03,-0.008618790118629628,-0.006792448391380284,-0.00434984182393372
2017-07-04,0.016434028725172457,0.01096673916773908,-0.008455565142364119
2017-07-05,0.0011155066058139256,-0.000978048243207384,0.010966911419399983
2017-07-06,-0.0018941575797340017,0.0003953012965483798,0.00011476413238309391
2017-07-07,0.004049823078733205,-0.003824021547766034,-0.0011393131335210027
2017-07-10,0.009540283199809542,0.000492647325279332,-0.0006127031972712471
2017-07-11,-0.002157244884492728,-0.002035025772110312,0.00468567393511754
2017-07-12,0.014038320635417524,0.005389902841323061,-0.0032663090707499842
2017-07-13,0.009287816613223235,0.0012165841029141739,0.007680071717111048
2017-07-14,-0.00250355288960876,-0.024525238670665233,0.004385774576068924
2017-07-17,-0.0030153469075284043,0.0022952301775750633,-0.010674868825764516
2017-07-18,0.01732262971306469,0.019461364332113224,0.0009881099258644
2017-07-19,0.0035915409821073666,0.0044352049992896535,0.017062156752600144
2017-07-20,-0.009940104242234652,-0.0029418630777989308,0.004860915610966021
2017-07-21,0.0069442761384507015,0.005272666063992094,-0.005144241544553285
2017-07-24,-0.006167933473129102,-0.004917364714964163,0.0039880920452717294
2017-07-25,-0.003042592571346192,-0.005059914511431602,-0.006387122108631793
2017-07-26,0.0016950476573175453,0.011524115823898562,-0.003809590381658068
2017-07-27,0.0015128425918209927,0.0015952850624728937,0.0018351644496261699
2017-07-28,0.0019110307791652195,0.006124211226912392,0.002613012803762693
2017-07-31,0.014067080452597204,0.004673662829941464,0.004293517540819414
2017-08-01,0.0008568958869530614,-0.002148904403334056,0.008697466739078674
2017-08-02,-0.013680866614012101,-0.005860016211429556,-0.002527596687867062
2017-08-03,-0.006910372946616648,-0.0073659067838911995,-0.008779930069000352
2017-08-04,0.003380866185060674,0.007498675705415435,-0.005432114661881093
2017-08-07,0.0011297647471046881,0.0030569443766922865,0.005181277275203788
2017-08-08,-0.0051894730562886595,0.0010383099134535975,0.0014543346955422365
2017-08-09,-0.0034677930612317977,-0.004343987587510946,-0.0003134871831971253
2017-08-10,-0.016346490640100304,-0.016924555240141408,-0.004052489386337288
2017-08-11,0.011436867506011732,0.01921197682378801,-0.018453034510969024
2017-08-14,0.005895693711989421,0.0030320218154511786,0.012976544614583085
2017-08-15,-0.0026646783234691744,0.003418613483981251,0.003080104366278036
2017-08-16,0.004416118914925413,0.006178732273699916,-0.0012520034753888964
2017-08-17,0.003895204164039878,-0.0012367919145382298,0.005365508372462413
2017-08-18,-0.00010786050591639847,0.0038816739804920903,0.000910976868174318
2017-08-21,0.008348475148955543,-9.540702019017466e-05,0.004381596221947115
2017-08-22,0.006142672241790929,-0.0003568224553404585,0.003023263895385986
2017-08-23,-0.0041614395815566235,-0.005833023111968839,0.00101004717106834
2017-08-24,0.0205444532659423,0.014810073448629042,-0.005708063438309541
2017-08-25,0.010980198256996468,0.012646547564493524,0.016360301500810026
2017-08-28,0.0004651693972380376,-0.002106593516442014,0.012371731541856112
2017-08-29,-0.004300484445905176,0.0018529909581775916,-0.0021261037132648264
2017-08-30,-0.002088979481458677,0.0004153663760517258,-6.258899372535431e-05
2017-08-31,-0.0010338259754286748,0.004266936224679996,-0.003184414365073218
2017-09-01,0.0021346941108190496,0.0054384923376291005,0.0022108322933263036
2017-09-04,0.006325004103537984,0.0030873901561673084,0.003936781759229735
2017-09-05,-0.005673156891971152,0.00048698724287783116,0.0029722125431010937
2017-09-06,-0.007502977296434887,-0.00625715073690869,-0.001970417806354652
2017-09-07,-0.0013044371291396496,-0.0002703695999284169,-0.005086440920131441
2017-09-08,-0.0013071095834276908,0.004943262398627539,-0.0010130892171275052
2017-09-11,0.005268971411121047,0.00022570370734647277,-8.886588830592235e-05
2017-09-12,-0.0019509346747141841,0.001985420092985048,0.00320991204109089
2017-09-13,-0.00630242682772656,-0.004571957931428791,0.0012194073367675085
2017-09-14,-0.0004837048017180416,-0.001614109300874546,-0.003292033279463702
2017-09-15,0.0036042219475304537,0.007975162814455792,0.00034987310572431873
2017-09-18,-0.004165760509340281,-0.007422729672320668,0.003090334873280476
2017-09-19,0.0006208281789572263,0.006535134871977322,-0.002867446931415496
2017-09-20,0.0032962906832165245,-0.0037335990212084636,0.002693026314416036
2017-09-21,-0.0003289441217589021,-0.0032465365055935574,-0.0012023609997813267
2017-09-22,-0.0015003658325021805,-0.008475196679833732,-2.34508132220812e-05
2017-09-25,0.0007553947674571141,0.0012219654264109536,-0.005195779796911215
2017-09-26,-0.0052230093358425975,0.003975755759900009,0.0007831756068301665
2017-09-27,0.001372347261565947,0.0008764512781569105,0.00010992519851948934
2017-09-28,0.004159903450748468,0.00528158567831711,0.0003506751805715247
2017-09-29,0.008976254149069867,0.011732036231476941,0.0036520219539886156
2017-10-09,0.0007551696321838472,0.0035839119328115376,0.011914505408575637
2017-10-10,0.004087935181300719,0.0012206088731657103,0.001970527096679442
2017-10-11,0.0032425576855340116,0.0007612551334483639,0.003298319219714907
2017-10-12,0.0014759357456745358,0.006505658122426571,0.002628955925271903
2017-10-13,2.0946522741889806e-06,-0.00718742202524157,0.0020572713681494825
2017-10-16,-0.0013313148539482464,-0.00148453026146638,-0.0019255292017342773
2017-10-17,0.006615003254342608,0.002813441749195051,-9.71010233935532e-05
2017-10-18,0.0009579026906960333,-0.003703407760915759,0.007945168371636502
2017-10-19,-0.0035250590190659963,0.0028472004808049378,-0.0032731937852419346
2017-10-20,0.0012123407315707344,0.004253796698733016,-0.0011192368839427758
2017-10-23,0.005116107661134168,0.004084312853293153,0.0010058953104905566
2017-10-24,-0.0007444809966590527,0.0039054005643654544,0.007275872595909227
2017-10-25,0.00809266719053331,0.004192769742951384,0.004432489771177384
2017-10-26,0.012484002465538517,0.001831000086172033,0.0041815964495404145
2017-10-27,-0.006274352779513886,-0.00959919966262192,0.007108909800229268
2017-10-30,-0.002322646740783606,0.0033410603085376467,-0.00304577110222104
2017-10-31,-0.0030447868110740797,-0.002999660844227473,-0.0007481819179394611
2017-11-01,-0.00020069314028738677,-0.00318725866697405,-0.002520765114607415
2017-11-02,0.0002133737974420409,-0.0038798992395991144,0.00012760782861520603
2017-11-03,-0.000651017336395181,0.009315735412862887,-0.00110829520180733
2017-11-06,0.010237036943269981,0.0081709867780496,0.007060385202995567
2017-11-07,2.9968157988906844e-05,-0.000559319848145136,0.008296670637595094
2017-11-08,0.004419563553569712,0.008076889459511825,-0.0015391256089288818
2017-11-09,0.01145329580099084,0.009201831514788499,0.006889805114117742
2017-11-10,0.0029249383294401507,0.003498987996334159,0.008834858558845804
2017-11-13,-0.005299461828144812,-0.007833427340285597,0.00393004710706224
2017-11-14,-0.005817339158250027,-0.011386368587545239,-0.0069572463645236615
2017-11-15,0.009816986219041469,0.007568254989359995,-0.006264407771963909
2017-11-16,0.013910068380938164,-0.0069563328310089855,0.007693308490869466
2017-11-17,0.004232788858682695,0.01028952135055399,0.0038586994915967843
2017-11-20,0.014245387219040364,0.013260677098997269,0.005576519407403779
2017-11-21,0.005457874555407838,-0.00135680980180884,0.017826503500384838
2017-11-22,-0.025544897309779175,-0.03077471359686839,0.0023401379898997376
2017-11-23,-0.0013243353123664867,-0.0005103587584301168,-0.02960802541412677
2017-11-24,-0.008522267367417702,-0.015363092249589634,0.0004387675507020461
2017-11-27,-0.0029313221605533945,0.0074941008623146755,-0.013218166756006067
2017-11-28,-0.0023266298845841674,-0.0013775260826107694,0.0014494006098841883
2017-11-29,-0.010595265544421051,-0.01086106870846085,-0.0005103776794828097
2017-11-30,-0.004132708056202838,0.004056976802210431,-0.01175454825778599
2017-12-01,0.0052695319138532,0.0010898231763821129,-0.0019869698709468198
2017-12-04,0.012603062771905978,-0.004373283118987928,0.005182409820566614
2017-12-05,-0.009509844129583476,-0.0005397839832475311,0.005302498718542159
2017-12-06,-0.008792727199352783,-0.010499087356225132,-0.006026974112475436
2017-12-07,0.007955895334512833,0.0107884457270222,-0.01114591789472641
2017-12-08,0.011888119403137689,0.01609024850102417,0.008138884831757842
2017-12-11,-0.01731902688092112,-0.012512429798964211,0.016516043942868208
2017-12-12,0.00857262217191908,0.008922560296217963,-0.013141663595036213
2017-12-13,-0.006869736108615664,-0.004632587032147972,0.008483523488428846
2017-12-14,-0.01095841189073165,-0.010491333469054778,-0.005910979756005408
2017-12-15,0.0031787669372222386,-0.0023543113692759015,-0.011248959924493596
2017-12-18,0.014153088155319451,0.011490489224970757,0.0011128248669884933
2017-12-19,9.236171258922732e-05,-0.00445397280948044,0.012556175334793584
2017-12-20,0.0057967164925378165,0.009408326862198248,-0.00119940624434689
2017-12-21,-0.004894371078155788,-0.0033097046600710778,0.009269344422142334
2017-12-22,-0.0022824536803042117,-0.006567941811794653,-0.0032572489152746797
2017-12-25,0.005267387172349284,0.00332985134457683,-0.0032210329009026983
2017-12-26,-0.018810465560603114,-0.013463107586850447,0.0029889596539933727
2017-12-27,0.007024716809488501,0.006425774428337424,-0.015396115077387584
2017-12-28,0.001511327212682019,0.005148933338580004,0.006937745696167452
2017-12-29,0.01653555025134916,0.01320088531322207,0.0029734504466396583
2018-01-02,0.004825705070823536,0.007402816621004916,0.014029299031221854
2018-01-03,0.004074649030135791,0.004105483529680288,0.005869256740226092
2018-01-04,0.0022052868121666814,0.0015145195547552654,0.0042370098677089185
2018-01-05,0.00578789522119113,0.0040102945813074165,0.0024074733397758674
2018-01-08,0.0027514072351313285,0.004598012393451637,0.005173059498640775
2018-01-09,0.0012124154462627842,0.0011844628453637287,0.007004538286988993
2018-01-10,6.346878418104111e-06,0.001608022030373611,0.004418399255245564
2018-01-11,0.0003911454110713959,0.000850622020091404,-0.000527590361732222
2018-01-12,-0.008580344705437734,-0.009666046831094986,0.004615285845743333
2018-01-15,0.005527088416583641,0.005497526843681592,5.680473372771111e-05
2018-01-16,-0.0015332857689251292,-0.0029394586760350195,0.007864642008501344
2018-01-17,0.00591407633660854,0.00428383586482574,-0.0024304503730213645
2018-01-18,0.0013047265197744463,0.00016881301206650434,0.005484779149364849
2018-01-19,0.008911174087843051,0.014709022506491516,0.0032729162667215483
2018-01-22,0.00748541310631963,0.006829124985435277,0.011947542819807033
2018-01-23,0.005012713895286254,0.005916852483332703,0.010609694230502953
2018-01-24,-0.004083776450596485,-0.005410280218188568,0.0016611106167330192
2018-01-25,0.0038677573832598153,0.003470397739638515,-0.005651622250215982
2018-01-26,-0.015176738742527309,-0.017131831837837445,0.0037158540049666566
2018-01-29,-0.005713032967496282,-0.007960605818042032,-0.018095085933398702
2018-01-30,-0.004885168529575671,-0.00635185446238405,-0.010674055443721797
2018-01-31,-0.013435424738552021,-0.013401947765462805,0.004652146331147966
2018-02-01,0.0020883094970166327,0.003906824197085054,-0.007016066792955855
2018-02-02,0.002926550304687882,-0.0016407233759385051,0.005965755199133227
2018-02-05,-0.03708573317723178,-0.03643204022044988,0.0006836438215689356
2018-02-06,-0.009600857351717817,-0.0140391624032949,-0.029306411801176657
2018-02-07,-0.00795358742641949,0.0004836387425608705,-0.023714776723412823
2018-02-08,-0.04206825426100435,-0.03979936803190894,-0.009492655227749669
2018-02-09,0.014871960588446694,0.021199123235421422,-0.042721302077491585
2018-02-12,0.01004896123359156,0.009122090024215426,0.012875424732792684
2018-02-13,0.005356591770971092,0.005110057920798962,0.011704069304131037
2018-02-14,0.020488691443999854,0.02152234930366454,0.007960606052906272
2018-02-22,0.004922642931149817,0.002628027069547615,0.021621090205094173
2018-02-23,0.01566621299876625,0.019905451315017895,0.004530279589313846
2018-02-26,-0.009221246208576216,-0.009576759452366579,0.011625879064329103
2018-02-27,-0.006537161364078596,-0.00432876761271891,-0.014432719343826061
2018-02-28,0.008252263158144578,0.011003660218025901,-0.008706620875195248
2018-03-01,-0.006561421622551928,-0.009549560527976206,0.006325118549373343
2018-03-02,-0.00027396106452756567,0.0015922856168436583,-0.008058600821419182
2018-03-05,0.012211927771013546,0.010857171105559013,0.00040831976417043947
2018-03-06,-0.007385066728138769,-0.008461141919204709,0.012060426569771687
2018-03-07,0.008659706523351145,0.008557761870967446,-0.007355110953729871
2018-03-08,0.007952946603063267,0.015058934780162974,0.01014455055553487
2018-03-09,0.006882965532718465,0.007689943708887885,0.0076687267019814875
2018-03-12,-0.00751168739710347,-0.00884917999163694,0.004575467220914842
2018-03-13,-0.00741503330108928,-0.007484304212214877,-0.008823379775999562
2018-03-14,0.002612393712302569,0.004544659382683495,-0.004377635197066909
2018-03-15,-0.006719331737582227,-0.010605958780499858,0.005602282156657701
2018-03-16,0.004855204771032677,0.00547590051474302,-0.009701769462130305
2018-03-19,0.0023991919205380557,0.0023950244335066667,0.004395501452019168
2018-03-20,-0.00629525609247753,-0.008563399102366333,0.0008467816162482933
2018-03-21,-0.004473486061126694,-0.007680024200977353,-0.004083184147926411
2018-03-22,-0.03900467774282254,-0.03776040269190544,-0.010022038635328356
2018-03-23,0.0032436706334744,0.006332606341880661,-0.028706455905580297
2018-03-26,0.013188424372235035,0.01656672290491525,-0.006414951318074125
2018-03-27,-0.01453442296362112,-0.015423423206919331,0.008603336692535102
2018-03-28,0.012289536959358607,0.012216505818684149,-0.018028400800353728
2018-03-29,0.0052240519409434,0.006848512705714341,0.013357725777574325
2018-03-30,-0.0020807398023798018,-0.003636640612903665,0.0011427690964420645
2018-04-02,-0.005453768826234841,-0.0073150933063400115,-0.0029703732204694466
2018-04-03,-0.003647174401146995,-0.005545267524782064,-0.006287754829016334
2018-04-04,0.005199033549689137,0.0004885133849571296,-0.001972825749259499
2018-04-09,0.017913642830912617,0.013875793850010159,-0.0005006666908785595
2018-04-10,-5.457158953179166e-05,0.00179829095774323,0.019268452839786843
2018-04-11,-0.01032132168955625,-0.00841823367154358,0.0028442873621463693
2018-04-12,-0.006932564753155278,-0.004828745591504512,-0.010080389199510487
2018-04-13,-0.01586306848764105,-0.010055828056021057,-0.007053741817659498
2018-04-16,-0.015505525599473382,-0.01885183008071532,-0.01608828407135876
2018-04-17,0.009267616071289026,0.007747902823814735,-0.015810504980492968
2018-04-18,0.009512751929880709,0.008879512722428786,0.004705706602928128
2018-04-19,-0.015288917466896153,-0.015585241247863044,0.012096817018384165
2018-04-20,0.001711577611426731,-0.004689909892347791,-0.013376741940899994
2018-04-23,0.024172839408308784,0.02214427780311585,0.0014571174069690773
2018-04-24,-0.005933853579182496,-0.0027548260262226947,0.020486786872100815
2018-04-25,-0.015487724663195493,-0.018943655810975457,-0.003848065169936743
2018-04-26,-0.00033526429632832694,0.004337849920667769,-0.019121372789719704
2018-04-27,0.0006630348334528094,0.0005464475612440964,0.00037012480395381964
2018-05-02,0.005683910349064562,0.009407570555936948,0.0018020272140713
2018-05-03,-0.007262598049115756,-0.004778427813685157,0.007798280924102841
2018-05-04,0.016716073949223993,0.018076478363060127,-0.004851041392037958
2018-05-07,0.012027198075990196,0.009189797945413889,0.015787103269220726
2018-05-08,-0.0013147104742335354,-0.0018840817645084623,0.011603493827901046
2018-05-09,0.005091254244622931,0.005889904064822212,-0.0018202068745036826
2018-05-10,-0.005361465801252131,-0.0074978116270874185,0.005537733558562019
2018-05-11,0.00801769552869836,0.00629127244733991,-0.005193857787961109
2018-05-14,0.0020035101453032464,0.0055877777838447985,0.009411697875460812
2018-05-15,-0.010844880470665112,-0.006442043380699171,0.0037884117064734824
2018-05-16,-0.006700149157741348,-0.007568556354456254,-0.0079661578451109
2018-05-17,0.01264923144737557,0.007766247508957713,-0.007395628898182349
2018-05-18,0.004286262027134037,0.007298711686787117,0.010095625056611546
2018-05-21,-0.003759913557507784,-0.00048649954714240017,0.004657883814237929
2018-05-22,-0.015875111696441558,-0.013854421598391438,-0.003832971202986757
2018-05-23,-0.006053159664182928,-0.006728809700171724,-0.013217415346333139
2018-05-24,-0.00452372383066329,-0.007980243625661045,-0.007098049592951794
2018-05-25,0.0034763962821127725,0.0034450986102833986,-0.0028009887072077966
2018-05-28,-0.006657800978677937,-0.009484719107663322,0.004391458142277038
2018-05-29,-0.021616275426452107,-0.021414433638486417,-0.007630580758936301
2018-05-30,0.017315157620807875,0.016181324178159713,-0.02119868244300105
2018-05-31,-0.006206568956611733,-0.009163539334859536,0.02122002379564747
2018-06-01,0.01140531631713598,0.0055885428446259865,-0.008360553127251924
2018-06-04,0.008597120345562786,0.01393767162062977,0.009810135814289023
2018-06-05,-0.0031849047196560263,-0.0019080317451358741,0.009911807499776826
2018-06-06,0.00035882844360086936,-0.0025867421798261925,-0.0020726493503792076
2018-06-07,-0.014215514779357253,-0.012200555536023363,-0.0016521818442414293
2018-06-08,0.0006646592247583912,-0.0019132347946972622,-0.013414217138561502
2018-06-11,0.009819177177883855,0.01034532446369431,9.524767040081095e-05
2018-06-12,-0.007968216810862705,-0.011716097946603206,0.012161440007619095
2018-06-13,-0.0005934616325518328,-0.002515119531374986,-0.009830238241482436
2018-06-14,-0.003915976341885437,-0.009068800704171234,-0.003951598853323635
2018-06-15,-0.032151770123173135,-0.04423317868314031,-0.00528440094663396
2018-06-19,0.0014560674637080083,0.004601648746897454,-0.03525042427859315
2018-06-20,-0.011075334379063433,-0.014456630616869193,0.003954577589254216
2018-06-21,0.005923462632917701,0.00895922790571367,-0.011682217283189966
2018-06-22,-0.016475390134682164,-0.01169433013058972,0.0044336579487165295
2018-06-25,-0.004143104222009898,-0.0003660147597912238,-0.01341683061320631
2018-06-26,-0.02013203182438097,-0.019624673977140055,-0.00824888779041022
2018-06-27,-0.008346718104110033,-0.007301398903248086,-0.020347709360512667
2018-06-28,0.02664753840074127,0.030448726590918667,-0.010328798644796855
2018-06-29,-0.03188046924167585,-0.024126350574418556,0.025543810044018844
2018-07-02,0.008850850813017369,0.004212425723166903,-0.02934223493155752
2018-07-03,-0.01802061208744794,-0.01523514555524982,0.00038732848977107714
2018-07-04,-0.016566280737672696,-0.014200313136848044,-0.01335472592453546
2018-07-05,0.007921134954372615,0.008121885320265556,-0.006335191378669669
2018-07-06,0.02680400820659225,0.02921413521807919,0.006785462117494978
2018-07-09,0.005769233922952571,0.0030151711676913756,0.02795145492582729
2018-07-10,-0.01654475411051746,-0.01640305303079757,0.002410976011655963
2018-07-11,0.029876191191706206,0.026697470536192997,-0.017300549095607187
2018-07-12,0.0014388581139042848,0.002702985464017133,0.021578680158355068
2018-07-13,-0.0015242163053992243,-0.0026585509022063153,0.003340936381447168
2018-07-16,-0.001354771382277479,-0.004185685083918367,-0.005898032748397286
2018-07-17,-0.00576421309159477,-0.006341492924052854,-0.006540729070963036
2018-07-18,-0.008506862757957687,-0.002649050285894889,-0.005235723521328506
2018-07-19,0.017173461531820203,0.01728152988043487,-0.0008684704428616463
2018-07-20,0.0051836255573443485,0.006558433563753471,0.01882835424724494
2018-07-23,0.008744532677500014,0.014459893499799037,0.009407682463518752
2018-07-24,0.000478722165328318,-0.0001694520253888086,0.015871800326171748
2018-07-25,-0.010352810867838383,-0.01162818962973595,-0.001105617149350424
2018-07-26,-0.008207816918202293,-0.00435280387954489,-0.01159946893997621
2018-07-27,-0.014809138095410186,-0.009478808427306227,-0.00424743725698129
2018-07-30,0.0027080495263269414,0.0023943615292622805,-0.0017465487911895172
2018-07-31,-0.014101683245691037,-0.01860002899140884,0.0007339804499471025
2018-08-01,-0.021172053416146495,-0.02300387453977047,-0.019976347913101322
2018-08-02,-0.01618189832888662,-0.0156180932842948,-0.02217039557462308
2018-08-03,-0.022097373143220925,-0.017047153908833917,-0.016517549896765238
2018-08-06,0.027643616097914655,0.02902782755552161,-0.012671629545619179
2018-08-07,-0.019018525751349033,-0.017026370934267416,0.029206267738377756
2018-08-08,0.029023232791721105,0.027135489808851516,-0.016135974377164963
2018-08-09,0.005483029822191019,0.002911410167365006,0.025047442910113293
2018-08-10,0.007954670257317917,0.0014376972785703807,0.0022045427119112837
2018-08-13,-0.006993583841099337,-0.005639707588242647,-0.004311281578375459
2018-08-14,-0.024310868554409955,-0.02309166238574564,-0.005141077296082486
2018-08-15,-0.00794006448655477,-0.006718165252868423,-0.02399411783889871
2018-08-16,-0.017355558160766022,-0.01635671766338525,-0.004632470428131419
2018-08-17,0.0025420915641417717,0.008613041063651159,-0.014377138183493954
2018-08-20,0.015377974195416014,0.015427383726365968,0.011651525566475307
2018-08-21,-0.006909541674701974,-0.005416105394041042,0.01818042696457267
2018-08-22,0.007914397624644834,0.004745974584510331,-0.005621270647648613
2018-08-23,-0.0022298001512900925,-0.00011204232832938223,0.003651808521894395
2018-08-24,0.02846174584363631,0.025297229558171135,0.0015963711171282924
2018-08-27,-0.0020445438707818145,-0.0015672850495204646,0.024430658009881867
2018-08-28,-0.006803350534159209,-0.005114733049971977,-0.0018787225860616985
2018-08-29,-0.013488844584856297,-0.011540704142133453,-0.0039998000099994435
2018-08-30,-0.011850178493605128,-0.009014031701261995,-0.010476676991764577
2018-08-31,0.002770517369039829,5.3181753508625895e-05,-0.004950628004619428
2018-09-03,0.009002558247142467,0.011365407708939219,-0.0038026690658269358
2018-09-04,-0.017011484121852997,-0.01852553511827396,0.012667754423779654
2018-09-05,-0.006383808617893712,-0.00781586040315041,-0.019548738071880956
2018-09-06,0.004271948516275564,0.0028836888857724746,-0.010690874250334992
2018-09-07,-0.02029298283123861,-0.01749159788067264,0.004523611043004916
2018-09-10,0.0013820100150847392,-0.0017030264084245683,-0.01451349141455427
2018-09-11,-0.007902581976941587,-0.0073067191929639475,-0.0018142021689933063
2018-09-12,0.006457776034601132,0.00791655873261938,-0.006882306053265785
2018-09-13,-0.010877030043042302,-0.0031563703165341356,0.010790063772243785
2018-09-14,-0.011553990448574676,-0.011647117544010679,0.0017055092273610128
2018-09-17,0.019961021704657866,0.019251598685084272,-0.011464826701294561
2018-09-18,0.009287928938742878,0.011302847788129717,0.020128427542653204
2018-09-19,-0.001125115741276068,0.0003325268364575061,0.013167432855268446
2018-09-20,0.02108674646827911,0.026595096621018537,-0.0007094382456648285
2018-09-21,-0.0050344397460242,-0.008156473724512368,0.03031905091340814
2018-09-25,0.01071355778330728,0.009994959994793051,-0.008998706930675504
2018-09-26,-0.010839957165492672,-0.00778871793006175,0.011077578554943956
2018-09-27,0.010130656448499496,0.010475077736376745,-0.0039944516627452575
2018-09-28,-0.04234423058647119,-0.04426288860955964,0.010362587738241169
2018-10-08,0.0033161625147940057,-0.0005780263921377442,-0.043025886485637654
2018-10-09,-0.0008554716076183047,-0.0025880750587447304,-0.0006715488164331651
2018-10-10,-0.045171825386608376,-0.058941284208807496,-0.002155873615330206
2018-10-11,0.02101507035442514,0.012972583478651998,-0.047991833252072125
2018-10-12,-0.013467532106463124,-0.014667563837923352,0.014922649970711577
2018-10-15,-0.0014207582990765693,-0.012372584006752578,-0.013965238288974557
2018-10-16,0.0032460874497782333,0.006275259706782428,-0.008149818484223359
2018-10-17,-0.02268465688549027,-0.020247588544247637,0.005572449910834498
2018-10-18,0.027133420479493298,0.02585331697564421,-0.023686362543093087
2018-10-19,0.04551093335728519,0.0531100561385243,0.029746517364726666
2018-10-22,-0.03136269059079219,-0.02911677875579412,0.04316496275857684
2018-10-23,0.006178921186888288,-0.0002737301931144964,-0.026554382359866402
2018-10-24,0.0015219806916607582,-0.0010684361144185203,0.0014983838187112575
2018-10-25,-0.006404366445305727,-0.007033192242340907,0.0019164418794304083
2018-10-26,-0.030842196204505595,-0.02390814590043893,-0.006470881035340992
2018-10-29,0.01236678842924326,0.009139965615999548,-0.030485499300487717
2018-10-30,0.01259489866550374,0.012034094181695654,0.010845366587690863
2018-10-31,0.0043008779443110545,0.008786500239633645,0.01400526001041702
2018-11-01,0.03474643630918077,0.042995940655392646,0.007359329321267483
2018-11-02,-0.011862256493048446,-0.008950971465227069,0.03563705725158406
2018-11-05,-0.004365366834248629,-0.005984969100575903,-0.008330673960945223
2018-11-06,-0.007070630298637368,-0.006951886326919835,-0.006034620146865954
2018-11-07,0.0011866631941446781,-0.0038929817233981207,-0.006549188289163399
2018-11-08,-0.019046703245080274,-0.009811466549569088,-0.0028368266028535594
2018-11-09,0.006446936538135577,0.018795826289454944,-0.014109319994895397
2018-11-12,0.007602846374758668,0.012506048015426652,0.011902356477154985
2018-11-13,-0.01198420393426392,-0.009170730509151246,0.010058842983457827
2018-11-14,0.012755522926776727,0.012829252606962533,-0.010020448634389556
2018-11-15,0.00195953064899179,0.004411319427882405,0.01167884578182421
2018-11-16,0.011917680218229148,0.005621372180448035,0.004718770528965077
2018-11-19,-0.017164220280648894,-0.023054499909356246,0.011336323200324072
2018-11-20,-1.110563510382096e-05,0.0013798003339805678,-0.02312572087658593
2018-11-21,-0.005488809472126887,-0.0028613772141065402,0.0025105564548955073
2018-11-22,-0.018788203154822682,-0.028569122664304145,-0.003737807958493544
2018-11-23,0.002122833421766041,-0.00013513051543902397,-0.02207234253040191
2018-11-26,-0.002526702497742252,0.000794781550916184,-0.0007125860511281168
2018-11-27,0.011501088838300103,0.015554527809231531,-0.0012733824858972564
2018-11-28,-0.007369065117960926,-0.014692552117076731,0.013288750621565537
2018-11-29,0.007936810336203201,0.01004745214803271,-0.012985501410851974
2018-11-30,0.024565594356516708,0.03106415593055134,0.011167593581183466
2018-12-03,0.0024270659516014495,0.0018949133925080877,0.027818664918413116
2018-12-04,-0.0040473520072785325,-0.0037243438703532528,0.002073015532283673
2018-12-05,-0.01856743347056086,-0.022567234940545862,-0.004807648169513179
2018-12-06,-0.002131821698263382,-0.0016957220084392916,-0.021626691266912634
2018-12-07,-0.007661827636696164,-0.01047736963070643,-3.4573038687257807e-05
2018-12-10,0.002452953223509282,0.005645865184344068,-0.011566652836973002
2018-12-11,0.0024540955993303994,0.0012161890544808587,0.0047889187092178265
2018-12-12,0.014638320872402735,0.014637323594502982,0.0034147514731852624
2018-12-13,-0.012974709545492452,-0.019609603973561533,0.015479671104298598
2018-12-14,-0.00044475773597405985,-0.0037674320699375074,-0.01670347145222062
2018-12-17,-0.01183589350260891,-0.010105776603373593,-0.0014877239087656147
2018-12-18,-0.010485474411613058,-0.013164407155972224,-0.010366316588637181
2018-12-19,-0.012177119244710478,-0.0029785483774581616,-0.011922913410240876
2018-12-20,-0.011714120869998373,-0.01099702352621815,-0.007670334149647573
2018-12-21,0.0015461643864562447,0.005743790966418353,-0.012394781281989453
2018-12-24,-0.006579014231817206,-0.007812644611301347,0.002904865649963506
2018-12-25,-0.005654806413830275,-0.005328681829678479,-0.0068856559805146045
2018-12-26,-0.00022155394626074292,-0.006910580087059264,-0.005054221020256655
2018-12-27,0.004752032467233041,0.002677492059282852,-0.0038374033570617305
2018-12-28,-0.014010556292020662,-0.012725635834837339,0.006734637235789265
2019-01-02,0.0015318253335647877,-0.004267526875690241,-0.013654858585355312
2019-01-03,0.023332727477072733,0.026130581559524208,-0.0015827367201654008
2019-01-04,0.0018140489490693036,0.010383581857132269,0.02395744795671928
2019-01-07,-0.0033472564711204823,-0.0018124475263499346,0.006070747429896661
2019-01-08,0.010406678748501116,0.006612033377057783,-0.002160887928494337
2019-01-09,-0.0013186623644646878,-0.0007641845829367793,0.010099419234176565
2019-01-10,0.007210905328803692,0.005869973277529488,-0.0018807983160520347
2019-01-11,-0.008123633009339612,-0.008903121031729442,0.007189140459987975
2019-01-14,0.018761797875168736,0.018661772697258376,-0.008724368129560123
2019-01-15,0.000577939440813012,-0.0007576106523642696,0.019626570353806105
2019-01-16,-0.004792874447200615,-0.007657110288052541,0.0002109981170017594
2019-01-17,0.018948807465798988,0.016648764680977774,-0.005507167628210241
2019-01-18,0.004233626650323759,0.004748254816033137,0.018239260530561685
2019-01-21,-0.011468771226400153,-0.013791006879971828,0.005514224299832282
2019-01-22,-0.0019054910542144984,-0.0010329530479460708,-0.013284614708504283
2019-01-23,0.006354376842625572,0.007459965937170798,-0.0007221663718616211
2019-01-24,0.009209188694060953,0.005371350512730839,0.005644609286703517
2019-01-25,-0.0011295584514229378,-0.001120226531250482,0.00813288674741508
2019-01-28,0.004617826785781422,-0.002785586097686199,-0.00021667655842250166
2019-01-29,-0.004730464747202213,-0.0075617909430723,0.003200598031270818
2019-01-30,0.012254445067642098,0.004790472843394574,-0.00798066356290128
2019-01-31,0.009710598875106457,0.02311630747254534,0.010462429934858353
2019-02-01,0.011054373472831992,0.02240590664436832,0.014295843054943802
2019-02-11,0.0048043317764466425,0.007218668238134647,0.0181899365646363
2019-02-12,0.01958945934585666,0.020216952646844692,0.0072191793665148385
2019-02-13,-0.0017031981240506503,0.002976623077188743,0.020024982434226013
2019-02-14,-0.017868571438187014,-0.013304265581570449,0.001504255187619652
2019-02-15,0.025724556090686936,0.03500446518234294,-0.018647086833581183
2019-02-18,-0.0010500640757905835,-0.003629709412187971,0.032060382783718255
2019-02-19,0.002210127273071208,0.00296622646942584,-0.0017790082826909526
2019-02-20,-0.0016969555563550662,-0.0006434128253969591,0.0035818014251614017
2019-02-21,0.022258717319043688,0.0279617581356435,-0.0026709695735428474
2019-02-22,0.07525074185727033,0.06638719611874369,0.022485193350587185
2019-02-25,-0.0276368174345789,-0.018171693330737253,0.05947524516209679
2019-02-26,0.0006804068190569335,-0.007005100189272965,-0.012009717172367207
2019-02-27,-0.003129826554246657,0.0008050898586714166,-0.0017097774846731584
2019-02-28,0.024157923455223964,0.018130272558007126,-0.002452159776423879
2019-03-01,0.005168913497897115,0.01674683384489614,0.021894766676568533
2019-03-04,0.00041997127866013874,0.016779947478941404,0.011838248824575626
2019-03-05,0.007543322451316201,0.009521532368387708,0.005774755541498644
2019-03-06,-0.0112352987428996,-0.007973435515811296,0.008406686565286758
2019-03-07,-0.037985403101979,-0.03185695161072017,-0.01019726669594534
2019-03-08,0.011587159445913387,0.025973862303506307,-0.0397153996613151
2019-03-11,0.005120371159274089,0.011150845104900562,0.019786306793016184
2019-03-12,-0.0024542989827769,-0.018467197920430372,0.00680974275794588
2019-03-13,-0.004124431779974288,-0.012283361086160492,-0.008297495572982538
2019-03-14,0.011491594293118836,0.012569462276245558,-0.006900829442106904
2019-03-15,0.02632896470052693,0.02936586812811532,0.012575402393949942
2019-03-18,-0.007019511186850182,-0.004970208814282007,0.02850467289719627
2019-03-19,0.00226622542878458,-0.002516412888974497,-0.004618679820860616
2019-03-20,-0.0007735229816088327,0.0037493773858189145,0.00038602385001418327
2019-03-21,-0.003016841472202543,0.0005736851774729475,0.00037805310472838194
2019-03-22,-0.024194622226012364,-0.020604694190945665,-0.0008053397413008145
2019-03-25,-0.0077440701120379835,-0.016521258196892524,-0.023728415671135705
2019-03-26,0.010162332927836564,0.010519161409700566,-0.011325654651693995
2019-03-27,-0.003441676841293849,-0.005446695152893565,0.011606727848580078
2019-03-28,0.03913755206342743,0.03976990819054392,-0.004004391741175728
2019-03-29,0.021749839385381043,0.03228592986411738,0.038606372706791126
2019-04-01,-0.0008778198543400763,-0.003628669296424739,0.026234783102723425
2019-04-02,0.016112970128540835,0.011636994237916769,-0.0006643297692712213
2019-04-03,0.009992381048370939,0.00798235664373949,0.012809439753833196
2019-04-04,-0.004815443002204159,-0.008282934697794826,0.009962308809197129
2019-04-08,0.0016710158010735821,0.004011495286874833,-0.0012308510350226287
2019-04-09,0.0018638457269182626,-0.00018848855138166507,0.00448581914261692
2019-04-10,-0.017650289511826324,-0.02011656278641976,0.002556785418961871
2019-04-11,-0.0007895557754434382,-0.001111349607507996,-0.021603827844879242
2019-04-12,-0.004554380961142617,-0.008096329592113054,-0.0022413560203923266
2019-04-15,0.026968825503998334,0.026323511612882537,-0.0032843439585621415
2019-04-16,0.00040771708006080265,0.0015422207032523521,0.027737251982130617
2019-04-17,-0.004152835982065447,-0.004541381268086215,0.0003548885282895764
2019-04-18,0.01016118035776793,0.011694981909157758,-0.0037091044323308564
2019-04-19,-0.020984782498652658,-0.019612263224595177,0.011917742284041521
2019-04-22,-0.0010403301268710106,-0.006052933304623943,-0.023054838968016744
2019-04-23,0.0024090644692784154,0.0072957167956150416,-0.0016395030815204992
2019-04-24,-0.019299042028543253,-0.025036083684568795,0.0027568978430010382
2019-04-25,-0.011364005077938315,-0.011894535368405013,-0.021902736663449218
2019-04-26,-0.05135253583104784,-0.0700472075033316,-0.013331405289942255
2019-05-06,0.00771345722349769,0.009757614606408735,-0.052619129039639834
2019-05-07,-0.016057081216322492,-0.012429332782773726,0.009783912588001042
2019-05-08,-0.016374848802312058,-0.013621892722757918,-0.014301187689313988
2019-05-09,0.03327609191168344,0.0355446100107251,-0.018476002464921315
2019-05-10,-0.015071284768162463,-0.01704373743288066,0.03632247131705424
2019-05-13,-0.0077655148627960345,-0.006308639591737394,-0.01654492085405246
2019-05-14,0.021128433607991652,0.021659114996286716,-0.006427292278254337
2019-05-15,0.004462215276605895,0.004547319595843361,0.022479184670040953
2019-05-16,-0.022642206110483218,-0.02665281835211034,0.004526319461027217
2019-05-17,-0.006705926852137484,-0.009033236513369085,-0.025427622089979507
2019-05-20,0.00929525230367041,0.01488355611762098,-0.008487815038533686
2019-05-21,-0.0029732713677451707,-0.004149465492275033,0.013541416168434406
2019-05-22,-0.012728697660242686,-0.01944959964370574,-0.004745307872302207
2019-05-23,0.0014802063149347972,-0.0010996549141765177,-0.01792633269212851
2019-05-24,0.011724728280855913,0.018006930858677026,0.0027762586636010944
2019-05-27,0.0038554093164842925,0.0031024019723215257,0.012045376762356286
2019-05-28,0.0057845026964393215,0.0024589591108278137,0.009639282964918117
2019-05-29,-0.0038832995315135743,-0.003652271560964101,-0.0022738041424082978
2019-05-30,-0.002062356086006341,-0.0022339311814412017,-0.006203755004899114
2019-05-31,-3.513990372215254e-06,-0.002637861199315147,-0.003128106822513521
2019-06-03,-0.008999739975891445,-0.010663110831330948,0.0006116056300777828
2019-06-04,0.0003903640564035921,-0.0015071593652617851,-0.00923455607225765
2019-06-05,-0.009408024281342287,-0.014844806940688158,-0.0003807173604336578
2019-06-06,0.011263416430025507,0.013221154998432334,-0.009012815879458458
2019-06-10,0.029855452394486028,0.035026138692851747,0.012921215929620589
2019-06-11,-0.006498775718419008,-0.008490730711193646,0.03006032004519854
2019-06-12,0.0016522089828942873,0.00042803952472149554,-0.00757673528209768
2019-06-13,-0.008020162205171337,-0.010847712995737105,-0.001546964319579569
2019-06-14,0.0009431412038367971,-0.0009550269284371701,-0.008278635368305642
2019-06-17,0.003591248243436295,0.0027805590820078685,-1.6416407652264375e-05
2019-06-18,0.015478389102799868,0.015348663768468138,0.003502224459754455
2019-06-19,0.029941875766000367,0.02558183966507748,0.013174756381522768
2019-06-20,0.004668197632659361,0.007438043992581538,0.030296506402148538
2019-06-21,4.9282012974011954e-05,-0.0009223477128045435,0.001415690658531199
2019-06-24,-0.010643728117073942,-0.011189562118202085,0.001911871338622806
2019-06-25,-0.0004281880713917427,0.0016805179595878223,-0.010402809487487175
2019-06-26,0.010167405500414787,0.012539673289868094,-0.0018362090963378597
2019-06-27,-0.0020005373139298527,-0.0042974576894495254,0.010671185690227292
2019-06-28,0.023498122865997992,0.03164432951541601,-0.002406892631205637
2019-07-01,-0.0018716951623781047,-0.0007395360883908035,0.028811242187479547
2019-07-02,-0.009480142258037312,-0.010703373870351156,0.0003455451355629524
2019-07-03,-0.0040200779831917575,-0.006589943136725197,-0.011084103556615488
2019-07-04,0.0038258873743830914,0.006932406860949092,-0.005247166453064556
2019-07-05,-0.021460976297377695,-0.025648740923551374,0.005189641372543852
2019-07-08,-0.003291094053574492,-0.0003810179494095107,-0.023222541867872204
2019-07-09,-0.0006417580010677008,-0.002023028285142146,-0.002540240192069443
2019-07-10,0.0031754235405064817,0.0002973833171718684,-0.0016846245712645036
2019-07-11,0.007165196929065019,0.006706677585617493,-0.0004014006770995948
2019-07-12,-2.9792775222839615e-05,0.007203108659549936,0.006210999624856717
2019-07-15,-0.0055208937825471,-0.0029316011735489272,0.004059095814090252
2019-07-16,-0.0030711577557003236,0.0003130350220156762,-0.00453690846950594
2019-07-17,-0.0038866465654914797,-0.010994114529753105,-0.0005779071355770382
2019-07-18,0.011807085243673776,0.009150029021170982,-0.00952521132091333
2019-07-19,-0.0062491665587706075,-0.009832467401311083,0.01049782401019006
2019-07-22,0.0005671251548214458,0.005378447493121203,-0.00690133299719542
2019-07-23,0.00971822561395593,0.009885071396851177,0.002176281441052641
2019-07-24,0.008392367854824468,0.008222148211188671,0.00789464657472072
2019-07-25,0.002124492601180425,0.002075991300527935,0.008178374430275692
2019-07-26,-0.0017338008576391218,-0.0006170538344291472,0.0019475106918336316
2019-07-29,0.0034026466838803487,0.004750920492088965,-0.0011144024858951163
2019-07-30,-0.009114440343274247,-0.006823540688217096,0.004164212678406054
2019-07-31,-0.008659143173928628,-0.006285810367890887,-0.00903284482936817
2019-08-01,-0.0150799615316734,-0.014235904605377634,-0.008314734470818985
2019-08-02,-0.019036972229589756,-0.017812110617420256,-0.014731284853041982
2019-08-05,-0.010657509587401465,-0.012751734794396936,-0.01914640394509315
2019-08-06,-0.0045691731139309,-0.0043445064259536315,-0.010708193563657487
2019-08-07,0.013741884148923628,0.012264349551949534,-0.0040975379022256675
2019-08-08,-0.004323221902803347,-0.009257634277840416,0.013215773879379222
2019-08-09,0.017567080622057113,0.020046906554915873,-0.009745754628279535
2019-08-12,-0.009996182304663271,-0.009575606666181671,0.01804581219915602
2019-08-13,0.0031854290410369287,0.005077666038787391,-0.009015706523208378
2019-08-14,0.003027256199420342,0.005796169801026231,0.004542044602059647
2019-08-15,0.004286931258325238,0.005705417714428927,0.0031501194872909366
2019-08-16,0.02034711982593135,0.02859879525954209,0.004477531131564794
2019-08-19,-0.002337382200058427,-0.004461415209948154,0.021708430578837534
2019-08-20,-0.0006113347432602902,-0.00033913001439727405,-0.0008862886399426673
2019-08-21,0.001383448836838087,0.0021755537146601295,-0.0015761419108542007
2019-08-22,0.01313949803129512,0.005541237094522732,0.0031070189541377857
2019-08-23,-0.016234078673925192,-0.012094449205435802,0.007209681798650891
2019-08-26,0.0074454211228021025,0.015194970166314008,-0.014381579016242485
2019-08-27,-0.007488883788020361,-0.0039006636410870194,0.013553165104848386
2019-08-28,-0.0033127531687995454,-0.001800952014822697,-0.0037647860202517647
2019-08-29,0.004511548014756051,-0.0010705872447323334,-0.003258314092011161
2019-08-30,0.008792503776351412,0.016933135663706484,0.002480086750268562
2019-09-02,-0.0006544064290071469,0.003681253625220125,0.012825067967859649
2019-09-03,0.01146925076339776,0.009406938961250872,0.001374625810743435
2019-09-04,0.010422698745261845,0.008930873878916858,0.00840510586177623
2019-09-05,0.010541467404903648,0.0056848222609089715,0.010118373648996482
2019-09-06,-0.001020546892816091,0.011321525338904308,0.0059077985998594595
2019-09-09,-0.0036192828808483744,-0.0033105007854115393,0.006189676612190276
2019-09-10,-0.004256692492220229,-0.008498981019988614,-0.003445802237631912
2019-09-11,0.013258154325644483,0.008301372740536328,-0.007365012653879788
2019-09-12,-0.004795912857877807,-0.001654951249228225,0.010757995979746138
2019-09-16,-0.015542037355987375,-0.017810579609290507,-0.003690482783620941
2019-09-17,0.005170104042316101,0.0030234315846044335,-0.016802603519197934
2019-09-18,0.0014875799415874022,0.007827879251986422,0.004846808969937388
2019-09-19,0.001597876728660615,0.0018473110901517614,0.0036572141746460396
2019-09-20,-0.01022139859136489,-0.008790886526441872,0.0028717912128795042
2019-09-23,0.001914807084040494,0.001964367113531651,-0.011431402690788128
2019-09-24,-0.003614855489646001,-0.009992415868564062,0.0026782088386032576
2019-09-25,3.1430273208088696e-05,-0.014470870273231176,-0.007715812031539926
2019-09-26,-7.83122519198692e-06,0.007007591464485168,-0.007708642255966236
2019-09-27,-0.011087722801437154,-0.011889163053346878,0.002996506245541708
2019-09-30,0.007743740500805636,0.0021198738479250023,-0.009894488209414298
2019-10-08,0.0010598935872264317,0.003057140262885283,0.006068899707172282
2019-10-09,0.005452806681170551,0.012694576103163728,0.0014487919784869074
2019-10-10,0.014944549237991165,0.00755645901251104,0.008170189735743794
2019-10-11,0.009541131442097053,0.009580535370557015,0.009572502219561185
2019-10-14,0.0002126508925872412,-0.007681427339132828,0.010611673096047047
2019-10-15,-0.003590191532130182,-0.003314628923260589,-0.004297740587467458
2019-10-16,0.002579526611697138,0.0019297420744174446,-0.003444903143855149
2019-10-17,-0.01470477928847781,-0.012150918081908395,0.0006449655720945913
2019-10-18,0.0006869059415527103,0.001238588052238389,-0.014225954214031278
2019-10-21,0.001078768000098617,0.007245698419059928,0.0029617147966858326
2019-10-22,-0.0062913549437535795,-0.007514970647695256,0.0038754496449222575
2019-10-23,0.0026062043369889775,0.0008010913011109773,-0.006365699148844439
2019-10-24,0.0021017898184453347,0.008900897714776328,-0.00010591359517242438
2019-10-25,0.005059761712316257,0.011194101924197992,0.0067481857146178825
2019-10-28,-0.004322297628017595,-0.006838563164046217,0.007644753758863088
2019-10-29,-0.005634129155395815,-0.005924426931432406,-0.004163928915239201
2019-10-30,0.0012823101998677303,-0.003159172353326253,-0.004859049211938915
2019-10-31,0.016328996932958476,0.015416408210641639,-0.0011513069132382814
2019-11-01,0.005545992068646582,0.0049259365200387305,0.016888145622949713
2019-11-04,0.005221881069018761,0.006996022486458443,0.00650998509762446
2019-11-05,-0.0019945575262593335,-0.00541133520642491,0.006206449277548209
2019-11-06,4.207035937731554e-05,0.0036931262366492706,-0.0044793532543387915
2019-11-07,-0.0061103959722143015,-0.003298994293197418,0.0017566400995763232
2019-11-08,-0.015412805203361279,-0.0185159327989251,-0.0047270960048898525
2019-11-11,0.0012800836769331235,-4.157803961854104e-05,-0.017626434365883847
2019-11-12,-0.0006505944918722195,0.0014729534114141637,0.00018191228240982404
2019-11-13,-0.0006263987104933634,0.0031321491025161985,-0.0009503828428999439
2019-11-14,-0.0033678618804769975,-0.006920839719533596,0.001507700039487414
2019-11-15,0.008282776348285864,0.006039833384762565,-0.007365855407003852
2019-11-18,0.006051779267827521,0.01474407243439305,0.007954419422814496
2019-11-19,-0.011122910238957156,-0.00922053010810039,0.010007855821368317
2019-11-20,-0.005615764865745687,-0.003612757981995927,-0.009926425878633016
2019-11-21,-0.009380377264576809,-0.014211276074528465,-0.004672634127118269
2019-11-22,0.00902823172390681,0.001946189610734561,-0.010183566433566438
2019-11-25,-0.00027046637205720424,0.0017262742616071444,0.00732988916854338
2019-11-26,-0.0016678142788216185,0.00018026242777300996,0.0034655163077812468
2019-11-27,-0.003328654179689618,-0.002372679933721874,-0.00411907545642598
2019-11-28,-0.013346308926664135,-0.008271765668058746,-0.003436869455725744
2019-11-29,0.002084865762825184,0.002937563609935832,-0.008707246977189831
2019-12-02,0.003444786535306736,0.003667743541004504,0.00193017418581376
2019-12-03,-0.002011564621710612,0.00020749840501196485,0.003918082616017449
2019-12-04,0.006255120576285338,0.011433504165737882,-0.00032977676450041127
2019-12-05,0.005815508515742567,0.006859207347156726,0.007673086014410968
2019-12-06,-0.0017037375519557002,-0.0025011392797331666,0.0059365462344302955
2019-12-09,0.0006909917911401369,0.0032088079189429575,-0.001778397341116622
2019-12-10,0.00468802293757959,-0.001938774428941557,0.0012655790730211613
2019-12-11,-0.003376215888144288,-0.0021708877683367695,0.0006076331024156278
2019-12-12,0.021397990901516506,0.019383115942981304,-0.0030055729934020947
2019-12-13,-0.002182532413093958,0.007971941810964707,0.01984055594676959
2019-12-16,0.010788947831390961,0.014083805073192053,0.00487120169748656
2019-12-17,-0.0026700931011299565,-0.0031872486207753675,0.013604845080312566
2019-12-18,-0.0022783814997018505,-0.0006749390434936624,-0.002231678954921046
2019-12-19,-0.0016718911925667544,-0.004237858556997273,-0.0013960592940850391
2019-12-20,-0.008464800664557301,-0.016267549685286337,-0.002458314192418931
2019-12-23,0.002804038172830978,0.010483753923492259,-0.012483664198145505
2019-12-24,-0.002253547308585708,0.0029005452971772832,0.0065186156134204865
2019-12-25,0.0070416789817316795,0.006910512495042883,-0.0005234212213496292
2019-12-26,0.0022646663431512577,-0.004791443650294015,0.008800086196744106
2019-12-27,0.013961313386885593,0.014526925809139899,-0.0009836090005189702
2019-12-30,0.002346206919293017,0.004699040482959438,0.01481838772957933
2019-12-31,0.007681158184881487,0.01671732490749443,0.0036627523807890583
2020-01-02,0.0,0.0,0.013586943255105455
