Date,open,high,low,close
2002-01-04,1316.46,1316.46,1316.46,1316.46
2002-01-07,1302.08,1302.08,1302.08,1302.08
2002-01-08,1292.71,1292.71,1292.71,1292.71
2002-01-09,1272.65,1272.65,1272.65,1272.65
2002-01-10,1281.26,1281.26,1281.26,1281.26
2002-01-11,1249.81,1249.81,1249.81,1249.81
2002-01-14,1205.15,1205.15,1205.15,1205.15
2002-01-15,1186.43,1186.43,1186.43,1186.43
2002-01-16,1201.88,1201.88,1201.88,1201.88
2002-01-17,1152.15,1152.15,1152.15,1152.15
2002-01-18,1149.48,1149.48,1149.48,1149.48
2002-01-21,1108.61,1108.61,1108.61,1108.61
2002-01-22,1109.99,1109.99,1109.99,1109.99
2002-01-23,1183.15,1183.15,1183.15,1183.15
2002-01-24,1189.58,1189.58,1189.58,1189.58
2002-01-25,1189.43,1189.43,1189.43,1189.43
2002-01-28,1112.83,1112.83,1112.83,1112.83
2002-01-29,1140.38,1140.38,1140.38,1140.38
2002-01-30,1145.86,1145.86,1145.86,1145.86
2002-01-31,1221.76,1221.76,1221.76,1221.76
2002-02-01,1215.74,1215.74,1215.74,1215.74
2002-02-04,1236.97,1236.97,1236.97,1236.97
2002-02-05,1246.84,1246.84,1246.84,1246.84
2002-02-06,1216.79,1216.79,1216.79,1216.79
2002-02-07,1241.02,1241.02,1241.02,1241.02
2002-02-08,1235.09,1235.09,1235.09,1235.09
2002-02-25,1254.61,1254.61,1254.61,1254.61
2002-02-26,1253.12,1253.12,1253.12,1253.12
2002-02-27,1256.0,1256.0,1256.0,1256.0
2002-02-28,1244.6,1244.6,1244.6,1244.6
2002-03-01,1227.23,1227.23,1227.23,1227.23
2002-03-04,1245.87,1245.87,1245.87,1245.87
2002-03-05,1275.61,1275.61,1275.61,1275.61
2002-03-06,1288.44,1288.44,1288.44,1288.44
2002-03-07,1328.39,1328.39,1328.39,1328.39
2002-03-08,1351.85,1351.85,1351.85,1351.85
2002-03-11,1377.04,1377.04,1377.04,1377.04
2002-03-12,1362.4,1362.4,1362.4,1362.4
2002-03-13,1343.14,1343.14,1343.14,1343.14
2002-03-14,1376.33,1376.33,1376.33,1376.33
2002-03-15,1338.7,1338.7,1338.7,1338.7
2002-03-18,1341.91,1341.91,1341.91,1341.91
2002-03-19,1368.38,1368.38,1368.38,1368.38
2002-03-20,1382.42,1382.42,1382.42,1382.42
2002-03-21,1385.79,1385.79,1385.79,1385.79
2002-03-22,1369.9,1369.9,1369.9,1369.9
2002-03-25,1373.01,1373.01,1373.01,1373.01
2002-03-26,1350.01,1350.01,1350.01,1350.01
2002-03-27,1354.1,1354.1,1354.1,1354.1
2002-03-28,1352.53,1352.53,1352.53,1352.53
2002-03-29,1313.47,1313.47,1313.47,1313.47
2002-04-01,1317.58,1317.58,1317.58,1317.58
2002-04-02,1296.57,1296.57,1296.57,1296.57
2002-04-03,1302.25,1302.25,1302.25,1302.25
2002-04-04,1337.73,1337.73,1337.73,1337.73
2002-04-05,1332.2,1332.2,1332.2,1332.2
2002-04-08,1333.71,1333.71,1333.71,1333.71
2002-04-09,1357.74,1357.74,1357.74,1357.74
2002-04-10,1366.72,1366.72,1366.72,1366.72
2002-04-11,1344.73,1344.73,1344.73,1344.73
2002-04-12,1350.69,1350.69,1350.69,1350.69
2002-04-15,1344.58,1344.58,1344.58,1344.58
2002-04-16,1341.5,1341.5,1341.5,1341.5
2002-04-17,1341.77,1341.77,1341.77,1341.77
2002-04-18,1326.55,1326.55,1326.55,1326.55
2002-04-19,1330.64,1330.64,1330.64,1330.64
2002-04-22,1324.87,1324.87,1324.87,1324.87
2002-04-23,1318.66,1318.66,1318.66,1318.66
2002-04-24,1309.73,1309.73,1309.73,1309.73
2002-04-25,1312.48,1312.48,1312.48,1312.48
2002-04-26,1331.71,1331.71,1331.71,1331.71
2002-04-29,1349.79,1349.79,1349.79,1349.79
2002-04-30,1353.61,1353.61,1353.61,1353.61
2002-05-08,1342.29,1342.29,1342.29,1342.29
2002-05-09,1344.78,1344.78,1344.78,1344.78
2002-05-10,1335.45,1335.45,1335.45,1335.45
2002-05-13,1319.81,1319.81,1319.81,1319.81
2002-05-14,1311.68,1311.68,1311.68,1311.68
2002-05-15,1300.12,1300.12,1300.12,1300.12
2002-05-16,1261.52,1261.52,1261.52,1261.52
2002-05-17,1277.24,1277.24,1277.24,1277.24
2002-05-20,1258.83,1258.83,1258.83,1258.83
2002-05-21,1298.88,1298.88,1298.88,1298.88
2002-05-22,1280.16,1280.16,1280.16,1280.16
2002-05-23,1284.84,1284.84,1284.84,1284.84
2002-05-24,1265.97,1265.97,1265.97,1265.97
2002-05-27,1270.34,1270.34,1270.34,1270.34
2002-05-28,1270.38,1270.38,1270.38,1270.38
2002-05-29,1246.02,1246.02,1246.02,1246.02
2002-05-30,1245.89,1245.89,1245.89,1245.89
2002-05-31,1238.58,1238.58,1238.58,1238.58
2002-06-03,1213.39,1213.39,1213.39,1213.39
2002-06-04,1219.52,1219.52,1219.52,1219.52
2002-06-05,1196.62,1196.62,1196.62,1196.62
2002-06-06,1245.61,1245.61,1245.61,1245.61
2002-06-07,1252.51,1252.51,1252.51,1252.51
2002-06-10,1243.74,1243.74,1243.74,1243.74
2002-06-11,1252.85,1252.85,1252.85,1252.85
2002-06-12,1246.84,1246.84,1246.84,1246.84
2002-06-13,1235.57,1235.57,1235.57,1235.57
2002-06-14,1222.12,1222.12,1222.12,1222.12
2002-06-17,1224.65,1224.65,1224.65,1224.65
2002-06-18,1248.84,1248.84,1248.84,1248.84
2002-06-19,1236.05,1236.05,1236.05,1236.05
2002-06-20,1245.08,1245.08,1245.08,1245.08
2002-06-21,1288.52,1288.52,1288.52,1288.52
2002-06-24,1409.51,1409.51,1409.51,1409.51
2002-06-25,1409.23,1409.23,1409.23,1409.23
2002-06-26,1417.31,1417.31,1417.31,1417.31
2002-06-27,1422.51,1422.51,1422.51,1422.51
2002-06-28,1431.18,1431.18,1431.18,1431.18
2002-07-01,1415.33,1415.33,1415.33,1415.33
2002-07-02,1425.81,1425.81,1425.81,1425.81
2002-07-03,1427.39,1427.39,1427.39,1427.39
2002-07-04,1412.62,1412.62,1412.62,1412.62
2002-07-05,1415.4,1415.4,1415.4,1415.4
2002-07-08,1423.7,1423.7,1423.7,1423.7
2002-07-09,1419.47,1419.47,1419.47,1419.47
2002-07-10,1392.9,1392.9,1392.9,1392.9
2002-07-11,1390.93,1390.93,1390.93,1390.93
2002-07-12,1389.45,1389.45,1389.45,1389.45
2002-07-15,1379.38,1379.38,1379.38,1379.38
2002-07-16,1382.41,1382.41,1382.41,1382.41
2002-07-17,1393.02,1393.02,1393.02,1393.02
2002-07-18,1397.41,1397.41,1397.41,1397.41
2002-07-19,1403.25,1403.25,1403.25,1403.25
2002-07-22,1380.28,1380.28,1380.28,1380.28
2002-07-23,1375.61,1375.61,1375.61,1375.61
2002-07-24,1372.89,1372.89,1372.89,1372.89
2002-07-25,1365.0,1365.0,1365.0,1365.0
2002-07-26,1361.41,1361.41,1361.41,1361.41
2002-07-29,1368.8,1368.8,1368.8,1368.8
2002-07-30,1371.91,1371.91,1371.91,1371.91
2002-07-31,1358.16,1358.16,1358.16,1358.16
2002-08-01,1355.3,1355.3,1355.3,1355.3
2002-08-02,1359.99,1359.99,1359.99,1359.99
2002-08-05,1353.48,1353.48,1353.48,1353.48
2002-08-06,1368.99,1368.99,1368.99,1368.99
2002-08-07,1366.8,1366.8,1366.8,1366.8
2002-08-08,1359.68,1359.68,1359.68,1359.68
2002-08-09,1350.31,1350.31,1350.31,1350.31
2002-08-12,1340.22,1340.22,1340.22,1340.22
2002-08-13,1342.36,1342.36,1342.36,1342.36
2002-08-14,1351.51,1351.51,1351.51,1351.51
2002-08-15,1340.97,1340.97,1340.97,1340.97
2002-08-16,1349.62,1349.62,1349.62,1349.62
2002-08-19,1347.16,1347.16,1347.16,1347.16
2002-08-20,1370.05,1370.05,1370.05,1370.05
2002-08-21,1370.96,1370.96,1370.96,1370.96
2002-08-22,1381.55,1381.55,1381.55,1381.55
2002-08-23,1379.42,1379.42,1379.42,1379.42
2002-08-26,1366.18,1366.18,1366.18,1366.18
2002-08-27,1369.76,1369.76,1369.76,1369.76
2002-08-28,1368.4,1368.4,1368.4,1368.4
2002-08-29,1362.67,1362.67,1362.67,1362.67
2002-08-30,1361.3,1361.3,1361.3,1361.3
2002-09-02,1362.15,1362.15,1362.15,1362.15
2002-09-03,1366.71,1366.71,1366.71,1366.71
2002-09-04,1358.78,1358.78,1358.78,1358.78
2002-09-05,1341.47,1341.47,1341.47,1341.47
2002-09-06,1334.34,1334.34,1334.34,1334.34
2002-09-09,1323.13,1323.13,1323.13,1323.13
2002-09-10,1324.21,1324.21,1324.21,1324.21
2002-09-11,1319.03,1319.03,1319.03,1319.03
2002-09-12,1322.23,1322.23,1322.23,1322.23
2002-09-13,1321.81,1321.81,1321.81,1321.81
2002-09-16,1302.62,1302.62,1302.62,1302.62
2002-09-17,1304.38,1304.38,1304.38,1304.38
2002-09-18,1295.56,1295.56,1295.56,1295.56
2002-09-19,1319.82,1319.82,1319.82,1319.82
2002-09-20,1305.75,1305.75,1305.75,1305.75
2002-09-23,1304.92,1304.92,1304.92,1304.92
2002-09-24,1299.19,1299.19,1299.19,1299.19
2002-09-25,1299.52,1299.52,1299.52,1299.52
2002-09-26,1291.38,1291.38,1291.38,1291.38
2002-09-27,1285.65,1285.65,1285.65,1285.65
2002-10-08,1272.94,1272.94,1272.94,1272.94
2002-10-09,1247.53,1247.53,1247.53,1247.53
2002-10-10,1241.55,1241.55,1241.55,1241.55
2002-10-11,1237.14,1237.14,1237.14,1237.14
2002-10-14,1243.74,1243.74,1243.74,1243.74
2002-10-15,1238.97,1238.97,1238.97,1238.97
2002-10-16,1247.72,1247.72,1247.72,1247.72
2002-10-17,1228.26,1228.26,1228.26,1228.26
2002-10-18,1233.67,1233.67,1233.67,1233.67
2002-10-21,1237.36,1237.36,1237.36,1237.36
2002-10-22,1254.74,1254.74,1254.74,1254.74
2002-10-23,1255.64,1255.64,1255.64,1255.64
2002-10-24,1244.56,1244.56,1244.56,1244.56
2002-10-25,1233.58,1233.58,1233.58,1233.58
2002-10-28,1219.43,1219.43,1219.43,1219.43
2002-10-29,1226.78,1226.78,1226.78,1226.78
2002-10-30,1225.94,1225.94,1225.94,1225.94
2002-10-31,1225.34,1225.34,1225.34,1225.34
2002-11-01,1227.85,1227.85,1227.85,1227.85
2002-11-04,1246.8,1246.8,1246.8,1246.8
2002-11-05,1265.73,1265.73,1265.73,1265.73
2002-11-06,1260.05,1260.05,1260.05,1260.05
2002-11-07,1259.87,1259.87,1259.87,1259.87
2002-11-08,1232.94,1232.94,1232.94,1232.94
2002-11-11,1218.36,1218.36,1218.36,1218.36
2002-11-12,1200.92,1200.92,1200.92,1200.92
2002-11-13,1206.42,1206.42,1206.42,1206.42
2002-11-14,1183.64,1183.64,1183.64,1183.64
2002-11-15,1186.92,1186.92,1186.92,1186.92
2002-11-18,1174.82,1174.82,1174.82,1174.82
2002-11-19,1182.64,1182.64,1182.64,1182.64
2002-11-20,1154.9,1154.9,1154.9,1154.9
2002-11-21,1125.38,1125.38,1125.38,1125.38
2002-11-22,1128.07,1128.07,1128.07,1128.07
2002-11-25,1133.17,1133.17,1133.17,1133.17
2002-11-26,1111.05,1111.05,1111.05,1111.05
2002-11-27,1118.96,1118.96,1118.96,1118.96
2002-11-28,1150.58,1150.58,1150.58,1150.58
2002-11-29,1164.62,1164.62,1164.62,1164.62
2002-12-02,1132.93,1132.93,1132.93,1132.93
2002-12-03,1144.63,1144.63,1144.63,1144.63
2002-12-04,1147.54,1147.54,1147.54,1147.54
2002-12-05,1139.75,1139.75,1139.75,1139.75
2002-12-06,1139.8,1139.8,1139.8,1139.8
2002-12-09,1136.25,1136.25,1136.25,1136.25
2002-12-10,1122.91,1122.91,1122.91,1122.91
2002-12-11,1117.44,1117.44,1117.44,1117.44
2002-12-12,1122.23,1122.23,1122.23,1122.23
2002-12-13,1132.08,1132.08,1132.08,1132.08
2002-12-16,1141.52,1141.52,1141.52,1141.52
2002-12-17,1148.6,1148.6,1148.6,1148.6
2002-12-18,1143.94,1143.94,1143.94,1143.94
2002-12-19,1145.07,1145.07,1145.07,1145.07
2002-12-20,1157.34,1157.34,1157.34,1157.34
2002-12-23,1159.43,1159.43,1159.43,1159.43
2002-12-24,1159.06,1159.06,1159.06,1159.06
2002-12-25,1151.16,1151.16,1151.16,1151.16
2002-12-26,1119.36,1119.36,1119.36,1119.36
2002-12-27,1120.28,1120.28,1120.28,1120.28
2002-12-30,1108.94,1108.94,1108.94,1108.94
2002-12-31,1103.64,1103.64,1103.64,1103.64
2003-01-02,1074.98,1074.98,1074.98,1074.98
2003-01-03,1073.52,1073.52,1073.52,1073.52
2003-01-06,1084.88,1084.88,1084.88,1084.88
2003-01-07,1081.62,1081.62,1081.62,1081.62
2003-01-08,1111.83,1111.83,1111.83,1111.83
2003-01-09,1132.17,1132.17,1132.17,1132.17
2003-01-10,1121.58,1121.58,1121.58,1121.58
2003-01-13,1124.33,1124.33,1124.33,1124.33
2003-01-14,1185.87,1185.87,1185.87,1185.87
2003-01-15,1177.97,1177.97,1177.97,1177.97
2003-01-16,1196.39,1196.39,1196.39,1196.39
2003-01-17,1190.9,1190.9,1190.9,1190.9
2003-01-20,1194.72,1194.72,1194.72,1194.72
2003-01-21,1172.13,1172.13,1172.13,1172.13
2003-01-22,1174.57,1174.57,1174.57,1174.57
2003-01-23,1167.64,1167.64,1167.64,1167.64
2003-01-24,1187.69,1187.69,1187.69,1187.69
2003-01-27,1203.32,1203.32,1203.32,1203.32
2003-01-28,1206.86,1206.86,1206.86,1206.86
2003-01-29,1207.6,1207.6,1207.6,1207.6
2003-02-10,1190.46,1190.46,1190.46,1190.46
2003-02-11,1201.29,1201.29,1201.29,1201.29
2003-02-12,1214.8,1214.8,1214.8,1214.8
2003-02-13,1208.84,1208.84,1208.84,1208.84
2003-02-14,1213.7,1213.7,1213.7,1213.7
2003-02-17,1204.7,1204.7,1204.7,1204.7
2003-02-18,1204.94,1204.94,1204.94,1204.94
2003-02-19,1216.58,1216.58,1216.58,1216.58
2003-02-20,1215.15,1215.15,1215.15,1215.15
2003-02-21,1191.63,1191.63,1191.63,1191.63
2003-02-24,1192.99,1192.99,1192.99,1192.99
2003-02-25,1214.85,1214.85,1214.85,1214.85
2003-02-26,1214.4,1214.4,1214.4,1214.4
2003-02-27,1215.46,1215.46,1215.46,1215.46
2003-02-28,1213.86,1213.86,1213.86,1213.86
2003-03-03,1223.41,1223.41,1223.41,1223.41
2003-03-04,1222.38,1222.38,1222.38,1222.38
2003-03-05,1217.89,1217.89,1217.89,1217.89
2003-03-06,1202.44,1202.44,1202.44,1202.44
2003-03-07,1198.74,1198.74,1198.74,1198.74
2003-03-10,1178.15,1178.15,1178.15,1178.15
2003-03-11,1177.8,1177.8,1177.8,1177.8
2003-03-12,1182.42,1182.42,1182.42,1182.42
2003-03-13,1175.16,1175.16,1175.16,1175.16
2003-03-14,1177.61,1177.61,1177.61,1177.61
2003-03-17,1179.23,1179.23,1179.23,1179.23
2003-03-18,1173.79,1173.79,1173.79,1173.79
2003-03-19,1180.23,1180.23,1180.23,1180.23
2003-03-20,1175.86,1175.86,1175.86,1175.86
2003-03-21,1185.42,1185.42,1185.42,1185.42
2003-03-24,1187.64,1187.64,1187.64,1187.64
2003-03-25,1176.1,1176.1,1176.1,1176.1
2003-03-26,1171.2,1171.2,1171.2,1171.2
2003-03-27,1201.37,1201.37,1201.37,1201.37
2003-03-28,1199.26,1199.26,1199.26,1199.26
2003-03-31,1215.17,1215.17,1215.17,1215.17
2003-04-01,1223.56,1223.56,1223.56,1223.56
2003-04-02,1222.97,1222.97,1222.97,1222.97
2003-04-03,1215.34,1215.34,1215.34,1215.34
2003-04-04,1223.56,1223.56,1223.56,1223.56
2003-04-07,1217.92,1217.92,1217.92,1217.92
2003-04-08,1221.57,1221.57,1221.57,1221.57
2003-04-09,1243.06,1243.06,1243.06,1243.06
2003-04-10,1255.24,1255.24,1255.24,1255.24
2003-04-11,1275.0,1275.0,1275.0,1275.0
2003-04-14,1306.51,1306.51,1306.51,1306.51
2003-04-15,1317.29,1317.29,1317.29,1317.29
2003-04-16,1304.1,1304.1,1304.1,1304.1
2003-04-17,1307.72,1307.72,1307.72,1307.72
2003-04-18,1300.41,1300.41,1300.41,1300.41
2003-04-21,1274.61,1274.61,1274.61,1274.61
2003-04-22,1274.69,1274.69,1274.69,1274.69
2003-04-23,1254.13,1254.13,1254.13,1254.13
2003-04-24,1218.69,1218.69,1218.69,1218.69
2003-04-25,1205.38,1205.38,1205.38,1205.38
2003-04-28,1250.68,1250.68,1250.68,1250.68
2003-04-29,1231.56,1231.56,1231.56,1231.56
2003-04-30,1239.95,1239.95,1239.95,1239.95
2003-05-12,1251.31,1251.31,1251.31,1251.31
2003-05-13,1216.43,1216.43,1216.43,1216.43
2003-05-14,1243.1,1243.1,1243.1,1243.1
2003-05-15,1273.37,1273.37,1273.37,1273.37
2003-05-16,1274.26,1274.26,1274.26,1274.26
2003-05-19,1275.86,1275.86,1275.86,1275.86
2003-05-20,1261.33,1261.33,1261.33,1261.33
2003-05-21,1259.02,1259.02,1259.02,1259.02
2003-05-22,1270.43,1270.43,1270.43,1270.43
2003-05-23,1283.67,1283.67,1283.67,1283.67
2003-05-26,1292.69,1292.69,1292.69,1292.69
2003-05-27,1293.68,1293.68,1293.68,1293.68
2003-05-28,1277.69,1277.69,1277.69,1277.69
2003-05-29,1294.77,1294.77,1294.77,1294.77
2003-05-30,1300.87,1300.87,1300.87,1300.87
2003-06-02,1300.49,1300.49,1300.49,1300.49
2003-06-03,1285.65,1285.65,1285.65,1285.65
2003-06-04,1296.44,1296.44,1296.44,1296.44
2003-06-05,1279.54,1279.54,1279.54,1279.54
2003-06-06,1262.06,1262.06,1262.06,1262.06
2003-06-09,1249.17,1249.17,1249.17,1249.17
2003-06-10,1255.93,1255.93,1255.93,1255.93
2003-06-11,1278.27,1278.27,1278.27,1278.27
2003-06-12,1273.51,1273.51,1273.51,1273.51
2003-06-13,1277.32,1277.32,1277.32,1277.32
2003-06-16,1273.56,1273.56,1273.56,1273.56
2003-06-17,1268.92,1268.92,1268.92,1268.92
2003-06-18,1266.72,1266.72,1266.72,1266.72
2003-06-19,1253.68,1253.68,1253.68,1253.68
2003-06-20,1244.66,1244.66,1244.66,1244.66
2003-06-23,1231.94,1231.94,1231.94,1231.94
2003-06-24,1235.12,1235.12,1235.12,1235.12
2003-06-25,1226.64,1226.64,1226.64,1226.64
2003-06-26,1238.48,1238.48,1238.48,1238.48
2003-06-27,1220.74,1220.74,1220.74,1220.74
2003-06-30,1214.55,1214.55,1214.55,1214.55
2003-07-01,1215.2,1215.2,1215.2,1215.2
2003-07-02,1227.95,1227.95,1227.95,1227.95
2003-07-03,1231.17,1231.17,1231.17,1231.17
2003-07-04,1229.98,1229.98,1229.98,1229.98
2003-07-07,1232.08,1232.08,1232.08,1232.08
2003-07-08,1239.85,1239.85,1239.85,1239.85
2003-07-09,1231.8,1231.8,1231.8,1231.8
2003-07-10,1257.81,1257.81,1257.81,1257.81
2003-07-11,1255.93,1255.93,1255.93,1255.93
2003-07-14,1251.09,1251.09,1251.09,1251.09
2003-07-15,1254.36,1254.36,1254.36,1254.36
2003-07-16,1259.9,1259.9,1259.9,1259.9
2003-07-17,1269.4,1269.4,1269.4,1269.4
2003-07-18,1241.57,1241.57,1241.57,1241.57
2003-07-21,1232.15,1232.15,1232.15,1232.15
2003-07-22,1235.3,1235.3,1235.3,1235.3
2003-07-23,1239.44,1239.44,1239.44,1239.44
2003-07-24,1231.02,1231.02,1231.02,1231.02
2003-07-25,1218.67,1218.67,1218.67,1218.67
2003-07-28,1213.15,1213.15,1213.15,1213.15
2003-07-29,1219.76,1219.76,1219.76,1219.76
2003-07-30,1221.76,1221.76,1221.76,1221.76
2003-07-31,1222.74,1222.74,1222.74,1222.74
2003-08-01,1226.24,1226.24,1226.24,1226.24
2003-08-04,1240.07,1240.07,1240.07,1240.07
2003-08-05,1239.05,1239.05,1239.05,1239.05
2003-08-06,1232.94,1232.94,1232.94,1232.94
2003-08-07,1232.97,1232.97,1232.97,1232.97
2003-08-08,1218.11,1218.11,1218.11,1218.11
2003-08-11,1222.2,1222.2,1222.2,1222.2
2003-08-12,1225.86,1225.86,1225.86,1225.86
2003-08-13,1210.56,1210.56,1210.56,1210.56
2003-08-14,1203.24,1203.24,1203.24,1203.24
2003-08-15,1201.32,1201.32,1201.32,1201.32
2003-08-18,1197.99,1197.99,1197.99,1197.99
2003-08-19,1201.66,1201.66,1201.66,1201.66
2003-08-20,1195.68,1195.68,1195.68,1195.68
2003-08-21,1194.63,1194.63,1194.63,1194.63
2003-08-22,1191.43,1191.43,1191.43,1191.43
2003-08-25,1177.3,1177.3,1177.3,1177.3
2003-08-26,1179.33,1179.33,1179.33,1179.33
2003-08-27,1178.4,1178.4,1178.4,1178.4
2003-08-28,1169.38,1169.38,1169.38,1169.38
2003-08-29,1178.57,1178.57,1178.57,1178.57
2003-09-01,1199.81,1199.81,1199.81,1199.81
2003-09-02,1197.3,1197.3,1197.3,1197.3
2003-09-03,1198.44,1198.44,1198.44,1198.44
2003-09-04,1196.5,1196.5,1196.5,1196.5
2003-09-05,1183.91,1183.91,1183.91,1183.91
2003-09-08,1177.83,1177.83,1177.83,1177.83
2003-09-09,1172.05,1172.05,1172.05,1172.05
2003-09-10,1176.04,1176.04,1176.04,1176.04
2003-09-11,1176.93,1176.93,1176.93,1176.93
2003-09-12,1164.18,1164.18,1164.18,1164.18
2003-09-15,1152.36,1152.36,1152.36,1152.36
2003-09-16,1159.72,1159.72,1159.72,1159.72
2003-09-17,1147.3,1147.3,1147.3,1147.3
2003-09-18,1148.08,1148.08,1148.08,1148.08
2003-09-19,1149.29,1149.29,1149.29,1149.29
2003-09-22,1141.14,1141.14,1141.14,1141.14
2003-09-23,1147.29,1147.29,1147.29,1147.29
2003-09-24,1150.49,1150.49,1150.49,1150.49
2003-09-25,1136.69,1136.69,1136.69,1136.69
2003-09-26,1131.3,1131.3,1131.3,1131.3
2003-09-29,1116.55,1116.55,1116.55,1116.55
2003-09-30,1127.14,1127.14,1127.14,1127.14
2003-10-08,1131.27,1131.27,1131.27,1131.27
2003-10-09,1128.77,1128.77,1128.77,1128.77
2003-10-10,1155.42,1155.42,1155.42,1155.42
2003-10-13,1151.78,1151.78,1151.78,1151.78
2003-10-14,1142.3,1142.3,1142.3,1142.3
2003-10-15,1139.02,1139.02,1139.02,1139.02
2003-10-16,1124.37,1124.37,1124.37,1124.37
2003-10-17,1128.1,1128.1,1128.1,1128.1
2003-10-20,1120.36,1120.36,1120.36,1120.36
2003-10-21,1124.54,1124.54,1124.54,1124.54
2003-10-22,1152.83,1152.83,1152.83,1152.83
2003-10-23,1143.71,1143.71,1143.71,1143.71
2003-10-24,1140.03,1140.03,1140.03,1140.03
2003-10-27,1130.46,1130.46,1130.46,1130.46
2003-10-28,1130.7,1130.7,1130.7,1130.7
2003-10-29,1123.22,1123.22,1123.22,1123.22
2003-10-30,1110.8,1110.8,1110.8,1110.8
2003-10-31,1111.62,1111.62,1111.62,1111.62
2003-11-03,1123.48,1123.48,1123.48,1123.48
2003-11-04,1145.17,1145.17,1145.17,1145.17
2003-11-05,1138.91,1138.91,1138.91,1138.91
2003-11-06,1118.92,1118.92,1118.92,1118.92
2003-11-07,1103.78,1103.78,1103.78,1103.78
2003-11-10,1108.03,1108.03,1108.03,1108.03
2003-11-11,1108.89,1108.89,1108.89,1108.89
2003-11-12,1089.31,1089.31,1089.31,1089.31
2003-11-13,1091.71,1091.71,1091.71,1091.71
2003-11-14,1100.02,1100.02,1100.02,1100.02
2003-11-17,1095.94,1095.94,1095.94,1095.94
2003-11-18,1081.0,1081.0,1081.0,1081.0
2003-11-19,1098.05,1098.05,1098.05,1098.05
2003-11-20,1129.13,1129.13,1129.13,1129.13
2003-11-21,1115.47,1115.47,1115.47,1115.47
2003-11-24,1147.59,1147.59,1147.59,1147.59
2003-11-25,1151.54,1151.54,1151.54,1151.54
2003-11-26,1155.27,1155.27,1155.27,1155.27
2003-11-27,1136.02,1136.02,1136.02,1136.02
2003-11-28,1142.98,1142.98,1142.98,1142.98
2003-12-01,1168.51,1168.51,1168.51,1168.51
2003-12-02,1168.4,1168.4,1168.4,1168.4
2003-12-03,1172.47,1172.47,1172.47,1172.47
2003-12-04,1178.65,1178.65,1178.65,1178.65
2003-12-05,1176.66,1176.66,1176.66,1176.66
2003-12-08,1164.43,1164.43,1164.43,1164.43
2003-12-09,1169.28,1169.28,1169.28,1169.28
2003-12-10,1184.68,1184.68,1184.68,1184.68
2003-12-11,1184.63,1184.63,1184.63,1184.63
2003-12-12,1183.11,1183.11,1183.11,1183.11
2003-12-15,1184.67,1184.67,1184.67,1184.67
2003-12-16,1178.35,1178.35,1178.35,1178.35
2003-12-17,1169.41,1169.41,1169.41,1169.41
2003-12-18,1173.4,1173.4,1173.4,1173.4
2003-12-19,1163.64,1163.64,1163.64,1163.64
2003-12-22,1195.44,1195.44,1195.44,1195.44
2003-12-23,1201.08,1201.08,1201.08,1201.08
2003-12-24,1212.33,1212.33,1212.33,1212.33
2003-12-25,1209.06,1209.06,1209.06,1209.06
2003-12-26,1208.52,1208.52,1208.52,1208.52
2003-12-29,1199.25,1199.25,1199.25,1199.25
2003-12-30,1207.1,1207.1,1207.1,1207.1
2003-12-31,1194.74,1194.74,1194.74,1194.74
2004-01-02,1204.61,1204.61,1204.61,1204.61
2004-01-05,1240.47,1240.47,1240.47,1240.47
2004-01-06,1251.14,1251.14,1251.14,1251.14
2004-01-07,1266.27,1266.27,1266.27,1266.27
2004-01-08,1284.34,1284.34,1284.34,1284.34
2004-01-09,1266.41,1266.41,1266.41,1266.41
2004-01-12,1294.68,1294.68,1294.68,1294.68
2004-01-13,1293.18,1293.18,1293.18,1293.18
2004-01-14,1277.96,1277.96,1277.96,1277.96
2004-01-15,1273.62,1273.62,1273.62,1273.62
2004-01-16,1284.3,1284.3,1284.3,1284.3
2004-01-29,1311.95,1311.95,1311.95,1311.95
2004-01-30,1281.33,1281.33,1281.33,1281.33
2004-02-02,1307.27,1307.27,1307.27,1307.27
2004-02-03,1321.0,1321.0,1321.0,1321.0
2004-02-04,1348.86,1348.86,1348.86,1348.86
2004-02-05,1353.85,1353.85,1353.85,1353.85
2004-02-06,1347.22,1347.22,1347.22,1347.22
2004-02-09,1368.84,1368.84,1368.84,1368.84
2004-02-10,1363.06,1363.06,1363.06,1363.06
2004-02-11,1354.75,1354.75,1354.75,1354.75
2004-02-12,1345.66,1345.66,1345.66,1345.66
2004-02-13,1342.34,1342.34,1342.34,1342.34
2004-02-16,1373.3,1373.3,1373.3,1373.3
2004-02-17,1380.37,1380.37,1380.37,1380.37
2004-02-18,1391.36,1391.36,1391.36,1391.36
2004-02-19,1385.98,1385.98,1385.98,1385.98
2004-02-20,1391.1,1391.1,1391.1,1391.1
2004-02-23,1359.24,1359.24,1359.24,1359.24
2004-02-24,1356.31,1356.31,1356.31,1356.31
2004-02-25,1329.44,1329.44,1329.44,1329.44
2004-02-26,1335.86,1335.86,1335.86,1335.86
2004-02-27,1351.61,1351.61,1351.61,1351.61
2004-03-01,1366.91,1366.91,1366.91,1366.91
2004-03-02,1363.19,1363.19,1363.19,1363.19
2004-03-03,1341.22,1341.22,1341.22,1341.22
2004-03-04,1349.85,1349.85,1349.85,1349.85
2004-03-05,1341.76,1341.76,1341.76,1341.76
2004-03-08,1317.3,1317.3,1317.3,1317.3
2004-03-09,1314.17,1314.17,1314.17,1314.17
2004-03-10,1344.99,1344.99,1344.99,1344.99
2004-03-11,1357.84,1357.84,1357.84,1357.84
2004-03-12,1358.51,1358.51,1358.51,1358.51
2004-03-15,1389.68,1389.68,1389.68,1389.68
2004-03-16,1395.37,1395.37,1395.37,1395.37
2004-03-17,1398.02,1398.02,1398.02,1398.02
2004-03-18,1372.16,1372.16,1372.16,1372.16
2004-03-19,1393.57,1393.57,1393.57,1393.57
2004-03-22,1399.55,1399.55,1399.55,1399.55
2004-03-23,1389.52,1389.52,1389.52,1389.52
2004-03-24,1385.37,1385.37,1385.37,1385.37
2004-03-25,1385.86,1385.86,1385.86,1385.86
2004-03-26,1386.48,1386.48,1386.48,1386.48
2004-03-29,1371.7,1371.7,1371.7,1371.7
2004-03-30,1372.05,1372.05,1372.05,1372.05
2004-03-31,1384.95,1384.95,1384.95,1384.95
2004-04-01,1396.63,1396.63,1396.63,1396.63
2004-04-02,1405.92,1405.92,1405.92,1405.92
2004-04-05,1401.97,1401.97,1401.97,1401.97
2004-04-06,1410.43,1410.43,1410.43,1410.43
2004-04-07,1408.77,1408.77,1408.77,1408.77
2004-04-08,1402.77,1402.77,1402.77,1402.77
2004-04-09,1370.28,1370.28,1370.28,1370.28
2004-04-12,1364.68,1364.68,1364.68,1364.68
2004-04-13,1353.83,1353.83,1353.83,1353.83
2004-04-14,1332.08,1332.08,1332.08,1332.08
2004-04-15,1318.85,1318.85,1318.85,1318.85
2004-04-16,1331.08,1331.08,1331.08,1331.08
2004-04-19,1312.0,1312.0,1312.0,1312.0
2004-04-20,1301.09,1301.09,1301.09,1301.09
2004-04-21,1289.65,1289.65,1289.65,1289.65
2004-04-22,1296.44,1296.44,1296.44,1296.44
2004-04-23,1276.31,1276.31,1276.31,1276.31
2004-04-26,1276.95,1276.95,1276.95,1276.95
2004-04-27,1264.34,1264.34,1264.34,1264.34
2004-04-28,1258.11,1258.11,1258.11,1258.11
2004-04-29,1233.6,1233.6,1233.6,1233.6
2004-04-30,1239.72,1239.72,1239.72,1239.72
2004-05-10,1206.59,1206.59,1206.59,1206.59
2004-05-11,1212.57,1212.57,1212.57,1212.57
2004-05-12,1240.02,1240.02,1240.02,1240.02
2004-05-13,1234.58,1234.58,1234.58,1234.58
2004-05-14,1207.26,1207.26,1207.26,1207.26
2004-05-17,1195.19,1195.19,1195.19,1195.19
2004-05-18,1209.61,1209.61,1209.61,1209.61
2004-05-19,1209.58,1209.58,1209.58,1209.58
2004-05-20,1201.71,1201.71,1201.71,1201.71
2004-05-21,1209.21,1209.21,1209.21,1209.21
2004-05-24,1200.79,1200.79,1200.79,1200.79
2004-05-25,1177.71,1177.71,1177.71,1177.71
2004-05-26,1183.01,1183.01,1183.01,1183.01
2004-05-27,1208.68,1208.68,1208.68,1208.68
2004-05-28,1201.72,1201.72,1201.72,1201.72
2004-05-31,1206.84,1206.84,1206.84,1206.84
2004-06-01,1224.11,1224.11,1224.11,1224.11
2004-06-02,1211.93,1211.93,1211.93,1211.93
2004-06-03,1193.55,1193.55,1193.55,1193.55
2004-06-04,1192.78,1192.78,1192.78,1192.78
2004-06-07,1176.26,1176.26,1176.26,1176.26
2004-06-08,1160.33,1160.33,1160.33,1160.33
2004-06-09,1137.55,1137.55,1137.55,1137.55
2004-06-10,1139.51,1139.51,1139.51,1139.51
2004-06-11,1140.53,1140.53,1140.53,1140.53
2004-06-14,1115.41,1115.41,1115.41,1115.41
2004-06-15,1134.9,1134.9,1134.9,1134.9
2004-06-16,1141.09,1141.09,1141.09,1141.09
2004-06-17,1116.5,1116.5,1116.5,1116.5
2004-06-18,1103.4,1103.4,1103.4,1103.4
2004-06-21,1109.39,1109.39,1109.39,1109.39
2004-06-22,1119.88,1119.88,1119.88,1119.88
2004-06-23,1110.32,1110.32,1110.32,1110.32
2004-06-24,1099.9,1099.9,1099.9,1099.9
2004-06-25,1081.96,1081.96,1081.96,1081.96
2004-06-28,1069.51,1069.51,1069.51,1069.51
2004-06-29,1084.62,1084.62,1084.62,1084.62
2004-06-30,1078.49,1078.49,1078.49,1078.49
2004-07-01,1112.39,1112.39,1112.39,1112.39
2004-07-02,1114.94,1114.94,1114.94,1114.94
2004-07-05,1116.42,1116.42,1116.42,1116.42
2004-07-06,1121.28,1121.28,1121.28,1121.28
2004-07-07,1110.62,1110.62,1110.62,1110.62
2004-07-08,1113.03,1113.03,1113.03,1113.03
2004-07-09,1106.92,1106.92,1106.92,1106.92
2004-07-12,1083.18,1083.18,1083.18,1083.18
2004-07-13,1086.81,1086.81,1086.81,1086.81
2004-07-14,1088.78,1088.78,1088.78,1088.78
2004-07-15,1104.01,1104.01,1104.01,1104.01
2004-07-16,1132.8,1132.8,1132.8,1132.8
2004-07-19,1134.5,1134.5,1134.5,1134.5
2004-07-20,1125.88,1125.88,1125.88,1125.88
2004-07-21,1125.66,1125.66,1125.66,1125.66
2004-07-22,1097.86,1097.86,1097.86,1097.86
2004-07-23,1101.6,1101.6,1101.6,1101.6
2004-07-26,1087.27,1087.27,1087.27,1087.27
2004-07-27,1083.4,1083.4,1083.4,1083.4
2004-07-28,1089.52,1089.52,1089.52,1089.52
2004-07-29,1104.17,1104.17,1104.17,1104.17
2004-07-30,1088.68,1088.68,1088.68,1088.68
2004-08-02,1080.55,1080.55,1080.55,1080.55
2004-08-03,1073.58,1073.58,1073.58,1073.58
2004-08-04,1103.55,1103.55,1103.55,1103.55
2004-08-05,1088.81,1088.81,1088.81,1088.81
2004-08-06,1088.24,1088.24,1088.24,1088.24
2004-08-09,1093.48,1093.48,1093.48,1093.48
2004-08-10,1098.59,1098.59,1098.59,1098.59
2004-08-11,1086.08,1086.08,1086.08,1086.08
2004-08-12,1074.82,1074.82,1074.82,1074.82
2004-08-13,1077.25,1077.25,1077.25,1077.25
2004-08-16,1067.6,1067.6,1067.6,1067.6
2004-08-17,1072.51,1072.51,1072.51,1072.51
2004-08-18,1071.83,1071.83,1071.83,1071.83
2004-08-19,1059.2,1059.2,1059.2,1059.2
2004-08-20,1060.23,1060.23,1060.23,1060.23
2004-08-23,1047.21,1047.21,1047.21,1047.21
2004-08-24,1059.42,1059.42,1059.42,1059.42
2004-08-25,1055.53,1055.53,1055.53,1055.53
2004-08-26,1051.0,1051.0,1051.0,1051.0
2004-08-27,1039.24,1039.24,1039.24,1039.24
2004-08-30,1038.34,1038.34,1038.34,1038.34
2004-08-31,1055.97,1055.97,1055.97,1055.97
2004-09-01,1040.06,1040.06,1040.06,1040.06
2004-09-02,1045.37,1045.37,1045.37,1045.37
2004-09-03,1043.54,1043.54,1043.54,1043.54
2004-09-06,1039.67,1039.67,1039.67,1039.67
2004-09-07,1041.49,1041.49,1041.49,1041.49
2004-09-08,1031.61,1031.61,1031.61,1031.61
2004-09-09,1012.56,1012.56,1012.56,1012.56
2004-09-10,1015.15,1015.15,1015.15,1015.15
2004-09-13,993.26,993.26,993.26,993.26
2004-09-14,1023.41,1023.41,1023.41,1023.41
2004-09-15,1066.28,1066.28,1066.28,1066.28
2004-09-16,1077.92,1077.92,1077.92,1077.92
2004-09-17,1112.77,1112.77,1112.77,1112.77
2004-09-20,1152.13,1152.13,1152.13,1152.13
2004-09-21,1143.46,1143.46,1143.46,1143.46
2004-09-22,1120.11,1120.11,1120.11,1120.11
2004-09-23,1157.93,1157.93,1157.93,1157.93
2004-09-24,1135.97,1135.97,1135.97,1135.97
2004-09-27,1128.05,1128.05,1128.05,1128.05
2004-09-28,1136.34,1136.34,1136.34,1136.34
2004-09-29,1124.01,1124.01,1124.01,1124.01
2004-09-30,1109.32,1109.32,1109.32,1109.32
2004-10-08,1131.92,1131.92,1131.92,1131.92
2004-10-11,1126.33,1126.33,1126.33,1126.33
2004-10-12,1103.55,1103.55,1103.55,1103.55
2004-10-13,1104.18,1104.18,1104.18,1104.18
2004-10-14,1060.13,1060.13,1060.13,1060.13
2004-10-15,1061.64,1061.64,1061.64,1061.64
2004-10-18,1063.47,1063.47,1063.47,1063.47
2004-10-19,1066.64,1066.64,1066.64,1066.64
2004-10-20,1062.9,1062.9,1062.9,1062.9
2004-10-21,1049.97,1049.97,1049.97,1049.97
2004-10-22,1063.14,1063.14,1063.14,1063.14
2004-10-25,1049.19,1049.19,1049.19,1049.19
2004-10-26,1059.25,1059.25,1059.25,1059.25
2004-10-27,1069.69,1069.69,1069.69,1069.69
2004-10-28,1068.68,1068.68,1068.68,1068.68
2004-10-29,1050.3,1050.3,1050.3,1050.3
2004-11-01,1038.43,1038.43,1038.43,1038.43
2004-11-02,1035.73,1035.73,1035.73,1035.73
2004-11-03,1054.69,1054.69,1054.69,1054.69
2004-11-04,1032.72,1032.72,1032.72,1032.72
2004-11-05,1033.8,1033.8,1033.8,1033.8
2004-11-08,1034.81,1034.81,1034.81,1034.81
2004-11-09,1037.21,1037.21,1037.21,1037.21
2004-11-10,1076.28,1076.28,1076.28,1076.28
2004-11-11,1070.27,1070.27,1070.27,1070.27
2004-11-12,1072.62,1072.62,1072.62,1072.62
2004-11-15,1084.71,1084.71,1084.71,1084.71
2004-11-16,1084.65,1084.65,1084.65,1084.65
2004-11-17,1074.39,1074.39,1074.39,1074.39
2004-11-18,1085.03,1085.03,1085.03,1085.03
2004-11-19,1091.37,1091.37,1091.37,1091.37
2004-11-22,1094.35,1094.35,1094.35,1094.35
2004-11-23,1084.88,1084.88,1084.88,1084.88
2004-11-24,1077.67,1077.67,1077.67,1077.67
2004-11-25,1076.34,1076.34,1076.34,1076.34
2004-11-26,1074.99,1074.99,1074.99,1074.99
2004-11-29,1061.35,1061.35,1061.35,1061.35
2004-11-30,1062.81,1062.81,1062.81,1062.81
2004-12-01,1058.15,1058.15,1058.15,1058.15
2004-12-02,1056.06,1056.06,1056.06,1056.06
2004-12-03,1058.33,1058.33,1058.33,1058.33
2004-12-06,1060.25,1060.25,1060.25,1060.25
2004-12-07,1048.18,1048.18,1048.18,1048.18
2004-12-08,1049.18,1049.18,1049.18,1049.18
2004-12-09,1059.53,1059.53,1059.53,1059.53
2004-12-10,1043.55,1043.55,1043.55,1043.55
2004-12-13,1037.45,1037.45,1037.45,1037.45
2004-12-14,1034.29,1034.29,1034.29,1034.29
2004-12-15,1037.88,1037.88,1037.88,1037.88
2004-12-16,1033.27,1033.27,1033.27,1033.27
2004-12-17,1023.0,1023.0,1023.0,1023.0
2004-12-20,1009.37,1009.37,1009.37,1009.37
2004-12-21,1008.12,1008.12,1008.12,1008.12
2004-12-22,1034.03,1034.03,1034.03,1034.03
2004-12-23,1015.51,1015.51,1015.51,1015.51
2004-12-24,1016.4,1016.4,1016.4,1016.4
2004-12-27,1012.45,1012.45,1012.45,1012.45
2004-12-28,1010.7,1010.7,1010.7,1010.7
2004-12-29,1005.53,1005.53,1005.53,1005.53
2004-12-30,1003.99,1003.99,1003.99,1003.99
2004-12-31,1000.0,1000.0,1000.0,1000.0
2005-01-04,994.77,994.77,980.66,982.79
2005-01-05,981.58,997.32,979.88,992.56
2005-01-06,993.33,993.79,980.33,983.17
2005-01-07,983.05,995.71,979.81,983.96
2005-01-10,983.76,993.96,979.79,993.88
2005-01-11,994.19,999.55,991.09,997.14
2005-01-12,996.65,996.98,989.26,996.75
2005-01-13,996.08,999.47,992.7,996.88
2005-01-14,996.62,1006.46,987.23,988.31
2005-01-17,979.11,981.53,965.08,967.45
2005-01-18,967.37,974.87,960.29,974.69
2005-01-19,974.33,974.33,965.26,967.21
2005-01-20,963.21,963.21,952.23,956.25
2005-01-21,954.46,984.27,943.44,982.6
2005-01-24,1001.85,1001.85,986.24,998.13
2005-01-25,995.64,997.95,985.24,997.78
2005-01-26,995.78,999.47,988.48,989.93
2005-01-27,987.34,987.7,973.77,974.63
2005-01-28,974.63,975.62,965.21,969.21
2005-01-31,965.79,965.79,953.14,954.88
2005-02-01,953.33,965.48,952.74,955.95
2005-02-02,956.7,1006.93,956.7,1006.91
2005-02-03,1005.56,1014.19,992.16,993.22
2005-02-04,992.25,1021.03,989.94,1016.86
2005-02-16,1023.32,1033.25,1018.49,1023.58
2005-02-17,1024.43,1024.43,1010.48,1020.61
2005-02-18,1020.12,1021.2,1005.63,1006.06
2005-02-21,1006.69,1025.66,1006.69,1025.63
2005-02-22,1026.84,1048.68,1024.53,1046.74
2005-02-23,1046.81,1049.61,1036.63,1043.94
2005-02-24,1042.25,1045.96,1034.73,1045.46
2005-02-25,1046.27,1059.48,1045.98,1046.76
2005-02-28,1046.21,1048.28,1035.04,1039.99
2005-03-01,1039.35,1042.74,1031.17,1035.93
2005-03-02,1036.37,1045.76,1021.0,1021.32
2005-03-03,1019.88,1028.4,1014.75,1027.71
2005-03-04,1027.93,1031.85,1022.18,1023.67
2005-03-07,1024.48,1031.34,1024.48,1029.87
2005-03-08,1033.79,1049.29,1032.85,1048.99
2005-03-09,1051.26,1054.64,1041.98,1046.54
2005-03-10,1046.69,1046.69,1019.63,1022.41
2005-03-11,1021.08,1028.12,1016.93,1027.43
2005-03-14,1027.18,1041.57,1014.93,1031.03
2005-03-15,1030.86,1030.94,1011.64,1013.52
2005-03-16,1011.85,1012.2,995.97,1003.07
2005-03-17,1001.97,1004.82,992.12,992.86
2005-03-18,991.89,996.4,975.71,978.67
2005-03-21,977.3,983.18,973.0,981.89
2005-03-22,981.71,982.14,959.56,964.02
2005-03-23,962.82,975.36,955.99,959.01
2005-03-24,957.43,965.06,948.53,964.8
2005-03-25,964.25,966.97,959.06,962.96
2005-03-28,961.65,961.65,948.81,960.7
2005-03-29,960.42,968.12,954.74,955.19
2005-03-30,952.71,952.71,936.38,937.03
2005-03-31,934.85,942.37,928.34,942.2
2005-04-01,941.43,989.9,937.55,978.15
2005-04-04,968.49,974.06,956.13,962.17
2005-04-05,960.54,967.75,953.59,955.6
2005-04-06,955.6,977.86,948.95,973.67
2005-04-07,975.97,1000.27,974.31,984.733
2005-04-08,984.665,1003.699,979.529,1003.445
2005-04-11,1003.879,1008.735,992.773,995.421
2005-04-12,993.711,993.711,978.204,978.697
2005-04-13,987.95,1006.499,987.95,1000.9
2005-04-14,1004.64,1006.416,985.578,986.975
2005-04-15,982.613,982.613,971.93,974.082
2005-04-18,970.907,970.907,958.649,963.772
2005-04-19,962.916,968.867,957.91,965.886
2005-04-20,964.151,964.151,946.197,950.867
2005-04-21,948.861,955.553,938.595,943.981
2005-04-22,942.908,947.909,934.957,939.101
2005-04-25,935.993,935.993,920.162,930.07
2005-04-26,928.428,939.696,924.655,937.083
2005-04-27,938.57,938.91,925.896,926.604
2005-04-28,923.529,945.504,914.829,942.073
2005-04-29,940.806,942.453,929.81,932.395
2005-05-09,934.65,937.39,909.174,909.174
2005-05-10,905.543,913.388,892.313,913.076
2005-05-11,911.838,917.223,900.438,901.851
2005-05-12,899.968,900.063,883.511,885.82
2005-05-13,883.505,898.505,875.576,887.543
2005-05-16,885.389,885.389,869.334,875.271
2005-05-17,873.077,888.281,868.212,881.462
2005-05-18,881.141,890.403,871.821,883.196
2005-05-19,882.842,888.016,871.289,884.171
2005-05-20,883.513,891.02,879.18,882.763
2005-05-23,880.281,880.281,862.098,863.341
2005-05-24,861.195,871.767,855.587,868.456
2005-05-25,867.658,876.305,861.659,868.451
2005-05-26,867.758,872.835,854.956,857.331
2005-05-27,855.595,864.963,848.398,849.508
2005-05-30,847.634,858.462,842.102,855.612
2005-05-31,856.561,863.198,853.291,855.946
2005-06-01,855.206,857.657,836.04,837.532
2005-06-02,835.467,835.493,812.989,818.379
2005-06-03,816.546,823.86,807.965,818.033
2005-06-06,816.731,839.15,807.784,838.997
2005-06-07,841.579,858.092,835.179,837.282
2005-06-08,848.536,908.829,844.473,905.773
2005-06-09,907.569,925.365,895.036,912.604
2005-06-10,911.941,911.941,889.103,894.556
2005-06-13,894.997,900.18,877.69,892.959
2005-06-14,895.391,905.415,882.862,883.537
2005-06-15,881.208,881.248,865.136,866.834
2005-06-16,866.659,879.493,861.827,879.237
2005-06-17,883.605,888.078,876.038,880.345
2005-06-20,881.623,906.482,872.563,906.255
2005-06-21,906.306,906.306,894.386,896.166
2005-06-22,894.769,901.243,891.926,900.646
2005-06-23,900.059,904.896,892.831,893.572
2005-06-24,892.061,898.67,888.397,898.301
2005-06-27,904.209,920.647,904.209,916.043
2005-06-28,913.48,913.48,901.207,903.716
2005-06-29,906.751,907.571,898.084,898.898
2005-06-30,897.102,897.102,876.884,878.686
2005-07-01,875.935,875.935,858.37,859.494
2005-07-04,855.317,856.1,842.812,855.932
2005-07-05,853.679,856.738,845.361,849.679
2005-07-06,850.253,854.448,838.609,842.556
2005-07-07,841.748,848.022,839.282,844.729
2005-07-08,842.62,842.62,827.229,829.489
2005-07-11,837.863,850.658,822.524,824.097
2005-07-12,821.911,854.286,818.863,851.816
2005-07-13,850.469,851.949,841.858,846.231
2005-07-14,844.94,856.095,843.176,849.59
2005-07-15,849.873,854.604,837.783,841.001
2005-07-18,839.221,840.005,829.679,832.995
2005-07-19,831.501,840.143,829.277,835.608
2005-07-20,835.301,844.712,832.144,842.641
2005-07-21,842.746,843.987,835.757,843.987
2005-07-22,847.541,867.165,842.987,859.693
2005-07-25,858.328,860.951,854.284,856.86
2005-07-26,856.189,880.034,856.189,876.48
2005-07-27,876.942,894.026,876.036,894.012
2005-07-28,893.879,900.997,888.5,890.885
2005-07-29,889.41,892.294,883.383,888.164
2005-08-01,887.718,897.285,885.85,891.607
2005-08-02,892.13,903.648,888.396,903.598
2005-08-03,905.181,919.282,903.76,909.57
2005-08-04,907.42,909.827,901.625,904.15
2005-08-05,904.039,923.808,903.94,923.803
2005-08-08,926.571,933.154,923.573,927.471
2005-08-09,926.973,933.394,919.107,933.089
2005-08-10,933.26,940.37,926.275,940.37
2005-08-11,940.785,953.992,939.386,953.992
2005-08-12,954.719,959.268,933.985,938.316
2005-08-15,937.705,954.502,936.113,954.502
2005-08-16,955.27,959.343,939.916,945.058
2005-08-17,943.405,953.342,930.325,953.012
2005-08-18,954.155,956.841,919.121,920.671
2005-08-19,918.091,927.32,910.083,923.038
2005-08-22,923.108,933.351,919.222,931.673
2005-08-23,931.809,931.809,915.033,923.414
2005-08-24,923.558,935.23,923.558,930.651
2005-08-25,930.975,933.196,920.61,930.118
2005-08-26,930.246,930.325,921.843,928.258
2005-08-29,928.341,928.341,913.767,917.371
2005-08-30,916.086,920.208,912.838,914.88
2005-08-31,915.122,928.212,911.505,927.916
2005-09-01,928.52,944.947,926.06,944.559
2005-09-02,945.978,947.918,941.314,947.871
2005-09-05,949.077,952.985,944.629,952.717
2005-09-06,953.41,956.297,934.972,936.61
2005-09-07,934.991,952.896,932.648,952.758
2005-09-08,954.273,958.867,947.707,955.282
2005-09-09,955.112,959.898,946.021,949.065
2005-09-12,949.779,952.551,945.403,949.506
2005-09-13,949.584,963.921,948.128,963.774
2005-09-14,964.97,970.263,961.64,970.193
2005-09-15,970.58,970.964,965.656,969.598
2005-09-16,969.619,970.37,964.285,967.495
2005-09-19,967.44,971.987,964.263,971.136
2005-09-20,971.379,971.65,957.118,961.919
2005-09-21,961.374,961.374,943.824,944.408
2005-09-22,942.726,942.726,914.232,923.274
2005-09-23,921.51,927.419,914.806,916.154
2005-09-26,915.84,919.65,913.613,918.485
2005-09-27,918.866,921.132,903.387,904.214
2005-09-28,903.328,910.333,901.382,903.719
2005-09-29,904.28,915.975,904.28,915.975
2005-09-30,916.587,918.662,913.452,917.392
2005-10-10,917.211,917.211,906.88,907.321
2005-10-11,906.628,919.796,904.045,919.72
2005-10-12,920.453,926.094,917.377,923.485
2005-10-13,923.426,926.009,916.275,916.499
2005-10-14,916.337,917.89,902.813,904.828
2005-10-17,903.266,903.266,892.359,897.623
2005-10-18,897.366,903.001,895.622,902.366
2005-10-19,902.036,907.876,897.045,898.744
2005-10-20,898.891,900.126,889.569,899.915
2005-10-21,899.645,907.792,897.986,904.414
2005-10-24,905.129,908.453,900.229,906.652
2005-10-25,905.967,905.967,893.609,894.272
2005-10-26,892.617,892.617,873.895,875.82
2005-10-27,873.472,879.668,869.72,875.849
2005-10-28,875.862,880.206,859.692,867.729
2005-10-31,866.618,878.409,866.153,876.282
2005-11-01,875.956,875.956,862.686,872.865
2005-11-02,873.393,884.936,873.393,882.478
2005-11-03,882.189,885.681,872.11,874.575
2005-11-04,873.353,878.361,869.68,878.361
2005-11-07,877.617,877.617,870.082,877.278
2005-11-08,876.432,881.895,870.962,881.524
2005-11-09,881.513,884.942,878.684,879.252
2005-11-10,878.625,878.625,862.091,862.968
2005-11-11,861.221,867.328,857.789,864.79
2005-11-14,864.081,864.246,858.344,862.149
2005-11-15,862.067,867.46,853.859,856.635
2005-11-16,855.449,863.167,847.49,863.119
2005-11-17,863.077,865.791,859.0,862.658
2005-11-18,862.579,886.582,862.403,882.241
2005-11-21,882.79,886.106,880.3,883.871
2005-11-22,883.931,883.931,869.53,869.617
2005-11-23,868.005,876.816,866.19,876.229
2005-11-24,875.827,885.745,874.879,881.493
2005-11-25,881.248,884.162,877.262,884.105
2005-11-28,883.241,886.743,877.637,880.167
2005-11-29,879.254,879.254,870.564,871.31
2005-11-30,870.452,873.933,866.984,873.825
2005-12-01,873.474,877.312,870.703,873.067
2005-12-02,872.93,875.825,866.374,869.936
2005-12-05,869.427,869.427,858.859,859.61
2005-12-06,858.108,867.187,855.715,866.075
2005-12-07,865.724,873.999,865.017,873.838
2005-12-08,874.132,877.97,870.122,874.056
2005-12-09,873.693,887.568,871.261,887.358
2005-12-12,887.064,890.694,884.256,888.518
2005-12-13,887.996,889.221,880.743,889.101
2005-12-14,888.604,899.011,884.368,898.153
2005-12-15,898.382,904.012,895.168,896.434
2005-12-16,895.827,902.747,894.099,902.561
2005-12-19,902.049,904.472,898.794,902.91
2005-12-20,902.746,907.318,899.662,907.318
2005-12-21,907.053,910.933,902.114,903.144
2005-12-22,902.371,909.061,900.664,908.754
2005-12-23,908.96,915.89,908.514,915.89
2005-12-26,916.668,925.005,916.409,922.378
2005-12-27,922.439,922.439,916.005,919.36
2005-12-28,919.051,920.984,915.116,920.919
2005-12-29,921.144,932.031,921.144,932.031
2005-12-30,933.45,933.999,921.834,923.451
2006-01-04,926.559,941.428,926.412,941.428
2006-01-05,943.85,959.625,942.308,959.134
2006-01-06,961.915,975.628,956.04,970.032
2006-01-09,971.089,976.273,966.053,975.253
2006-01-10,975.282,978.277,964.43,978.154
2006-01-11,977.644,983.39,963.394,973.477
2006-01-12,972.389,984.076,968.538,983.716
2006-01-13,985.039,988.111,973.685,978.809
2006-01-16,977.886,977.886,960.879,961.439
2006-01-17,959.395,965.984,952.234,964.29
2006-01-18,964.16,984.672,963.077,983.622
2006-01-19,985.216,992.272,978.278,991.222
2006-01-20,991.572,994.5,987.06,993.34
2006-01-23,993.744,997.332,989.342,996.162
2006-01-24,997.791,1006.146,993.394,999.093
2006-01-25,998.84,1009.648,989.514,1009.597
2006-02-06,1013.425,1033.354,1012.807,1033.234
2006-02-07,1034.678,1038.501,1019.936,1029.937
2006-02-08,1028.445,1033.399,1022.937,1033.072
2006-02-09,1033.192,1033.192,1017.047,1019.599
2006-02-10,1019.416,1032.598,1018.482,1032.337
2006-02-13,1034.381,1034.642,1021.839,1031.614
2006-02-14,1032.645,1038.81,1030.461,1038.531
2006-02-15,1040.332,1048.344,1038.744,1041.66
2006-02-16,1041.665,1041.665,1019.21,1020.121
2006-02-17,1020.063,1028.574,1015.992,1020.368
2006-02-20,1020.74,1030.052,1020.015,1021.639
2006-02-21,1020.977,1038.937,1014.663,1038.816
2006-02-22,1039.649,1046.45,1036.38,1037.885
2006-02-23,1038.253,1041.592,1029.248,1041.373
2006-02-24,1041.97,1049.688,1041.97,1049.444
2006-02-27,1055.947,1057.223,1045.967,1047.845
2006-02-28,1046.713,1053.72,1033.661,1053.01
2006-03-01,1051.759,1057.693,1049.642,1056.619
2006-03-02,1055.858,1056.053,1034.68,1038.666
2006-03-03,1037.988,1043.422,1029.561,1041.677
2006-03-06,1041.75,1044.417,1036.108,1038.873
2006-03-07,1037.928,1037.976,1013.142,1014.973
2006-03-08,1012.578,1014.965,999.931,1009.271
2006-03-09,1006.965,1010.91,1002.196,1004.344
2006-03-10,1004.747,1011.762,1004.688,1008.897
2006-03-13,1008.803,1020.876,1008.513,1019.864
2006-03-14,1020.468,1021.651,1012.112,1018.272
2006-03-15,1018.154,1028.965,1017.081,1028.958
2006-03-16,1028.96,1029.805,1025.523,1027.616
2006-03-17,1027.637,1029.559,1021.081,1024.015
2006-03-20,1024.502,1037.908,1019.647,1037.659
2006-03-21,1037.949,1047.051,1036.235,1040.757
2006-03-22,1041.138,1047.939,1036.706,1047.666
2006-03-23,1047.349,1049.325,1042.825,1048.537
2006-03-24,1049.122,1051.757,1041.231,1042.601
2006-03-27,1042.629,1050.707,1037.076,1050.707
2006-03-28,1050.068,1056.516,1048.636,1055.982
2006-03-29,1058.738,1074.038,1057.678,1065.294
2006-03-30,1065.843,1067.99,1055.137,1055.634
2006-03-31,1053.854,1061.473,1050.222,1061.088
2006-04-03,1061.962,1079.366,1061.962,1079.322
2006-04-04,1080.857,1089.371,1076.198,1089.371
2006-04-05,1091.175,1100.558,1089.549,1099.97
2006-04-06,1102.543,1109.683,1097.316,1103.237
2006-04-07,1102.944,1105.104,1091.894,1103.154
2006-04-10,1104.321,1118.082,1100.69,1117.91
2006-04-11,1120.163,1126.089,1112.007,1123.308
2006-04-12,1123.782,1123.782,1116.149,1117.073
2006-04-13,1116.837,1122.394,1093.508,1093.925
2006-04-14,1091.689,1118.665,1091.673,1118.607
2006-04-17,1120.186,1129.154,1114.527,1124.414
2006-04-18,1127.506,1135.448,1119.271,1131.281
2006-04-19,1135.614,1140.407,1125.204,1138.241
2006-04-20,1139.642,1142.538,1127.09,1134.381
2006-04-21,1133.205,1152.888,1127.648,1149.158
2006-04-24,1156.908,1160.579,1135.751,1142.698
2006-04-25,1139.495,1149.544,1123.099,1141.93
2006-04-26,1142.902,1162.021,1142.074,1155.726
2006-04-27,1157.379,1159.898,1145.26,1155.268
2006-04-28,1143.587,1173.88,1133.193,1172.347
2006-05-08,1179.581,1218.859,1179.581,1218.445
2006-05-09,1226.315,1252.759,1222.679,1251.611
2006-05-10,1257.984,1273.684,1243.472,1265.933
2006-05-11,1267.219,1294.868,1254.348,1255.035
2006-05-12,1255.234,1296.379,1252.677,1296.257
2006-05-15,1312.137,1352.412,1301.797,1352.155
2006-05-16,1368.134,1387.397,1322.136,1331.127
2006-05-17,1331.686,1356.132,1306.871,1335.523
2006-05-18,1322.652,1340.523,1301.109,1331.201
2006-05-19,1334.069,1371.222,1329.317,1366.097
2006-05-22,1366.316,1387.571,1360.348,1373.674
2006-05-23,1365.1,1365.1,1316.549,1317.654
2006-05-24,1325.683,1351.308,1277.332,1308.242
2006-05-25,1304.695,1316.475,1285.728,1307.697
2006-05-26,1312.236,1331.452,1309.46,1331.02
2006-05-29,1339.896,1366.843,1330.628,1366.292
2006-05-30,1375.298,1384.684,1360.548,1378.756
2006-05-31,1377.449,1386.942,1355.007,1365.451
2006-06-01,1364.178,1403.265,1362.936,1402.879
2006-06-02,1406.617,1411.78,1382.004,1390.116
2006-06-05,1391.461,1403.304,1362.723,1403.163
2006-06-06,1400.267,1413.108,1391.895,1399.142
2006-06-07,1398.184,1398.184,1319.698,1320.233
2006-06-08,1309.07,1331.885,1286.899,1325.979
2006-06-09,1320.813,1329.835,1293.046,1294.185
2006-06-12,1283.827,1308.121,1275.399,1297.67
2006-06-13,1296.408,1312.132,1284.62,1298.276
2006-06-14,1291.69,1291.69,1269.516,1283.88
2006-06-15,1283.721,1300.111,1280.501,1285.385
2006-06-16,1290.003,1318.019,1290.003,1318.01
2006-06-19,1306.263,1341.99,1294.904,1334.893
2006-06-20,1333.619,1341.244,1323.784,1338.223
2006-06-21,1336.842,1347.002,1320.411,1333.532
2006-06-22,1331.926,1341.73,1326.146,1331.553
2006-06-23,1329.106,1340.266,1319.506,1339.446
2006-06-26,1341.609,1363.569,1341.609,1363.413
2006-06-27,1365.043,1368.411,1354.088,1363.896
2006-06-28,1361.792,1366.338,1353.633,1362.885
2006-06-29,1365.252,1395.243,1365.252,1395.124
2006-06-30,1402.595,1408.791,1384.991,1393.963
2006-07-03,1398.736,1420.328,1393.923,1420.328
2006-07-04,1423.078,1426.098,1401.148,1411.013
2006-07-05,1409.901,1409.901,1377.22,1393.009
2006-07-06,1391.638,1418.76,1390.193,1418.675
2006-07-07,1423.718,1426.397,1405.989,1410.429
2006-07-10,1410.496,1413.576,1397.441,1412.124
2006-07-11,1414.136,1418.816,1406.496,1418.575
2006-07-12,1419.073,1430.944,1416.739,1419.199
2006-07-13,1415.875,1418.135,1344.155,1346.088
2006-07-14,1333.743,1367.743,1327.587,1357.129
2006-07-17,1354.137,1372.254,1348.432,1372.254
2006-07-18,1370.896,1373.588,1359.909,1373.416
2006-07-19,1370.287,1370.287,1330.284,1336.644
2006-07-20,1335.412,1346.848,1329.176,1345.194
2006-07-21,1344.601,1357.341,1344.57,1356.033
2006-07-24,1340.279,1359.558,1327.901,1358.122
2006-07-25,1359.323,1378.843,1359.323,1374.17
2006-07-26,1377.784,1380.796,1367.046,1371.295
2006-07-27,1370.749,1379.253,1347.285,1355.545
2006-07-28,1354.919,1359.744,1327.663,1341.393
2006-07-31,1338.039,1338.039,1293.531,1294.328
2006-08-01,1292.709,1302.889,1278.544,1282.057
2006-08-02,1281.889,1288.612,1258.008,1275.088
2006-08-03,1277.632,1281.79,1261.695,1271.744
2006-08-04,1272.362,1278.246,1239.384,1241.908
2006-08-07,1233.488,1241.849,1221.989,1224.102
2006-08-08,1225.04,1252.386,1225.04,1252.386
2006-08-09,1254.374,1258.206,1245.388,1251.298
2006-08-10,1251.163,1271.473,1251.081,1271.473
2006-08-11,1273.266,1277.968,1265.52,1275.654
2006-08-14,1275.139,1279.308,1241.954,1245.721
2006-08-15,1243.16,1265.863,1239.905,1265.863
2006-08-16,1266.821,1283.567,1262.537,1283.567
2006-08-17,1280.284,1280.284,1263.931,1271.627
2006-08-18,1270.225,1280.829,1265.818,1267.866
2006-08-21,1235.426,1270.667,1229.165,1270.562
2006-08-22,1270.103,1289.019,1269.102,1285.268
2006-08-23,1284.817,1294.825,1282.841,1285.68
2006-08-24,1284.835,1292.401,1274.556,1292.401
2006-08-25,1293.502,1301.753,1292.451,1295.437
2006-08-28,1298.464,1325.894,1298.357,1325.894
2006-08-29,1328.611,1349.201,1327.002,1330.155
2006-08-30,1328.37,1336.392,1319.823,1334.671
2006-08-31,1335.588,1342.79,1331.287,1338.694
2006-09-01,1339.309,1340.125,1314.567,1318.099
2006-09-04,1315.707,1337.243,1315.61,1337.243
2006-09-05,1339.59,1345.708,1334.723,1340.682
2006-09-06,1341.403,1346.367,1331.852,1346.367
2006-09-07,1348.174,1348.278,1323.977,1328.377
2006-09-08,1327.555,1334.728,1326.246,1332.153
2006-09-11,1331.89,1338.755,1319.21,1338.755
2006-09-12,1338.815,1350.527,1337.302,1347.639
2006-09-13,1348.849,1356.856,1337.461,1338.386
2006-09-14,1338.35,1345.59,1323.801,1338.278
2006-09-15,1338.409,1362.404,1338.143,1362.322
2006-09-18,1367.645,1375.581,1362.143,1375.563
2006-09-19,1377.716,1385.619,1371.43,1378.309
2006-09-20,1376.118,1381.812,1365.717,1378.459
2006-09-21,1378.456,1390.621,1378.456,1387.37
2006-09-22,1389.867,1393.53,1373.945,1374.852
2006-09-25,1372.808,1383.767,1361.606,1372.399
2006-09-26,1370.856,1371.582,1351.18,1357.646
2006-09-27,1357.275,1371.117,1355.393,1371.117
2006-09-28,1372.134,1389.555,1369.398,1387.002
2006-09-29,1389.075,1405.563,1389.038,1403.265
2006-10-09,1420.362,1436.074,1418.207,1436.074
2006-10-10,1437.689,1443.497,1426.969,1437.245
2006-10-11,1436.681,1440.207,1421.808,1435.906
2006-10-12,1436.198,1438.802,1423.629,1426.5
2006-10-13,1424.301,1436.102,1420.959,1430.882
2006-10-16,1432.306,1434.532,1415.49,1418.517
2006-10-17,1416.949,1426.292,1410.674,1414.448
2006-10-18,1413.906,1437.593,1413.55,1437.593
2006-10-19,1438.842,1445.617,1433.938,1439.377
2006-10-20,1440.668,1447.951,1436.653,1440.182
2006-10-23,1439.54,1444.915,1403.008,1408.715
2006-10-24,1408.578,1440.054,1408.578,1440.054
2006-10-25,1443.108,1459.731,1434.806,1446.825
2006-10-26,1447.088,1457.373,1435.279,1456.095
2006-10-27,1455.978,1460.455,1433.355,1439.05
2006-10-30,1436.66,1446.239,1428.334,1446.239
2006-10-31,1447.055,1464.478,1447.055,1464.473
2006-11-01,1465.667,1479.409,1461.316,1479.409
2006-11-02,1480.551,1480.551,1464.598,1479.656
2006-11-03,1481.582,1497.466,1480.77,1488.291
2006-11-06,1477.44,1507.972,1472.001,1507.891
2006-11-07,1512.649,1516.803,1491.33,1516.104
2006-11-08,1512.362,1513.037,1497.009,1498.173
2006-11-09,1491.801,1527.377,1489.199,1524.714
2006-11-10,1525.226,1535.196,1493.197,1504.062
2006-11-13,1498.064,1512.95,1465.629,1475.779
2006-11-14,1475.445,1493.877,1453.259,1493.776
2006-11-15,1494.114,1534.849,1490.868,1534.762
2006-11-16,1540.258,1558.406,1531.289,1533.288
2006-11-17,1528.007,1562.236,1521.549,1562.084
2006-11-20,1567.344,1593.189,1567.344,1593.158
2006-11-21,1591.47,1612.46,1568.95,1612.249
2006-11-22,1610.049,1639.414,1600.383,1624.028
2006-11-23,1623.714,1642.808,1618.043,1634.914
2006-11-24,1629.894,1640.752,1611.547,1636.58
2006-11-27,1632.659,1651.801,1627.919,1651.801
2006-11-28,1649.681,1656.188,1629.825,1644.014
2006-11-29,1617.69,1672.909,1604.815,1667.142
2006-11-30,1671.665,1714.493,1671.665,1714.358
2006-12-01,1719.278,1741.804,1715.786,1729.224
2006-12-04,1731.897,1780.801,1731.897,1780.736
2006-12-05,1785.443,1811.658,1777.432,1794.231
2006-12-06,1794.256,1806.645,1717.722,1779.411
2006-12-07,1774.185,1820.719,1770.569,1775.714
2006-12-08,1752.771,1772.162,1710.001,1711.584
2006-12-11,1705.911,1790.115,1705.911,1789.924
2006-12-12,1798.464,1819.802,1772.108,1802.788
2006-12-13,1805.424,1813.276,1779.558,1803.856
2006-12-14,1807.079,1836.194,1805.2,1836.143
2006-12-15,1842.883,1867.777,1832.514,1867.636
2006-12-18,1875.005,1918.291,1875.005,1916.108
2006-12-19,1924.799,1936.751,1882.541,1921.444
2006-12-20,1912.904,1936.802,1893.424,1936.547
2006-12-21,1935.784,1945.473,1905.72,1908.985
2006-12-22,1896.48,1918.487,1880.566,1895.644
2006-12-25,1898.819,1957.466,1898.819,1939.104
2006-12-26,1941.795,1959.982,1914.975,1938.238
2006-12-27,1940.412,1983.109,1939.553,1982.877
2006-12-28,1988.016,2010.371,1964.973,1979.933
2006-12-29,1991.876,2052.861,1991.876,2041.047
2007-01-04,2073.25,2139.494,2054.242,2067.092
2007-01-05,2051.152,2083.402,2030.762,2072.883
2007-01-08,2072.005,2131.737,2071.721,2131.556
2007-01-09,2137.485,2201.36,2128.064,2200.086
2007-01-10,2210.757,2255.966,2194.77,2255.966
2007-01-11,2257.01,2289.95,2224.366,2231.629
2007-01-12,2215.859,2249.543,2159.775,2173.747
2007-01-15,2170.943,2287.684,2170.943,2287.342
2007-01-16,2310.963,2354.431,2297.238,2353.874
2007-01-17,2360.41,2393.218,2266.344,2308.931
2007-01-18,2292.173,2325.528,2240.214,2317.095
2007-01-19,2320.873,2396.093,2320.873,2396.093
2007-01-22,2424.815,2491.711,2424.815,2491.313
2007-01-23,2508.265,2516.593,2415.111,2508.13
2007-01-24,2508.523,2556.099,2489.932,2536.428
2007-01-25,2512.459,2529.432,2449.051,2452.831
2007-01-26,2415.746,2524.243,2356.982,2512.922
2007-01-29,2529.943,2582.405,2521.503,2576.917
2007-01-30,2586.523,2599.452,2531.776,2551.884
2007-01-31,2544.3,2548.175,2367.67,2385.335
2007-02-01,2350.596,2410.422,2310.569,2395.172
2007-02-02,2397.058,2403.619,2293.277,2298.003
2007-02-05,2282.77,2304.318,2247.929,2271.797
2007-02-06,2271.372,2316.702,2198.901,2316.04
2007-02-07,2330.428,2390.867,2330.428,2369.787
2007-02-08,2376.629,2415.959,2354.697,2410.601
2007-02-09,2412.644,2417.643,2376.022,2397.245
2007-02-12,2397.849,2485.759,2396.786,2485.392
2007-02-13,2498.345,2526.227,2489.66,2522.63
2007-02-14,2527.56,2594.661,2520.533,2588.349
2007-02-15,2607.626,2669.183,2607.626,2668.633
2007-02-16,2692.67,2717.57,2660.486,2676.735
2007-02-26,2679.265,2710.301,2641.12,2707.676
2007-02-27,2717.812,2719.519,2454.918,2457.492
2007-02-28,2413.422,2554.226,2413.327,2544.571
2007-03-01,2550.26,2550.328,2439.503,2473.544
2007-03-02,2468.672,2523.856,2455.819,2508.729
2007-03-05,2503.816,2541.818,2409.715,2475.606
2007-03-06,2467.741,2539.453,2452.142,2520.293
2007-03-07,2532.975,2594.458,2532.148,2589.436
2007-03-08,2597.715,2628.448,2565.109,2627.63
2007-03-09,2632.8,2643.809,2587.488,2611.393
2007-03-12,2612.957,2619.498,2563.367,2616.172
2007-03-13,2620.715,2641.626,2605.234,2640.169
2007-03-14,2609.927,2625.123,2546.646,2597.357
2007-03-15,2595.543,2645.877,2595.543,2645.546
2007-03-16,2656.009,2665.39,2576.316,2604.226
2007-03-19,2533.711,2674.798,2523.302,2659.413
2007-03-20,2669.635,2674.47,2645.25,2672.771
2007-03-21,2685.925,2702.998,2666.891,2702.597
2007-03-22,2720.459,2740.28,2702.414,2711.322
2007-03-23,2710.362,2726.62,2653.794,2716.266
2007-03-26,2725.397,2764.398,2713.926,2764.034
2007-03-27,2770.348,2789.967,2753.017,2784.023
2007-03-28,2787.239,2806.077,2689.114,2797.649
2007-03-29,2802.377,2830.082,2782.93,2783.305
2007-03-30,2768.71,2801.945,2753.147,2781.784
2007-04-02,2793.957,2850.152,2793.957,2850.107
2007-04-03,2861.898,2888.329,2852.571,2888.115
2007-04-04,2893.377,2924.676,2875.685,2911.821
2007-04-05,2909.5,2950.659,2895.416,2945.045
2007-04-06,2921.727,2977.459,2911.052,2972.008
2007-04-09,2988.377,3043.06,2988.377,3038.172
2007-04-10,3053.355,3081.617,2993.114,3081.568
2007-04-11,3092.085,3121.537,3059.283,3121.319
2007-04-12,3129.247,3176.69,3114.911,3176.437
2007-04-13,3182.777,3211.607,3154.106,3169.233
2007-04-16,3177.303,3256.566,3177.291,3255.998
2007-04-17,3273.43,3288.166,3182.951,3283.604
2007-04-18,3294.213,3311.981,3244.934,3304.501
2007-04-19,3297.946,3297.946,3065.282,3150.303
2007-04-20,3165.674,3297.41,3165.674,3289.282
2007-04-23,3330.798,3433.519,3330.798,3431.318
2007-04-24,3462.48,3490.814,3418.301,3445.196
2007-04-25,3432.024,3467.828,3376.084,3448.281
2007-04-26,3465.112,3493.909,3438.879,3493.581
2007-04-27,3499.941,3503.885,3436.002,3470.523
2007-04-30,3487.358,3568.684,3478.928,3558.709
2007-05-08,3643.813,3699.367,3618.782,3686.03
2007-05-09,3699.296,3717.34,3556.615,3701.277
2007-05-10,3703.525,3742.231,3671.813,3724.51
2007-05-11,3696.294,3715.366,3629.713,3702.612
2007-05-14,3648.269,3769.159,3620.861,3734.42
2007-05-15,3739.049,3751.642,3600.207,3604.636
2007-05-16,3597.997,3700.646,3557.198,3700.287
2007-05-17,3716.438,3794.16,3705.275,3778.605
2007-05-18,3771.271,3805.208,3746.242,3776.629
2007-05-21,3650.803,3843.837,3643.076,3831.443
2007-05-22,3849.043,3893.192,3849.043,3870.489
2007-05-23,3879.759,3939.492,3853.908,3938.945
2007-05-24,3953.887,3972.584,3858.513,3919.748
2007-05-25,3907.73,3996.853,3888.308,3985.252
2007-05-28,4033.921,4091.935,4027.363,4072.578
2007-05-29,4090.903,4168.529,4079.868,4168.289
2007-05-30,3906.041,4104.2,3849.701,3886.459
2007-05-31,3828.916,3991.73,3683.562,3927.952
2007-06-01,3953.1,4014.153,3780.029,3803.954
2007-06-04,3804.958,3822.409,3503.939,3511.431
2007-06-05,3406.999,3635.153,3246.733,3634.633
2007-06-06,3652.893,3712.528,3550.737,3677.58
2007-06-07,3694.55,3802.304,3684.459,3802.304
2007-06-08,3814.185,3861.206,3769.151,3837.867
2007-06-11,3876.067,3937.793,3870.234,3931.862
2007-06-12,3953.959,4036.355,3834.018,4036.109
2007-06-13,4071.735,4146.522,4064.146,4118.268
2007-06-14,4103.523,4132.004,4022.78,4075.821
2007-06-15,4043.111,4115.725,4025.1,4099.381
2007-06-18,4178.762,4246.4,4177.19,4227.569
2007-06-19,4227.592,4254.715,4186.176,4253.0
2007-06-20,4268.655,4292.198,4138.331,4157.599
2007-06-21,4140.693,4208.872,4110.959,4197.28
2007-06-22,4203.134,4220.923,3970.346,4051.426
2007-06-25,4066.453,4105.986,3850.84,3877.59
2007-06-26,3804.413,3929.371,3752.926,3928.213
2007-06-27,3946.876,4053.413,3912.199,4040.484
2007-06-28,4038.378,4067.811,3857.848,3858.522
2007-06-29,3769.331,3867.748,3718.161,3764.078
2007-07-02,3746.175,3801.904,3644.187,3757.655
2007-07-03,3782.778,3835.289,3744.015,3832.227
2007-07-04,3840.412,3848.076,3727.562,3743.582
2007-07-05,3688.312,3706.597,3535.042,3537.435
2007-07-06,3517.599,3712.742,3475.271,3710.283
2007-07-09,3743.869,3840.988,3722.231,3821.302
2007-07-10,3832.756,3852.933,3764.249,3775.621
2007-07-11,3751.489,3797.811,3732.294,3789.874
2007-07-12,3799.185,3839.206,3780.028,3816.921
2007-07-13,3825.033,3829.679,3773.929,3820.124
2007-07-16,3824.911,3830.372,3697.217,3697.966
2007-07-17,3684.335,3812.253,3650.253,3789.651
2007-07-18,3776.94,3861.509,3756.704,3807.574
2007-07-19,3796.915,3836.385,3778.509,3806.997
2007-07-20,3808.082,3971.892,3808.082,3971.884
2007-07-23,4009.063,4157.392,4009.063,4156.723
2007-07-24,4187.327,4241.581,4143.588,4161.352
2007-07-25,4163.364,4256.054,4163.348,4255.463
2007-07-26,4282.676,4325.931,4244.079,4303.185
2007-07-27,4277.551,4318.343,4225.029,4307.143
2007-07-30,4305.178,4426.307,4303.732,4410.297
2007-07-31,4402.518,4467.647,4359.592,4460.564
2007-08-01,4479.299,4496.249,4271.055,4290.477
2007-08-02,4311.599,4449.402,4303.975,4436.192
2007-08-03,4472.894,4599.248,4472.894,4598.379
2007-08-06,4642.78,4704.188,4623.489,4703.984
2007-08-07,4715.389,4771.584,4634.868,4724.547
2007-08-08,4680.071,4741.448,4579.404,4668.087
2007-08-09,4666.421,4779.143,4666.204,4777.286
2007-08-10,4765.852,4771.606,4631.043,4726.683
2007-08-13,4724.516,4767.08,4663.199,4721.192
2007-08-14,4721.446,4803.567,4704.148,4795.568
2007-08-15,4804.676,4836.587,4697.97,4798.75
2007-08-16,4772.356,4772.97,4665.21,4721.942
2007-08-17,4694.2,4774.988,4616.966,4626.583
2007-08-20,4749.204,4885.835,4747.27,4885.427
2007-08-21,4915.524,4995.527,4909.844,4972.711
2007-08-22,4899.93,5075.892,4887.139,5051.688
2007-08-23,5075.51,5154.846,5028.124,5135.93
2007-08-24,5161.15,5231.154,5158.033,5217.581
2007-08-27,5250.619,5296.571,5191.28,5243.147
2007-08-28,5220.639,5270.302,5136.614,5251.77
2007-08-29,5215.655,5283.333,5138.336,5171.822
2007-08-30,5193.726,5247.572,5175.997,5241.228
2007-08-31,5255.091,5307.417,5219.989,5296.813
2007-09-03,5335.049,5433.745,5335.049,5419.169
2007-09-04,5421.254,5429.206,5333.494,5360.333
2007-09-05,5357.553,5389.325,5265.064,5363.251
2007-09-06,5389.486,5448.84,5365.497,5412.037
2007-09-07,5382.911,5402.715,5284.65,5294.795
2007-09-10,5226.736,5380.456,5182.101,5377.222
2007-09-11,5384.559,5413.999,5104.347,5124.092
2007-09-12,5102.576,5212.652,5059.464,5202.856
2007-09-13,5230.645,5351.575,5212.03,5349.97
2007-09-14,5362.465,5405.854,5274.221,5397.278
2007-09-17,5389.501,5504.771,5387.68,5498.908
2007-09-18,5524.099,5533.532,5405.184,5476.839
2007-09-19,5487.377,5498.594,5385.424,5419.268
2007-09-20,5436.641,5501.399,5430.309,5494.915
2007-09-21,5508.505,5516.107,5357.504,5468.098
2007-09-24,5481.382,5541.134,5400.679,5513.895
2007-09-25,5524.016,5540.873,5423.525,5454.615
2007-09-26,5433.63,5489.858,5338.305,5361.021
2007-09-27,5364.529,5429.052,5338.044,5427.657
2007-09-28,5479.853,5590.849,5479.853,5580.813
2007-10-08,5703.28,5715.907,5617.097,5653.136
2007-10-09,5638.633,5682.967,5582.771,5675.927
2007-10-10,5694.986,5776.209,5653.789,5685.759
2007-10-11,5695.128,5761.216,5650.104,5760.078
2007-10-12,5777.898,5796.28,5485.564,5737.221
2007-10-15,5761.869,5824.976,5690.07,5821.447
2007-10-16,5851.538,5885.484,5815.609,5877.202
2007-10-17,5862.378,5891.723,5797.611,5824.117
2007-10-18,5813.239,5813.239,5593.988,5615.747
2007-10-19,5651.032,5711.497,5563.783,5614.06
2007-10-22,5543.793,5594.497,5465.854,5472.677
2007-10-23,5467.832,5541.957,5373.05,5540.09
2007-10-24,5564.478,5644.973,5553.326,5588.014
2007-10-25,5549.664,5556.552,5312.85,5333.792
2007-10-26,5279.1,5428.576,5266.372,5394.807
2007-10-29,5428.683,5509.345,5428.683,5508.357
2007-10-30,5529.965,5597.265,5467.523,5596.068
2007-10-31,5663.756,5691.865,5590.54,5688.543
2007-11-01,5701.487,5702.211,5604.79,5605.232
2007-11-02,5514.852,5565.66,5448.986,5472.93
2007-11-05,5438.811,5494.616,5333.382,5360.305
2007-11-06,5331.31,5406.105,5295.795,5317.549
2007-11-07,5348.556,5388.639,5231.614,5350.629
2007-11-08,5321.863,5321.863,5090.959,5093.669
2007-11-09,5042.756,5129.113,4962.302,5040.525
2007-11-12,4916.817,5018.107,4795.431,4978.252
2007-11-13,5024.521,5082.639,4866.156,4939.244
2007-11-14,5013.782,5147.014,4924.816,5145.888
2007-11-15,5129.813,5170.968,5069.519,5081.113
2007-11-16,4999.843,5021.711,4917.489,5007.662
2007-11-19,5017.404,5033.947,4968.733,4994.416
2007-11-20,4964.564,5099.515,4916.471,5069.382
2007-11-21,5087.248,5135.247,4993.289,4997.62
2007-11-22,4902.627,4949.335,4759.906,4772.617
2007-11-23,4733.365,4857.052,4711.792,4856.161
2007-11-26,4931.599,4954.18,4795.352,4800.082
2007-11-27,4759.006,4806.828,4708.798,4711.152
2007-11-28,4724.467,4760.659,4619.514,4648.751
2007-11-29,4708.384,4847.576,4637.482,4842.07
2007-11-30,4841.076,4841.076,4723.787,4737.408
2007-12-03,4714.921,4809.267,4689.518,4772.674
2007-12-04,4786.641,4886.577,4786.641,4829.214
2007-12-05,4829.953,4970.17,4815.61,4965.947
2007-12-06,4986.251,4999.932,4928.132,4971.055
2007-12-07,4979.841,5041.778,4977.868,5041.35
2007-12-10,4961.67,5138.685,4944.828,5133.562
2007-12-11,5162.088,5181.406,5068.03,5140.0
2007-12-12,5108.578,5130.719,5033.716,5077.39
2007-12-13,5051.784,5067.39,4881.34,4884.298
2007-12-14,4827.392,4979.185,4800.238,4977.652
2007-12-17,4976.239,4977.572,4855.167,4857.289
2007-12-18,4827.26,4882.995,4799.004,4829.909
2007-12-19,4877.769,4961.593,4865.352,4946.285
2007-12-20,4968.031,5048.061,4935.401,5037.195
2007-12-21,5016.459,5103.77,5014.703,5101.852
2007-12-24,5142.156,5239.217,5129.601,5207.134
2007-12-25,5217.558,5244.031,5180.587,5216.813
2007-12-26,5231.969,5273.139,5194.745,5265.026
2007-12-27,5286.98,5367.53,5260.103,5367.53
2007-12-28,5379.518,5391.665,5323.821,5338.275
2008-01-02,5349.763,5404.928,5283.448,5385.103
2008-01-03,5381.147,5422.673,5315.948,5422.034
2008-01-04,5430.63,5499.085,5422.456,5483.65
2008-01-07,5480.442,5569.152,5455.501,5556.593
2008-01-08,5575.95,5630.624,5485.234,5528.054
2008-01-09,5507.116,5614.678,5490.305,5613.758
2008-01-10,5631.645,5707.667,5602.594,5672.154
2008-01-11,5688.563,5702.572,5629.638,5699.147
2008-01-14,5717.525,5756.919,5679.287,5731.757
2008-01-15,5743.431,5754.107,5652.04,5696.45
2008-01-16,5642.566,5642.566,5498.39,5505.717
2008-01-17,5445.803,5533.65,5226.639,5365.624
2008-01-18,5358.183,5419.57,5307.496,5414.468
2008-01-21,5424.64,5434.349,5122.463,5145.734
2008-01-22,5015.428,5032.245,4708.388,4753.868
2008-01-23,4787.171,4976.272,4751.499,4975.111
2008-01-24,5034.533,5079.796,4926.374,5027.213
2008-01-25,5022.896,5121.408,4966.519,5077.429
2008-01-28,5038.507,5038.507,4711.277,4731.883
2008-01-29,4742.901,4845.658,4688.728,4762.083
2008-01-30,4817.161,4858.101,4606.144,4710.652
2008-01-31,4693.607,4733.699,4614.282,4620.401
2008-02-01,4623.621,4660.994,4414.119,4571.945
2008-02-04,4695.546,4951.248,4695.546,4950.124
2008-02-05,4942.875,4995.574,4878.119,4921.829
2008-02-13,4858.814,4883.244,4785.8,4816.084
2008-02-14,4858.849,4913.318,4842.847,4880.252
2008-02-15,4846.024,4846.024,4742.101,4813.311
2008-02-18,4875.215,4944.88,4845.308,4910.992
2008-02-19,4926.839,5020.753,4885.695,5020.753
2008-02-20,5032.777,5062.261,4901.661,4908.717
2008-02-21,4878.569,4924.449,4796.099,4876.03
2008-02-22,4850.882,4850.882,4649.813,4702.241
2008-02-25,4704.316,4722.636,4510.695,4519.783
2008-02-26,4637.6,4668.831,4394.594,4515.533
2008-02-27,4543.097,4660.408,4500.89,4639.768
2008-02-28,4651.157,4670.173,4582.823,4622.056
2008-02-29,4616.24,4683.159,4597.627,4674.55
2008-03-03,4648.735,4803.9,4611.7,4790.744
2008-03-04,4813.401,4836.657,4657.381,4671.148
2008-03-05,4650.518,4689.967,4519.743,4628.724
2008-03-06,4645.069,4746.584,4592.621,4685.03
2008-03-07,4641.755,4693.207,4597.009,4621.685
2008-03-10,4588.727,4588.765,4406.232,4431.589
2008-03-11,4393.282,4441.184,4315.183,4441.184
2008-03-12,4534.811,4553.336,4308.35,4309.648
2008-03-13,4266.273,4296.364,4121.275,4198.96
2008-03-14,4179.438,4212.408,4092.791,4157.871
2008-03-17,4138.877,4138.877,3958.292,3965.279
2008-03-18,3924.87,3996.959,3700.35,3763.948
2008-03-19,3837.603,3954.466,3776.301,3888.861
2008-03-20,3833.205,4044.692,3658.04,4001.832
2008-03-21,3998.197,4083.163,3958.967,4037.83
2008-03-24,4086.07,4103.574,3857.091,3857.091
2008-03-25,3780.459,3937.671,3747.019,3905.774
2008-03-26,3926.864,4001.552,3888.018,3914.37
2008-03-27,3847.439,3873.611,3745.879,3748.92
2008-03-28,3712.98,3925.856,3661.381,3918.156
2008-03-31,3802.206,3891.66,3780.122,3790.53
2008-04-01,3776.268,3815.157,3566.209,3582.855
2008-04-02,3621.388,3698.526,3493.184,3547.977
2008-04-03,3518.223,3665.651,3457.617,3650.698
2008-04-07,3611.958,3854.068,3578.377,3845.822
2008-04-08,3852.011,3935.333,3820.1,3891.059
2008-04-09,3857.275,3911.697,3687.597,3688.125
2008-04-10,3641.66,3754.715,3608.316,3754.715
2008-04-11,3794.297,3825.295,3755.015,3783.728
2008-04-14,3699.142,3710.786,3525.185,3536.327
2008-04-15,3513.068,3583.861,3417.249,3583.299
2008-04-16,3573.664,3583.808,3483.185,3494.016
2008-04-17,3493.238,3559.1,3340.875,3386.63
2008-04-18,3356.562,3390.551,3248.528,3272.499
2008-04-21,3516.425,3516.425,3223.886,3267.554
2008-04-22,3207.881,3301.548,3122.39,3296.277
2008-04-23,3267.359,3467.431,3245.296,3453.727
2008-04-24,3739.321,3781.477,3659.726,3774.504
2008-04-25,3781.912,3915.841,3737.984,3803.07
2008-04-28,3740.951,3791.77,3711.185,3729.154
2008-04-29,3704.927,3797.528,3702.021,3776.943
2008-04-30,3793.853,3970.575,3793.853,3959.119
2008-05-05,4015.212,4061.472,3972.561,4055.779
2008-05-06,4021.073,4075.575,3961.344,4010.888
2008-05-07,3986.129,4042.407,3821.107,3821.319
2008-05-08,3774.044,3926.004,3761.28,3925.041
2008-05-09,3960.886,3973.058,3806.519,3878.924
2008-05-12,3804.985,3952.789,3766.577,3904.92
2008-05-13,3786.534,3923.171,3778.718,3851.687
2008-05-14,3843.47,3975.795,3843.47,3975.782
2008-05-15,4006.658,4038.852,3948.062,3948.088
2008-05-16,3948.034,3982.221,3882.895,3936.121
2008-05-19,3926.314,3936.277,3865.5,3914.072
2008-05-20,3911.096,3946.441,3698.554,3710.818
2008-05-21,3668.181,3801.067,3591.566,3783.049
2008-05-22,3732.641,3783.849,3704.157,3711.444
2008-05-23,3697.89,3741.06,3629.009,3675.147
2008-05-26,3643.012,3643.012,3555.762,3559.217
2008-05-27,3549.986,3594.657,3533.466,3576.197
2008-05-28,3583.284,3697.996,3561.733,3676.23
2008-05-29,3666.196,3677.02,3578.732,3580.868
2008-05-30,3585.605,3620.225,3552.662,3611.33
2008-06-02,3600.234,3650.478,3580.58,3625.826
2008-06-03,3624.572,3641.429,3585.124,3614.111
2008-06-04,3601.54,3605.058,3513.641,3546.916
2008-06-05,3529.978,3542.244,3487.792,3512.138
2008-06-06,3519.116,3532.297,3470.563,3489.502
2008-06-10,3344.453,3352.321,3188.796,3206.562
2008-06-11,3155.943,3181.818,3097.395,3140.299
2008-06-12,3123.64,3148.742,3022.876,3084.633
2008-06-13,3087.337,3108.988,2975.661,2979.117
2008-06-16,2981.085,3012.993,2900.075,2952.242
2008-06-17,2950.399,2977.889,2820.643,2842.676
2008-06-18,2820.237,3007.18,2759.107,2991.273
2008-06-19,2967.402,2967.402,2768.225,2773.076
2008-06-20,2795.465,2946.939,2691.868,2849.668
2008-06-23,2798.428,2845.479,2771.363,2789.941
2008-06-24,2775.69,2865.903,2770.987,2851.915
2008-06-25,2844.922,2973.173,2834.945,2969.537
2008-06-26,2964.516,3010.278,2922.786,2980.907
2008-06-27,2886.18,2899.836,2787.252,2816.021
2008-06-30,2782.844,2834.272,2747.614,2791.819
2008-07-01,2799.195,2809.381,2690.181,2698.347
2008-07-02,2702.634,2745.939,2670.064,2699.597
2008-07-03,2654.479,2807.682,2617.258,2760.612
2008-07-04,2751.213,2783.847,2716.022,2741.852
2008-07-07,2747.611,2890.985,2747.611,2882.763
2008-07-08,2900.571,2939.143,2841.073,2901.841
2008-07-09,2926.996,3015.271,2926.996,3015.126
2008-07-10,2970.984,3056.905,2950.2,2973.728
2008-07-11,2962.861,2988.197,2913.872,2953.498
2008-07-14,2927.24,2996.592,2917.023,2975.874
2008-07-15,2987.061,2997.666,2849.199,2852.979
2008-07-16,2818.763,2824.881,2702.659,2745.596
2008-07-17,2790.259,2812.992,2705.809,2718.068
2008-07-18,2746.536,2818.064,2690.069,2815.462
2008-07-21,2792.829,2915.293,2780.282,2911.051
2008-07-22,2905.276,2931.447,2890.252,2904.743
2008-07-23,2923.049,2941.972,2879.185,2883.32
2008-07-24,2905.043,2979.748,2902.976,2977.362
2008-07-25,2939.321,2967.719,2916.684,2939.202
2008-07-28,2959.113,2997.604,2946.492,2960.851
2008-07-29,2921.248,2921.248,2881.05,2905.63
2008-07-30,2940.02,2949.943,2866.031,2884.384
2008-07-31,2894.246,2899.069,2804.698,2805.21
2008-08-01,2786.123,2868.679,2748.755,2840.788
2008-08-04,2816.936,2832.895,2767.529,2773.15
2008-08-05,2780.761,2792.742,2695.372,2703.079
2008-08-06,2723.523,2749.099,2679.66,2721.693
2008-08-07,2717.661,2747.884,2683.409,2720.442
2008-08-08,2719.375,2719.375,2581.811,2591.462
2008-08-11,2579.805,2580.72,2442.794,2456.811
2008-08-12,2431.383,2474.324,2413.597,2444.155
2008-08-13,2427.495,2466.086,2369.58,2444.672
2008-08-14,2429.977,2461.238,2410.491,2443.512
2008-08-15,2440.39,2479.151,2412.949,2447.615
2008-08-18,2451.311,2452.626,2312.951,2313.402
2008-08-19,2285.515,2356.191,2273.893,2348.472
2008-08-20,2332.386,2533.303,2312.176,2532.94
2008-08-21,2494.262,2535.862,2438.86,2443.979
2008-08-22,2421.249,2437.432,2362.631,2404.928
2008-08-25,2408.026,2439.907,2373.765,2400.548
2008-08-26,2370.528,2390.655,2306.936,2331.532
2008-08-27,2322.539,2367.717,2291.35,2325.292
2008-08-28,2325.262,2363.563,2316.682,2335.865
2008-08-29,2347.4,2418.051,2339.518,2391.64
2008-09-01,2372.638,2372.638,2297.023,2309.171
2008-09-02,2292.686,2309.206,2268.004,2285.411
2008-09-03,2279.598,2296.032,2219.559,2245.964
2008-09-04,2238.645,2270.411,2216.112,2251.146
2008-09-05,2193.038,2221.093,2172.941,2183.432
2008-09-08,2189.822,2198.761,2119.124,2126.518
2008-09-09,2135.223,2150.988,2111.404,2139.145
2008-09-10,2124.965,2181.253,2099.234,2143.176
2008-09-11,2135.453,2141.995,2067.249,2072.126
2008-09-12,2071.061,2102.979,2066.437,2077.846
2008-09-16,2050.316,2050.316,1987.298,2000.651
2008-09-17,1981.252,2003.908,1923.55,1929.135
2008-09-18,1876.965,1936.735,1804.77,1895.99
2008-09-19,2065.779,2073.113,2046.222,2073.113
2008-09-22,2228.366,2258.424,2130.315,2207.614
2008-09-23,2141.6,2180.368,2118.92,2123.478
2008-09-24,2072.652,2139.222,2050.967,2138.853
2008-09-25,2143.729,2256.271,2139.616,2223.532
2008-09-26,2234.459,2257.161,2192.129,2243.657
2008-10-06,2206.563,2206.563,2128.271,2128.696
2008-10-07,2043.923,2136.124,2024.648,2102.448
2008-10-08,2041.991,2073.067,2000.522,2022.881
2008-10-09,2059.585,2063.304,1993.01,1995.297
2008-10-10,1913.265,1938.215,1881.673,1906.96
2008-10-13,1889.754,1985.63,1841.533,1985.486
2008-10-14,2054.408,2060.488,1934.459,1934.619
2008-10-15,1911.032,1930.634,1892.015,1914.356
2008-10-16,1833.482,1866.902,1818.933,1820.903
2008-10-17,1837.914,1851.332,1805.667,1833.262
2008-10-20,1828.414,1899.347,1802.095,1896.733
2008-10-21,1901.244,1928.194,1880.517,1881.406
2008-10-22,1854.6,1887.305,1832.446,1833.323
2008-10-23,1794.681,1836.413,1779.134,1834.78
2008-10-24,1831.463,1840.884,1769.11,1781.598
2008-10-27,1746.668,1746.668,1652.792,1654.671
2008-10-28,1614.616,1716.306,1607.674,1705.82
2008-10-29,1723.234,1731.256,1657.653,1658.223
2008-10-30,1669.968,1723.929,1646.345,1697.656
2008-10-31,1688.09,1696.647,1655.088,1663.66
2008-11-03,1648.556,1684.559,1643.418,1653.542
2008-11-04,1646.201,1648.451,1606.731,1627.759
2008-11-05,1641.264,1714.661,1641.264,1691.42
2008-11-06,1648.127,1661.441,1638.344,1649.776
2008-11-07,1618.753,1690.105,1612.739,1677.827
2008-11-10,1714.123,1803.119,1714.123,1801.665
2008-11-11,1795.301,1824.929,1778.332,1781.361
2008-11-12,1758.479,1806.23,1754.288,1801.823
2008-11-13,1777.031,1891.942,1765.635,1874.082
2008-11-14,1893.309,1943.654,1874.932,1943.654
2008-11-17,1934.737,1987.225,1919.967,1987.225
2008-11-18,1974.378,1994.82,1831.757,1839.819
2008-11-19,1831.597,1959.522,1823.273,1953.163
2008-11-20,1916.7,1976.95,1900.268,1932.428
2008-11-21,1872.265,1968.892,1835.086,1920.735
2008-11-24,1913.993,1923.933,1835.863,1837.642
2008-11-25,1870.055,1883.104,1801.56,1834.294
2008-11-26,1832.114,1865.652,1815.015,1843.495
2008-11-27,1961.891,1969.024,1870.045,1870.473
2008-11-28,1851.103,1866.256,1815.447,1829.924
2008-12-01,1823.769,1864.3,1799.839,1864.205
2008-12-02,1821.543,1891.133,1814.903,1868.631
2008-12-03,1884.601,1952.668,1884.601,1952.668
2008-12-04,1980.445,2046.473,1978.141,1982.928
2008-12-05,1969.741,2014.197,1965.089,2013.175
2008-12-08,2040.474,2095.465,2033.978,2095.036
2008-12-09,2104.124,2107.599,2038.072,2040.847
2008-12-10,2028.514,2096.393,2014.283,2096.393
2008-12-11,2087.43,2107.292,2043.62,2046.337
2008-12-12,2027.069,2038.185,1936.28,1960.38
2008-12-15,1991.551,2006.225,1941.054,1975.034
2008-12-16,1956.995,1994.959,1919.869,1994.45
2008-12-17,2002.029,2030.388,1995.65,2001.42
2008-12-18,2001.048,2045.945,1982.428,2045.102
2008-12-19,2037.369,2075.384,2033.112,2052.114
2008-12-22,2050.77,2055.366,1993.326,2017.549
2008-12-23,2019.231,2019.231,1918.432,1918.955
2008-12-24,1893.225,1912.775,1872.647,1887.075
2008-12-25,1891.526,1902.714,1848.708,1870.765
2008-12-26,1868.344,1881.077,1850.502,1862.096
2008-12-29,1852.413,1861.302,1816.059,1854.757
2008-12-30,1852.949,1867.408,1824.528,1833.435
2008-12-31,1835.105,1844.416,1813.726,1817.722
2009-01-05,1848.326,1882.959,1837.839,1882.959
2009-01-06,1880.672,1948.489,1873.011,1942.795
2009-01-07,1942.671,1959.246,1930.868,1931.178
2009-01-08,1894.664,1902.796,1873.648,1887.991
2009-01-09,1886.488,1923.423,1886.488,1918.365
2009-01-12,1911.736,1947.083,1905.617,1920.687
2009-01-13,1892.655,1908.196,1874.974,1876.185
2009-01-14,1873.626,1955.244,1873.626,1955.244
2009-01-15,1935.386,1977.191,1930.295,1954.874
2009-01-16,1965.44,2026.647,1965.44,1990.214
2009-01-19,2010.579,2052.19,1993.95,2012.465
2009-01-20,2006.525,2025.19,1986.061,2025.19
2009-01-21,1993.67,2047.105,1988.241,2021.71
2009-01-22,2034.286,2048.484,2012.738,2044.551
2009-01-23,2039.522,2054.326,2025.188,2032.682
2009-02-02,2052.439,2059.338,2029.717,2057.063
2009-02-03,2056.795,2108.944,2049.889,2108.91
2009-02-04,2118.563,2166.414,2117.024,2166.414
2009-02-05,2164.546,2211.179,2135.67,2150.971
2009-02-06,2158.084,2240.021,2158.084,2237.28
2009-02-09,2271.593,2307.907,2257.49,2296.672
2009-02-10,2288.071,2327.1,2263.532,2326.755
2009-02-11,2287.232,2381.193,2275.574,2331.138
2009-02-12,2335.401,2344.659,2248.484,2318.343
2009-02-13,2321.56,2402.436,2307.09,2399.065
2009-02-16,2421.187,2462.389,2397.181,2462.245
2009-02-17,2460.569,2470.623,2384.787,2385.293
2009-02-18,2331.662,2369.053,2272.505,2275.843
2009-02-19,2295.653,2324.675,2259.593,2298.412
2009-02-20,2300.806,2344.77,2276.298,2344.32
2009-02-23,2333.809,2419.533,2307.921,2410.481
2009-02-24,2376.697,2411.906,2294.522,2301.849
2009-02-25,2325.039,2337.423,2226.444,2304.251
2009-02-26,2295.426,2332.346,2167.149,2190.185
2009-02-27,2164.54,2186.819,2117.061,2140.489
2009-03-02,2123.367,2177.294,2112.336,2164.666
2009-03-03,2109.841,2168.222,2100.644,2142.154
2009-03-04,2150.239,2290.94,2150.239,2285.149
2009-03-05,2314.079,2340.371,2259.8,2304.919
2009-03-06,2260.756,2313.2,2255.818,2286.576
2009-03-09,2302.011,2333.98,2198.545,2202.527
2009-03-10,2175.306,2241.238,2168.324,2240.782
2009-03-11,2288.053,2292.396,2212.882,2220.38
2009-03-12,2208.041,2220.303,2156.598,2215.7
2009-03-13,2229.25,2250.239,2200.974,2205.422
2009-03-16,2197.248,2247.11,2180.051,2241.614
2009-03-17,2244.11,2329.298,2239.668,2322.403
2009-03-18,2335.417,2370.558,2328.856,2332.652
2009-03-19,2337.524,2386.228,2331.259,2382.564
2009-03-20,2389.892,2397.207,2343.269,2379.838
2009-03-23,2384.67,2448.351,2375.522,2439.395
2009-03-24,2477.567,2483.833,2440.527,2451.783
2009-03-25,2435.633,2472.938,2401.052,2401.327
2009-03-26,2407.762,2479.826,2379.951,2479.789
2009-03-27,2500.998,2516.384,2481.687,2498.931
2009-03-30,2501.312,2508.138,2471.367,2484.487
2009-03-31,2436.778,2507.899,2423.571,2507.789
2009-04-01,2519.886,2566.536,2519.886,2548.222
2009-04-02,2558.768,2599.252,2558.264,2576.4
2009-04-03,2597.916,2612.37,2555.615,2570.503
2009-04-07,2570.625,2597.062,2543.646,2576.95
2009-04-08,2563.722,2573.093,2479.348,2479.348
2009-04-09,2477.419,2517.741,2457.423,2517.669
2009-04-10,2540.108,2595.598,2530.622,2595.53
2009-04-13,2621.979,2668.282,2619.372,2656.518
2009-04-14,2651.197,2682.908,2637.383,2676.872
2009-04-15,2662.728,2690.642,2627.808,2686.99
2009-04-16,2690.515,2706.625,2643.316,2687.106
2009-04-17,2675.668,2693.291,2628.625,2650.691
2009-04-20,2643.726,2708.452,2640.989,2707.667
2009-04-21,2670.277,2697.719,2634.529,2675.442
2009-04-22,2687.857,2713.305,2563.361,2576.281
2009-04-23,2555.527,2604.162,2543.907,2593.564
2009-04-24,2605.703,2609.874,2570.379,2572.888
2009-04-27,2566.92,2576.519,2499.442,2513.292
2009-04-28,2490.526,2531.544,2485.802,2518.531
2009-04-29,2518.854,2615.81,2514.141,2605.37
2009-04-30,2616.485,2640.017,2604.452,2622.926
2009-05-04,2635.129,2715.189,2632.303,2714.301
2009-05-05,2733.107,2751.252,2713.234,2727.014
2009-05-06,2721.817,2771.206,2713.539,2764.979
2009-05-07,2783.577,2797.474,2731.799,2767.076
2009-05-08,2751.499,2800.223,2733.332,2789.219
2009-05-11,2808.139,2839.609,2725.267,2725.316
2009-05-12,2702.742,2788.612,2699.954,2788.562
2009-05-13,2792.42,2822.711,2775.572,2814.005
2009-05-14,2781.048,2804.477,2757.545,2792.597
2009-05-15,2800.571,2815.456,2773.322,2796.116
2009-05-18,2782.585,2813.757,2740.92,2810.573
2009-05-19,2836.337,2849.629,2821.951,2840.084
2009-05-20,2843.545,2849.635,2812.599,2812.865
2009-05-21,2795.828,2808.287,2735.767,2750.01
2009-05-22,2733.017,2762.741,2719.121,2740.677
2009-05-25,2684.213,2761.387,2675.285,2752.716
2009-05-26,2757.31,2762.809,2718.555,2719.764
2009-05-27,2734.418,2768.568,2715.823,2759.712
2009-06-01,2798.927,2864.471,2798.927,2858.342
2009-06-02,2878.528,2892.781,2855.059,2865.099
2009-06-03,2865.732,2939.387,2864.709,2939.387
2009-06-04,2924.267,2961.04,2899.668,2953.751
2009-06-05,2966.065,2975.175,2937.18,2939.306
2009-06-08,2937.635,2978.233,2912.487,2948.478
2009-06-09,2948.949,2960.902,2892.718,2960.556
2009-06-10,2972.423,2995.699,2966.585,2989.595
2009-06-11,2982.969,3000.857,2951.273,2961.629
2009-06-12,2955.569,2976.864,2883.318,2906.286
2009-06-15,2911.423,2967.099,2898.067,2966.192
2009-06-16,2936.508,2979.413,2929.041,2961.22
2009-06-17,2957.576,3017.409,2930.494,3010.588
2009-06-18,3014.437,3061.747,3014.437,3057.428
2009-06-19,3061.903,3086.72,3047.27,3080.001
2009-06-22,3106.387,3116.155,3072.534,3082.563
2009-06-23,3036.404,3128.527,3028.454,3083.895
2009-06-24,3079.495,3121.207,3068.242,3120.73
2009-06-25,3125.662,3141.166,3103.871,3117.921
2009-06-26,3126.228,3137.082,3109.316,3128.421
2009-06-29,3132.113,3182.415,3122.164,3179.972
2009-06-30,3191.641,3195.716,3159.626,3166.474
2009-07-01,3153.537,3238.792,3150.654,3237.903
2009-07-02,3248.204,3285.093,3247.573,3282.359
2009-07-03,3254.93,3327.669,3249.11,3327.135
2009-07-06,3333.096,3378.055,3333.096,3374.753
2009-07-07,3368.33,3393.224,3327.354,3340.493
2009-07-08,3306.428,3368.066,3261.32,3352.269
2009-07-09,3348.221,3396.483,3334.68,3396.304
2009-07-10,3398.911,3428.029,3375.965,3398.31
2009-07-13,3382.574,3403.74,3358.518,3361.011
2009-07-14,3375.873,3454.753,3375.873,3454.753
2009-07-15,3467.132,3497.508,3467.132,3493.305
2009-07-16,3516.778,3543.019,3489.562,3501.24
2009-07-17,3499.51,3527.465,3482.871,3519.809
2009-07-20,3532.519,3594.872,3515.534,3591.123
2009-07-21,3603.402,3610.326,3533.162,3539.832
2009-07-22,3532.632,3607.371,3532.384,3606.924
2009-07-23,3613.598,3653.837,3596.364,3651.969
2009-07-24,3672.206,3687.493,3591.88,3667.556
2009-07-27,3680.15,3744.242,3669.508,3743.626
2009-07-28,3745.549,3756.782,3705.045,3755.818
2009-07-29,3741.784,3765.59,3453.641,3558.508
2009-07-30,3587.047,3656.922,3511.291,3634.818
2009-07-31,3670.191,3735.804,3635.548,3734.622
2009-08-03,3754.218,3789.935,3716.573,3787.033
2009-08-04,3803.061,3803.061,3712.431,3786.615
2009-08-05,3781.401,3789.127,3691.976,3740.936
2009-08-06,3707.907,3739.578,3602.575,3663.12
2009-08-07,3655.462,3686.543,3539.697,3555.095
2009-08-10,3589.716,3613.457,3485.364,3544.539
2009-08-11,3558.645,3569.15,3509.717,3556.375
2009-08-12,3546.5,3546.5,3390.361,3397.4
2009-08-13,3398.889,3448.862,3338.848,3440.82
2009-08-14,3437.951,3454.945,3334.729,3344.462
2009-08-17,3283.436,3319.804,3137.477,3140.271
2009-08-18,3110.708,3186.815,3083.203,3171.986
2009-08-19,3178.281,3183.007,2982.222,3014.568
2009-08-20,3021.251,3146.568,3021.251,3144.39
2009-08-21,3135.373,3221.166,3113.704,3203.624
2009-08-24,3222.397,3241.524,3178.856,3229.6
2009-08-25,3210.851,3210.851,3019.119,3109.83
2009-08-26,3082.68,3203.786,3065.463,3172.386
2009-08-27,3149.566,3212.27,3116.894,3156.301
2009-08-28,3152.037,3168.191,3030.731,3046.781
2009-08-31,3003.543,3003.543,2825.767,2830.271
2009-09-01,2804.584,2901.277,2795.486,2843.7
2009-09-02,2824.641,2904.786,2813.618,2890.926
2009-09-03,2898.449,3059.987,2892.649,3051.964
2009-09-04,3055.347,3099.385,3038.99,3077.142
2009-09-07,3097.789,3153.227,3078.126,3104.208
2009-09-08,3084.199,3170.967,3047.3,3170.967
2009-09-09,3188.311,3207.388,3143.739,3194.909
2009-09-10,3179.187,3204.124,3150.172,3162.914
2009-09-11,3152.815,3253.452,3152.689,3238.133
2009-09-14,3248.348,3298.905,3240.534,3293.394
2009-09-15,3298.81,3325.743,3264.949,3302.642
2009-09-16,3290.387,3296.94,3212.445,3258.236
2009-09-17,3274.582,3329.116,3274.582,3320.096
2009-09-18,3325.061,3330.432,3170.962,3199.689
2009-09-21,3163.512,3210.643,3090.607,3208.604
2009-09-22,3196.009,3237.217,3131.016,3131.026
2009-09-23,3130.142,3159.173,3041.415,3060.069
2009-09-24,3041.82,3122.055,2989.236,3080.926
2009-09-25,3057.106,3090.069,3028.407,3058.528
2009-09-28,3066.368,3088.081,2959.744,2972.643
2009-09-29,2975.531,2998.55,2923.926,2972.286
2009-09-30,2992.98,3033.738,2988.292,3004.805
2009-10-09,3078.753,3164.031,3071.27,3163.708
2009-10-12,3181.581,3193.59,3151.256,3151.632
2009-10-13,3144.022,3199.921,3140.498,3198.517
2009-10-14,3209.065,3276.553,3204.314,3227.399
2009-10-15,3258.546,3287.628,3227.088,3239.643
2009-10-16,3250.102,3268.425,3188.434,3241.709
2009-10-19,3238.848,3330.789,3231.807,3329.158
2009-10-20,3355.358,3379.63,3343.018,3377.574
2009-10-21,3375.027,3414.657,3358.55,3369.285
2009-10-22,3364.145,3381.145,3341.415,3347.32
2009-10-23,3354.984,3436.391,3354.984,3413.252
2009-10-26,3421.696,3432.895,3385.44,3414.239
2009-10-27,3384.294,3392.102,3314.323,3314.722
2009-10-28,3303.773,3337.167,3258.274,3329.327
2009-10-29,3265.186,3291.18,3239.005,3247.051
2009-10-30,3305.376,3329.54,3276.318,3280.372
2009-11-02,3205.835,3394.724,3198.309,3392.803
2009-11-03,3402.528,3447.481,3397.255,3435.425
2009-11-04,3443.517,3476.34,3415.216,3453.888
2009-11-05,3458.865,3471.83,3432.26,3464.318
2009-11-06,3491.075,3506.027,3474.364,3483.021
2009-11-09,3487.107,3495.887,3452.614,3495.788
2009-11-10,3520.395,3532.186,3501.499,3503.776
2009-11-11,3500.586,3514.829,3468.859,3495.674
2009-11-12,3506.952,3529.061,3487.68,3499.992
2009-11-13,3489.538,3518.894,3445.36,3518.722
2009-11-16,3541.053,3625.887,3541.053,3625.798
2009-11-17,3644.962,3649.422,3619.986,3628.354
2009-11-18,3633.851,3652.809,3612.794,3630.229
2009-11-19,3638.073,3653.899,3604.612,3642.437
2009-11-20,3630.576,3658.214,3597.306,3631.013
2009-11-23,3636.529,3666.27,3628.195,3665.509
2009-11-24,3680.746,3698.129,3538.858,3548.08
2009-11-25,3541.512,3630.301,3508.057,3629.629
2009-11-26,3635.79,3646.607,3472.948,3485.773
2009-11-27,3440.343,3480.931,3367.293,3382.51
2009-11-30,3415.077,3511.765,3415.077,3511.669
2009-12-01,3507.559,3566.78,3485.524,3560.831
2009-12-02,3578.869,3607.561,3570.287,3597.329
2009-12-03,3596.952,3603.122,3551.482,3590.876
2009-12-04,3581.627,3646.263,3530.058,3643.491
2009-12-07,3644.625,3672.798,3633.445,3668.832
2009-12-08,3670.807,3671.042,3590.941,3624.019
2009-12-09,3579.282,3603.696,3543.424,3554.478
2009-12-10,3579.826,3601.289,3544.901,3577.237
2009-12-11,3589.408,3614.952,3568.506,3575.02
2009-12-14,3572.531,3623.273,3495.639,3612.753
2009-12-15,3594.51,3620.322,3578.283,3583.341
2009-12-16,3568.28,3610.685,3550.667,3560.723
2009-12-17,3571.052,3582.439,3475.844,3480.153
2009-12-18,3450.045,3453.348,3385.675,3391.735
2009-12-21,3386.326,3404.642,3354.652,3396.622
2009-12-22,3402.228,3404.754,3296.765,3305.543
2009-12-23,3303.729,3342.988,3296.292,3336.48
2009-12-24,3346.763,3445.704,3339.298,3438.817
2009-12-25,3434.326,3441.956,3410.667,3424.783
2009-12-28,3432.82,3489.574,3432.82,3478.433
2009-12-29,3481.903,3501.247,3451.177,3500.737
2009-12-30,3503.816,3561.436,3498.377,3558.857
2009-12-31,3561.367,3579.518,3542.38,3575.684
2010-01-04,3592.468,3597.748,3535.229,3535.229
2010-01-05,3545.186,3577.526,3497.661,3564.038
2010-01-06,3558.7,3588.832,3541.173,3541.727
2010-01-07,3543.16,3558.556,3452.769,3471.456
2010-01-08,3456.908,3482.083,3426.698,3480.13
2010-01-11,3593.106,3594.528,3465.317,3482.052
2010-01-12,3477.842,3535.407,3437.661,3534.916
2010-01-13,3448.291,3490.112,3415.693,3421.144
2010-01-14,3433.472,3470.323,3411.812,3469.051
2010-01-15,3472.524,3500.072,3448.661,3482.738
2010-01-18,3471.777,3501.26,3458.042,3500.684
2010-01-19,3506.806,3528.39,3497.094,3507.482
2010-01-20,3512.246,3515.449,3387.818,3394.434
2010-01-21,3397.043,3425.18,3364.723,3408.574
2010-01-22,3364.452,3390.796,3293.194,3366.197
2010-01-25,3340.013,3372.426,3326.266,3328.014
2010-01-26,3328.113,3341.198,3222.14,3242.797
2010-01-27,3243.038,3255.116,3183.365,3198.566
2010-01-28,3195.289,3220.306,3168.463,3206.57
2010-01-29,3190.315,3249.455,3176.916,3204.155
2010-02-01,3198.23,3198.311,3116.439,3152.707
2010-02-02,3170.778,3211.941,3143.085,3146.189
2010-02-03,3160.712,3231.102,3094.568,3230.715
2010-02-04,3206.431,3242.519,3190.437,3218.802
2010-02-05,3147.721,3177.42,3129.921,3153.087
2010-02-08,3152.253,3172.306,3133.808,3150.988
2010-02-09,3147.761,3178.947,3144.478,3169.19
2010-02-10,3195.142,3214.456,3182.834,3214.13
2010-02-11,3216.688,3238.349,3207.165,3220.398
2010-02-12,3232.879,3253.196,3228.738,3251.278
2010-02-22,3248.947,3261.949,3232.784,3233.345
2010-02-23,3225.393,3225.393,3152.934,3198.634
2010-02-24,3177.082,3244.816,3165.133,3244.483
2010-02-25,3252.153,3294.144,3249.329,3292.128
2010-02-26,3286.095,3301.149,3273.693,3281.666
2010-03-01,3290.007,3330.378,3287.556,3324.423
2010-03-02,3327.103,3339.894,3299.685,3311.236
2010-03-03,3313.023,3335.654,3293.916,3335.081
2010-03-04,3338.674,3345.909,3244.978,3250.573
2010-03-05,3253.164,3276.403,3239.677,3259.764
2010-03-08,3268.397,3293.93,3258.034,3286.178
2010-03-09,3285.62,3322.506,3255.982,3305.863
2010-03-10,3304.036,3321.081,3267.761,3279.694
2010-03-11,3282.199,3303.488,3251.704,3276.705
2010-03-12,3277.309,3284.263,3232.117,3233.126
2010-03-15,3231.216,3234.821,3171.803,3183.183
2010-03-16,3183.775,3204.289,3169.098,3203.971
2010-03-17,3214.216,3273.998,3207.271,3273.916
2010-03-18,3277.883,3295.368,3256.593,3267.555
2010-03-19,3270.978,3296.411,3251.136,3293.871
2010-03-22,3297.824,3313.922,3288.506,3302.628
2010-03-23,3305.554,3309.12,3272.921,3275.573
2010-03-24,3282.052,3298.543,3271.033,3276.669
2010-03-25,3270.39,3270.39,3222.821,3229.128
2010-03-26,3226.8,3285.388,3220.594,3275.002
2010-03-29,3295.763,3363.605,3293.671,3358.54
2010-03-30,3361.353,3372.265,3350.313,3366.708
2010-03-31,3369.193,3369.901,3338.745,3345.607
2010-04-01,3349.884,3392.481,3349.884,3391.935
2010-04-02,3400.139,3412.2,3391.806,3407.346
2010-04-06,3422.849,3436.29,3386.888,3405.145
2010-04-07,3403.088,3404.582,3369.017,3386.949
2010-04-08,3381.306,3381.306,3336.156,3346.744
2010-04-09,3348.773,3379.398,3342.471,3379.17
2010-04-12,3388.355,3393.557,3330.3,3351.478
2010-04-13,3350.726,3401.707,3324.048,3391.716
2010-04-14,3394.635,3404.516,3377.437,3403.707
2010-04-15,3407.025,3412.937,3365.881,3394.574
2010-04-16,3388.286,3388.286,3348.781,3356.332
2010-04-19,3313.499,3313.499,3175.441,3176.423
2010-04-20,3176.414,3196.646,3130.96,3173.374
2010-04-21,3178.877,3237.537,3164.765,3236.679
2010-04-22,3222.68,3231.985,3177.726,3201.541
2010-04-23,3198.784,3224.739,3172.578,3190.003
2010-04-26,3195.457,3207.715,3168.374,3171.997
2010-04-27,3163.101,3163.101,3060.854,3108.409
2010-04-28,3080.324,3122.115,3062.085,3097.353
2010-04-29,3114.941,3130.696,3059.796,3060.064
2010-04-30,3060.12,3068.127,3014.069,3067.365
2010-05-04,3005.487,3056.082,2994.921,3019.449
2010-05-05,2981.777,3036.865,2943.361,3036.394
2010-05-06,3014.907,3014.907,2895.392,2896.856
2010-05-07,2835.879,2892.533,2817.153,2836.789
2010-05-10,2842.366,2872.314,2798.523,2858.233
2010-05-11,2916.335,2922.125,2790.701,2800.817
2010-05-12,2781.708,2832.147,2756.422,2818.16
2010-05-13,2818.578,2886.972,2811.661,2886.911
2010-05-14,2865.58,2888.093,2849.241,2868.023
2010-05-17,2828.882,2828.882,2712.444,2714.715
2010-05-18,2711.407,2781.845,2686.973,2771.348
2010-05-19,2748.952,2803.695,2723.304,2762.174
2010-05-20,2739.219,2793.876,2721.072,2726.022
2010-05-21,2656.419,2769.094,2647.597,2768.791
2010-05-24,2787.751,2886.368,2787.751,2873.469
2010-05-25,2851.256,2855.332,2798.02,2813.943
2010-05-26,2814.444,2839.031,2797.628,2813.944
2010-05-27,2808.048,2866.865,2771.586,2859.979
2010-05-28,2885.857,2893.687,2835.069,2850.302
2010-05-31,2835.334,2857.416,2772.792,2773.264
2010-06-01,2755.284,2782.288,2710.593,2744.162
2010-06-02,2729.328,2757.914,2700.075,2757.527
2010-06-03,2769.096,2787.512,2735.7,2736.076
2010-06-04,2721.359,2748.476,2713.095,2744.391
2010-06-07,2692.831,2716.401,2673.342,2695.715
2010-06-08,2694.106,2720.586,2672.058,2699.336
2010-06-09,2711.642,2787.825,2687.331,2782.133
2010-06-10,2755.94,2776.259,2746.107,2750.023
2010-06-11,2766.196,2782.095,2755.949,2758.866
2010-06-17,2778.533,2784.916,2742.64,2742.733
2010-06-18,2739.032,2755.842,2686.614,2696.166
2010-06-21,2698.984,2784.47,2686.323,2780.663
2010-06-22,2772.886,2795.323,2766.443,2783.72
2010-06-23,2768.695,2788.219,2734.047,2758.495
2010-06-24,2753.712,2783.508,2739.807,2757.498
2010-06-25,2744.122,2759.445,2715.655,2736.287
2010-06-28,2734.507,2751.455,2710.087,2716.777
2010-06-29,2717.465,2724.231,2591.694,2592.019
2010-06-30,2572.912,2575.824,2546.843,2563.07
2010-07-01,2557.92,2574.098,2524.573,2526.071
2010-07-02,2523.035,2542.122,2462.202,2534.105
2010-07-05,2507.354,2529.425,2476.49,2512.651
2010-07-06,2504.869,2563.411,2502.931,2562.902
2010-07-07,2561.106,2580.608,2548.559,2580.477
2010-07-08,2591.509,2602.23,2564.638,2575.921
2010-07-09,2578.555,2662.163,2557.259,2647.104
2010-07-12,2647.421,2689.809,2636.648,2676.218
2010-07-13,2649.658,2649.658,2618.34,2634.593
2010-07-14,2640.925,2684.616,2640.542,2653.609
2010-07-15,2650.334,2680.442,2607.788,2608.519
2010-07-16,2597.0,2621.332,2573.794,2616.128
2010-07-19,2592.087,2691.937,2585.007,2682.472
2010-07-20,2685.459,2746.237,2685.459,2741.503
2010-07-21,2744.696,2766.205,2733.721,2747.335
2010-07-22,2738.027,2783.138,2734.071,2781.286
2010-07-23,2787.521,2806.979,2769.44,2793.076
2010-07-26,2798.762,2811.953,2775.778,2811.055
2010-07-27,2803.755,2812.208,2785.374,2795.724
2010-07-28,2796.483,2866.404,2784.155,2863.724
2010-07-29,2866.772,2888.599,2851.996,2877.976
2010-07-30,2871.481,2876.136,2844.682,2868.846
2010-08-02,2868.279,2922.612,2867.45,2917.275
2010-08-03,2925.254,2929.614,2865.761,2865.971
2010-08-04,2858.354,2876.595,2818.248,2876.434
2010-08-05,2874.66,2877.31,2833.669,2850.829
2010-08-06,2848.155,2898.534,2821.033,2897.659
2010-08-09,2894.103,2922.624,2888.045,2918.241
2010-08-10,2920.404,2925.296,2832.078,2832.638
2010-08-11,2823.15,2864.361,2823.15,2850.211
2010-08-12,2822.791,2860.369,2810.102,2816.386
2010-08-13,2818.41,2856.043,2799.221,2855.547
2010-08-16,2851.219,2927.688,2843.024,2922.083
2010-08-17,2927.258,2949.73,2917.834,2942.291
2010-08-18,2945.979,2962.749,2924.668,2937.362
2010-08-19,2940.767,2975.188,2928.013,2955.395
2010-08-20,2943.334,2951.956,2892.64,2898.333
2010-08-23,2895.707,2920.541,2886.659,2896.192
2010-08-24,2892.129,2933.118,2866.802,2911.827
2010-08-25,2893.986,2904.662,2842.249,2843.023
2010-08-26,2853.105,2868.878,2836.129,2850.093
2010-08-27,2847.448,2861.074,2833.422,2858.566
2010-08-30,2874.247,2921.085,2872.918,2915.01
2010-08-31,2905.154,2910.06,2889.808,2903.188
2010-09-01,2907.663,2931.76,2859.166,2884.042
2010-09-02,2917.735,2931.547,2903.028,2921.393
2010-09-03,2926.939,2929.548,2891.878,2920.205
2010-09-06,2935.89,2980.424,2935.89,2975.09
2010-09-07,2979.298,2991.435,2959.902,2983.108
2010-09-08,2970.002,2982.72,2953.839,2980.967
2010-09-09,2986.867,2986.867,2922.2,2926.46
2010-09-10,2928.001,2940.79,2890.035,2932.554
2010-09-13,2933.594,2977.078,2925.416,2962.319
2010-09-14,2971.547,2984.466,2954.507,2965.009
2010-09-15,2965.539,2965.539,2905.63,2913.194
2010-09-16,2908.322,2917.849,2834.033,2857.789
2010-09-17,2864.717,2877.083,2847.681,2861.369
2010-09-20,2865.04,2872.219,2829.757,2849.828
2010-09-21,2859.43,2869.38,2844.125,2857.476
2010-09-27,2869.928,2905.526,2864.209,2905.029
2010-09-28,2900.536,2900.536,2875.658,2880.907
2010-09-29,2877.269,2908.732,2866.854,2874.812
2010-09-30,2859.06,2935.595,2857.418,2935.574
2010-10-08,2965.652,3055.836,2963.237,3044.233
2010-10-11,3069.188,3154.204,3069.188,3132.895
2010-10-12,3121.636,3173.849,3106.224,3172.726
2010-10-13,3176.886,3221.646,3165.578,3217.577
2010-10-14,3245.133,3286.023,3215.031,3224.14
2010-10-15,3204.723,3327.683,3199.122,3327.683
2010-10-18,3345.804,3390.015,3288.781,3306.16
2010-10-19,3300.517,3375.867,3279.999,3375.674
2010-10-20,3304.221,3439.225,3301.009,3396.879
2010-10-21,3404.721,3418.091,3344.962,3374.685
2010-10-22,3365.597,3408.491,3346.111,3378.655
2010-10-25,3386.85,3481.347,3366.43,3481.081
2010-10-26,3491.474,3499.817,3436.463,3466.084
2010-10-27,3451.427,3490.217,3398.095,3403.872
2010-10-28,3390.426,3420.885,3371.439,3397.692
2010-10-29,3400.262,3404.6,3351.601,3379.983
2010-11-01,3390.413,3472.995,3390.413,3472.995
2010-11-02,3484.232,3522.175,3449.724,3463.131
2010-11-03,3462.74,3474.707,3419.08,3420.341
2010-11-04,3426.46,3480.929,3419.643,3480.505
2010-11-05,3538.988,3554.47,3498.276,3520.798
2010-11-08,3534.191,3549.305,3506.375,3548.566
2010-11-09,3547.44,3547.44,3498.623,3523.954
2010-11-10,3507.195,3508.275,3470.968,3499.111
2010-11-11,3490.738,3557.987,3484.891,3509.975
2010-11-12,3484.606,3497.061,3284.348,3291.833
2010-11-15,3298.737,3319.976,3241.758,3314.893
2010-11-16,3311.616,3311.616,3155.475,3169.538
2010-11-17,3124.109,3168.931,3087.507,3103.906
2010-11-18,3134.937,3158.629,3097.388,3147.962
2010-11-19,3168.165,3178.846,3076.213,3178.846
2010-11-22,3148.215,3200.472,3137.751,3171.941
2010-11-23,3156.478,3156.478,3061.623,3107.176
2010-11-24,3088.992,3177.412,3088.992,3177.043
2010-11-25,3197.965,3227.054,3172.282,3223.484
2010-11-26,3214.132,3224.517,3170.364,3194.853
2010-11-29,3183.54,3206.756,3159.459,3190.05
2010-11-30,3187.529,3205.782,3060.438,3136.985
2010-12-01,3127.262,3150.436,3111.645,3136.024
2010-12-02,3185.76,3194.226,3154.32,3155.059
2010-12-03,3161.93,3171.378,3134.419,3158.156
2010-12-06,3168.875,3185.332,3140.555,3165.57
2010-12-07,3152.733,3214.691,3112.223,3200.339
2010-12-08,3194.895,3215.281,3166.766,3171.882
2010-12-09,3155.996,3175.052,3122.196,3123.366
2010-12-10,3107.379,3172.163,3101.083,3161.977
2010-12-13,3176.335,3261.344,3173.564,3261.061
2010-12-14,3270.201,3279.365,3254.181,3269.474
2010-12-15,3270.781,3282.772,3242.516,3247.644
2010-12-16,3246.013,3258.394,3224.122,3230.665
2010-12-17,3229.297,3232.839,3212.579,3225.661
2010-12-20,3239.022,3249.763,3117.998,3178.657
2010-12-21,3184.7,3251.551,3168.889,3249.509
2010-12-22,3253.821,3263.45,3201.669,3215.453
2010-12-23,3210.67,3237.644,3183.152,3188.607
2010-12-24,3170.642,3187.724,3139.454,3162.955
2010-12-27,3176.107,3219.655,3092.263,3099.709
2010-12-28,3084.823,3095.358,3041.328,3044.931
2010-12-29,3049.928,3062.557,3025.22,3061.83
2010-12-30,3063.05,3079.909,3027.898,3064.098
2010-12-31,3069.053,3129.446,3067.108,3128.261
2011-01-04,3155.557,3194.358,3143.604,3189.682
2011-01-05,3170.181,3193.779,3158.871,3175.662
2011-01-06,3177.835,3198.052,3152.572,3159.643
2011-01-07,3156.362,3209.9,3141.125,3166.624
2011-01-10,3162.085,3182.782,3102.428,3108.187
2011-01-11,3096.249,3131.292,3084.513,3124.922
2011-01-12,3135.18,3153.43,3099.413,3142.337
2011-01-13,3153.985,3157.036,3127.158,3141.284
2011-01-14,3129.667,3129.667,3083.511,3091.862
2011-01-17,3067.433,3078.88,2968.61,2974.35
2011-01-18,2965.424,2984.47,2947.6,2977.648
2011-01-19,2978.457,3045.605,2967.243,3044.851
2011-01-20,3037.862,3037.862,2944.498,2944.713
2011-01-21,2935.233,3030.265,2935.138,2983.456
2011-01-24,2986.092,2999.201,2943.92,2954.232
2011-01-25,2949.647,2960.587,2919.162,2938.654
2011-01-26,2939.773,2982.322,2939.356,2978.431
2011-01-27,2953.589,3037.159,2935.271,3026.466
2011-01-28,3020.122,3047.266,3011.375,3036.735
2011-01-31,3035.418,3076.547,3032.449,3076.508
2011-02-01,3083.493,3087.225,3062.83,3077.283
2011-02-09,3055.398,3087.551,3031.749,3040.949
2011-02-10,3034.079,3105.324,3024.349,3104.163
2011-02-11,3100.274,3133.499,3092.582,3120.956
2011-02-14,3123.246,3227.432,3123.246,3219.143
2011-02-15,3223.222,3259.639,3215.619,3217.671
2011-02-16,3211.135,3248.849,3195.467,3248.527
2011-02-17,3255.626,3265.257,3218.913,3245.907
2011-02-18,3240.051,3242.374,3203.12,3211.876
2011-02-21,3192.146,3258.28,3189.848,3257.908
2011-02-22,3267.615,3269.048,3161.833,3163.578
2011-02-23,3152.441,3182.185,3145.986,3174.742
2011-02-24,3170.236,3195.688,3157.969,3190.935
2011-02-25,3190.872,3213.792,3159.847,3197.617
2011-02-28,3200.677,3241.597,3178.831,3239.559
2011-03-01,3241.714,3273.511,3235.754,3254.893
2011-03-02,3237.116,3257.419,3202.833,3243.298
2011-03-03,3248.156,3271.64,3221.038,3221.718
2011-03-04,3223.507,3273.658,3217.477,3270.666
2011-03-07,3287.405,3337.466,3287.405,3334.51
2011-03-08,3335.71,3342.711,3311.722,3337.457
2011-03-09,3344.1,3355.487,3322.698,3338.858
2011-03-10,3330.444,3330.444,3279.33,3280.259
2011-03-11,3263.081,3290.7,3240.181,3247.376
2011-03-14,3238.905,3263.906,3230.114,3262.92
2011-03-15,3250.595,3250.595,3147.957,3203.961
2011-03-16,3204.919,3250.878,3202.931,3248.195
2011-03-17,3216.288,3240.381,3185.084,3197.1
2011-03-18,3228.915,3239.963,3205.144,3215.685
2011-03-21,3220.677,3236.279,3194.145,3207.11
2011-03-22,3217.8,3227.797,3175.93,3222.961
2011-03-23,3222.325,3267.004,3216.653,3264.926
2011-03-24,3269.575,3273.37,3250.023,3251.361
2011-03-25,3256.179,3304.264,3254.683,3294.484
2011-03-28,3307.405,3328.07,3286.856,3290.571
2011-03-29,3288.564,3309.199,3256.337,3257.979
2011-03-30,3256.722,3274.977,3233.109,3256.08
2011-03-31,3257.164,3264.956,3210.174,3223.288
2011-04-01,3227.564,3272.768,3220.911,3272.729
2011-04-06,3269.19,3315.299,3268.765,3311.067
2011-04-07,3313.467,3330.805,3302.818,3324.419
2011-04-08,3321.54,3353.889,3314.089,3353.358
2011-04-11,3363.37,3380.527,3331.174,3333.427
2011-04-12,3324.754,3350.156,3307.476,3326.771
2011-04-13,3311.324,3372.031,3296.507,3372.031
2011-04-14,3374.324,3378.703,3347.488,3353.56
2011-04-15,3345.134,3378.106,3323.563,3358.944
2011-04-18,3346.149,3372.9,3335.599,3359.438
2011-04-19,3334.912,3334.912,3290.736,3295.812
2011-04-20,3300.418,3311.725,3281.827,3295.758
2011-04-21,3312.271,3330.244,3301.936,3317.367
2011-04-22,3317.083,3325.459,3291.638,3299.942
2011-04-25,3292.48,3292.48,3247.691,3249.574
2011-04-26,3242.529,3257.8,3216.21,3230.96
2011-04-27,3242.619,3256.413,3189.04,3209.503
2011-04-28,3224.413,3237.192,3160.406,3161.776
2011-04-29,3161.158,3193.599,3147.137,3192.723
2011-05-03,3192.845,3212.055,3164.926,3211.132
2011-05-04,3192.844,3193.446,3120.961,3129.028
2011-05-05,3115.003,3136.897,3105.854,3126.117
2011-05-06,3093.809,3141.683,3083.908,3121.396
2011-05-09,3126.26,3149.937,3118.141,3129.759
2011-05-10,3135.146,3153.301,3121.746,3153.221
2011-05-11,3153.648,3164.65,3127.494,3145.085
2011-05-12,3123.158,3142.397,3101.136,3101.603
2011-05-13,3105.303,3128.442,3080.19,3128.093
2011-05-16,3120.436,3137.604,3098.776,3100.463
2011-05-17,3097.071,3136.231,3076.946,3116.028
2011-05-18,3109.294,3145.698,3106.552,3139.379
2011-05-19,3148.353,3154.935,3118.619,3120.639
2011-05-20,3120.579,3133.429,3113.271,3121.596
2011-05-23,3115.312,3115.312,3021.45,3022.98
2011-05-24,3013.715,3029.746,2999.885,3026.223
2011-05-25,3020.323,3030.988,2988.094,2990.343
2011-05-26,3011.466,3021.203,2977.596,2978.381
2011-05-27,2980.721,2996.605,2962.067,2963.308
2011-05-30,2956.575,2982.583,2942.361,2954.506
2011-05-31,2958.607,3001.727,2946.146,3001.556
2011-06-01,2996.085,3006.556,2985.711,3004.173
2011-06-02,2970.634,2984.491,2923.016,2955.705
2011-06-03,2951.579,2993.895,2951.201,2986.349
2011-06-07,2977.681,3006.569,2974.361,3004.262
2011-06-08,3003.581,3012.806,2965.923,3008.652
2011-06-09,3000.404,3004.06,2951.889,2951.889
2011-06-10,2947.927,2964.079,2925.868,2961.932
2011-06-13,2940.391,2957.523,2921.746,2950.348
2011-06-14,2947.655,3000.526,2943.531,2993.559
2011-06-15,2984.962,2999.15,2963.112,2963.119
2011-06-16,2939.681,2946.815,2915.401,2917.578
2011-06-17,2916.405,2934.061,2891.015,2892.157
2011-06-20,2888.935,2896.081,2862.408,2874.896
2011-06-21,2883.354,2909.572,2877.054,2909.073
2011-06-22,2913.666,2921.034,2894.178,2908.582
2011-06-23,2899.013,2966.54,2888.678,2957.629
2011-06-24,2946.609,3047.943,2944.051,3027.47
2011-06-27,3028.496,3056.023,3019.236,3036.491
2011-06-28,3040.183,3046.797,3013.996,3041.734
2011-06-29,3039.047,3043.815,2999.953,3000.169
2011-06-30,3003.23,3058.625,3003.23,3044.089
2011-07-01,3052.12,3071.206,3034.072,3049.745
2011-07-04,3064.935,3124.582,3064.935,3121.98
2011-07-05,3122.899,3128.529,3105.086,3122.5
2011-07-06,3116.121,3116.121,3084.834,3113.712
2011-07-07,3123.29,3140.102,3101.096,3101.68
2011-07-08,3105.486,3124.386,3093.374,3109.183
2011-07-11,3097.874,3120.998,3086.263,3113.206
2011-07-12,3089.136,3090.097,3054.8,3056.905
2011-07-13,3060.42,3108.497,3060.42,3106.247
2011-07-14,3112.587,3126.153,3092.473,3115.745
2011-07-15,3105.497,3130.775,3097.336,3128.889
2011-07-18,3131.803,3137.922,3113.667,3122.6
2011-07-19,3108.472,3109.916,3088.377,3095.125
2011-07-20,3113.705,3119.543,3071.85,3091.567
2011-07-21,3092.271,3099.278,3058.255,3059.139
2011-07-22,3066.192,3083.191,3059.598,3067.985
2011-07-25,3050.897,3050.897,2958.878,2968.289
2011-07-26,2965.721,2980.857,2957.61,2977.766
2011-07-27,2961.576,3002.691,2951.516,3000.052
2011-07-28,2973.642,2984.375,2956.71,2981.002
2011-07-29,2981.021,2995.974,2948.076,2972.079
2011-08-01,2969.106,2991.051,2958.832,2977.721
2011-08-02,2958.85,2958.85,2919.014,2956.383
2011-08-03,2930.193,2969.132,2927.096,2954.87
2011-08-04,2962.913,2983.012,2951.838,2960.309
2011-08-05,2881.737,2916.41,2868.157,2897.417
2011-08-08,2864.514,2888.769,2747.967,2793.897
2011-08-09,2720.953,2812.769,2697.062,2798.19
2011-08-10,2845.352,2858.553,2820.123,2824.12
2011-08-11,2779.715,2867.311,2777.761,2866.924
2011-08-12,2881.554,2894.224,2868.871,2875.365
2011-08-15,2883.174,2917.883,2870.19,2917.883
2011-08-16,2920.829,2932.14,2888.334,2897.581
2011-08-17,2893.849,2910.835,2881.631,2886.013
2011-08-18,2887.103,2889.997,2832.269,2834.254
2011-08-19,2789.346,2814.099,2782.556,2807.664
2011-08-22,2809.329,2829.687,2768.418,2777.787
2011-08-23,2788.699,2821.003,2777.287,2821.003
2011-08-24,2834.577,2845.47,2804.818,2810.016
2011-08-25,2818.701,2904.438,2815.912,2903.837
2011-08-26,2889.382,2907.398,2876.828,2901.216
2011-08-29,2875.784,2875.784,2847.476,2852.809
2011-08-30,2875.144,2901.733,2838.33,2841.74
2011-08-31,2843.993,2855.305,2823.77,2846.776
2011-09-01,2852.386,2869.249,2825.956,2834.535
2011-09-02,2828.839,2836.624,2790.769,2803.854
2011-09-05,2780.834,2780.834,2743.383,2743.817
2011-09-06,2727.749,2745.36,2711.071,2723.303
2011-09-07,2738.789,2779.205,2730.055,2779.09
2011-09-08,2788.832,2789.112,2755.799,2756.105
2011-09-09,2770.153,2796.352,2739.62,2751.095
2011-09-13,2712.443,2726.185,2698.66,2720.283
2011-09-14,2729.256,2736.905,2677.127,2733.108
2011-09-15,2734.552,2754.193,2728.905,2729.051
2011-09-16,2744.218,2755.889,2728.995,2733.987
2011-09-19,2718.318,2718.318,2678.795,2679.27
2011-09-20,2675.043,2702.28,2664.1,2689.845
2011-09-21,2691.701,2778.353,2677.349,2771.011
2011-09-22,2745.146,2754.917,2684.94,2685.688
2011-09-23,2644.294,2681.227,2631.425,2669.478
2011-09-26,2645.245,2679.56,2603.108,2610.919
2011-09-27,2634.925,2652.56,2613.423,2637.879
2011-09-28,2654.83,2660.099,2602.63,2610.59
2011-09-29,2593.559,2615.144,2577.286,2588.185
2011-09-30,2595.582,2607.566,2572.193,2581.351
2011-10-10,2588.349,2595.324,2552.284,2557.082
2011-10-11,2625.163,2635.694,2526.649,2551.994
2011-10-12,2537.398,2647.015,2523.344,2644.758
2011-10-13,2636.863,2672.91,2629.405,2662.601
2011-10-14,2655.358,2665.443,2629.879,2653.782
2011-10-17,2658.947,2687.102,2653.384,2666.951
2011-10-18,2646.841,2651.732,2589.205,2592.209
2011-10-19,2599.917,2617.411,2580.663,2583.081
2011-10-20,2566.603,2570.101,2500.486,2520.532
2011-10-21,2522.257,2538.117,2504.693,2507.877
2011-10-24,2517.059,2581.125,2501.956,2576.669
2011-10-25,2572.708,2633.968,2560.047,2625.425
2011-10-26,2613.272,2679.658,2611.012,2651.652
2011-10-27,2658.428,2672.84,2647.296,2657.478
2011-10-28,2694.542,2729.139,2689.376,2709.017
2011-10-31,2704.535,2709.317,2680.992,2695.307
2011-11-01,2672.508,2726.088,2669.05,2697.534
2011-11-02,2658.547,2742.938,2653.722,2742.39
2011-11-03,2752.627,2781.039,2743.196,2744.301
2011-11-04,2770.572,2781.99,2748.978,2763.746
2011-11-07,2750.991,2769.296,2733.168,2736.248
2011-11-08,2745.059,2756.091,2723.693,2727.71
2011-11-09,2739.154,2755.811,2710.054,2751.654
2011-11-10,2720.836,2729.572,2698.306,2699.588
2011-11-11,2705.243,2713.914,2685.101,2695.002
2011-11-14,2717.544,2751.88,2714.862,2750.195
2011-11-15,2746.773,2754.001,2732.913,2744.68
2011-11-16,2745.858,2746.29,2659.148,2670.116
2011-11-17,2671.953,2687.831,2660.651,2662.017
2011-11-18,2643.667,2646.209,2601.179,2606.495
2011-11-21,2608.556,2613.262,2587.742,2609.687
2011-11-22,2592.229,2611.15,2580.781,2609.475
2011-11-23,2613.291,2617.088,2578.157,2584.011
2011-11-24,2565.686,2604.236,2557.695,2588.915
2011-11-25,2585.137,2598.392,2563.65,2569.973
2011-11-28,2578.344,2589.354,2562.493,2573.321
2011-11-29,2595.086,2609.187,2580.293,2608.569
2011-11-30,2600.099,2601.9,2507.184,2521.52
2011-12-01,2596.153,2630.664,2577.722,2583.613
2011-12-02,2570.56,2575.692,2543.532,2557.311
2011-12-05,2561.2,2561.2,2517.179,2521.385
2011-12-06,2515.044,2525.666,2499.574,2516.341
2011-12-07,2517.341,2534.529,2509.777,2528.228
2011-12-08,2525.041,2549.101,2494.694,2525.001
2011-12-09,2506.624,2525.162,2496.972,2503.461
2011-12-12,2497.922,2502.046,2476.116,2477.692
2011-12-13,2467.016,2472.656,2418.673,2421.928
2011-12-14,2415.944,2433.55,2392.299,2397.48
2011-12-15,2382.441,2384.473,2340.447,2340.788
2011-12-16,2339.976,2390.378,2332.14,2390.129
2011-12-19,2370.418,2387.89,2321.657,2384.408
2011-12-20,2376.709,2412.572,2373.86,2377.073
2011-12-21,2397.275,2404.775,2337.693,2339.108
2011-12-22,2325.27,2358.468,2294.607,2341.335
2011-12-23,2337.382,2382.709,2331.958,2359.159
2011-12-26,2345.555,2369.818,2334.794,2335.702
2011-12-27,2332.826,2346.384,2302.411,2305.035
2011-12-28,2295.866,2309.645,2267.114,2307.928
2011-12-29,2297.288,2323.488,2293.872,2311.361
2011-12-30,2318.673,2349.029,2318.673,2345.742
2012-01-04,2361.499,2365.988,2298.298,2298.753
2012-01-05,2290.78,2316.657,2272.153,2276.385
2012-01-06,2274.352,2291.885,2254.567,2290.601
2012-01-09,2291.182,2368.889,2271.717,2368.57
2012-01-10,2365.768,2449.955,2361.281,2447.349
2012-01-11,2444.757,2453.146,2423.322,2435.608
2012-01-12,2426.82,2464.378,2423.321,2435.219
2012-01-13,2438.405,2445.787,2374.545,2394.334
2012-01-16,2376.953,2394.498,2345.633,2345.649
2012-01-17,2347.568,2462.429,2329.248,2460.601
2012-01-18,2464.92,2485.498,2414.527,2422.189
2012-01-19,2423.857,2480.206,2414.985,2468.35
2012-01-20,2476.73,2510.34,2462.594,2504.086
2012-01-30,2508.877,2508.877,2460.396,2460.72
2012-01-31,2462.338,2472.839,2447.768,2464.26
2012-02-01,2458.233,2481.664,2423.45,2428.994
2012-02-02,2437.47,2486.238,2429.709,2486.238
2012-02-03,2478.336,2514.645,2470.28,2506.09
2012-02-06,2511.172,2520.758,2488.709,2504.322
2012-02-07,2489.032,2489.032,2441.698,2457.954
2012-02-08,2456.422,2534.162,2450.999,2528.236
2012-02-09,2525.589,2546.025,2513.131,2529.231
2012-02-10,2521.676,2560.027,2521.155,2533.624
2012-02-13,2504.41,2553.446,2496.305,2531.981
2012-02-14,2528.967,2533.264,2506.537,2522.107
2012-02-15,2515.829,2562.071,2511.289,2549.607
2012-02-16,2544.641,2559.345,2519.043,2536.074
2012-02-17,2551.815,2558.345,2522.856,2537.086
2012-02-20,2571.907,2574.746,2539.904,2540.706
2012-02-21,2544.835,2562.909,2520.786,2562.453
2012-02-22,2564.315,2598.863,2560.343,2597.476
2012-02-23,2595.779,2614.537,2590.518,2606.256
2012-02-24,2607.339,2648.017,2602.776,2648.017
2012-02-27,2658.121,2693.843,2656.573,2656.573
2012-02-28,2652.342,2671.833,2641.459,2662.463
2012-02-29,2655.858,2666.647,2631.784,2634.143
2012-03-01,2622.737,2647.785,2621.858,2633.345
2012-03-02,2637.961,2679.934,2637.961,2679.934
2012-03-05,2687.74,2694.612,2660.955,2662.698
2012-03-06,2654.799,2657.963,2615.6,2621.052
2012-03-07,2596.479,2628.585,2594.128,2603.005
2012-03-08,2612.403,2645.953,2612.403,2635.791
2012-03-09,2644.1,2664.414,2631.406,2664.302
2012-03-12,2663.243,2666.432,2636.423,2654.402
2012-03-13,2653.681,2681.334,2649.169,2681.073
2012-03-14,2694.475,2705.754,2595.342,2605.106
2012-03-15,2602.661,2618.252,2575.437,2585.546
2012-03-16,2591.8,2624.316,2577.245,2623.52
2012-03-19,2617.662,2631.045,2598.63,2630.013
2012-03-20,2622.66,2622.66,2584.024,2584.445
2012-03-21,2597.375,2613.269,2569.075,2587.793
2012-03-22,2586.938,2599.244,2570.446,2583.747
2012-03-23,2575.327,2578.825,2544.525,2552.94
2012-03-26,2551.425,2562.929,2540.696,2555.442
2012-03-27,2565.551,2571.899,2544.373,2547.143
2012-03-28,2538.458,2540.417,2471.034,2474.9
2012-03-29,2463.688,2476.478,2429.732,2443.122
2012-03-30,2447.939,2461.977,2438.488,2454.899
2012-04-05,2449.208,2517.386,2441.269,2512.832
2012-04-06,2509.445,2525.534,2502.703,2519.83
2012-04-09,2510.533,2518.378,2491.592,2495.146
2012-04-10,2490.283,2519.812,2459.348,2519.788
2012-04-11,2494.517,2541.126,2489.325,2520.036
2012-04-12,2522.828,2570.842,2516.568,2570.436
2012-04-13,2575.052,2593.788,2570.035,2580.454
2012-04-16,2564.231,2586.198,2559.781,2574.044
2012-04-17,2572.364,2578.76,2541.535,2541.883
2012-04-18,2550.905,2602.106,2545.996,2599.908
2012-04-19,2598.329,2606.86,2585.301,2596.056
2012-04-20,2591.51,2627.375,2589.351,2626.839
2012-04-23,2624.751,2632.092,2599.112,2606.038
2012-04-24,2594.801,2640.295,2559.464,2604.866
2012-04-25,2598.228,2631.438,2593.327,2625.99
2012-04-26,2632.718,2643.768,2617.089,2631.487
2012-04-27,2630.549,2637.918,2623.598,2626.157
2012-05-02,2660.673,2697.949,2643.527,2683.487
2012-05-03,2679.517,2693.88,2675.811,2691.518
2012-05-04,2689.624,2716.033,2677.14,2715.879
2012-05-07,2699.447,2717.778,2694.321,2717.778
2012-05-08,2717.408,2717.825,2683.562,2709.116
2012-05-09,2685.187,2685.187,2655.322,2657.514
2012-05-10,2657.87,2667.675,2649.38,2657.214
2012-05-11,2652.313,2666.566,2636.523,2636.917
2012-05-14,2653.806,2656.284,2613.349,2615.534
2012-05-15,2597.644,2618.175,2591.598,2617.374
2012-05-16,2610.161,2612.625,2574.082,2574.647
2012-05-17,2577.961,2619.589,2571.201,2613.942
2012-05-18,2595.547,2603.191,2567.302,2573.976
2012-05-21,2572.369,2604.219,2563.973,2587.231
2012-05-22,2598.167,2627.602,2597.603,2627.525
2012-05-23,2621.786,2635.78,2598.29,2616.869
2012-05-24,2613.095,2630.414,2588.209,2595.26
2012-05-25,2595.261,2602.17,2565.647,2573.103
2012-05-28,2562.596,2614.849,2545.336,2614.689
2012-05-29,2615.145,2658.255,2612.564,2650.854
2012-05-30,2646.37,2655.163,2636.518,2642.258
2012-05-31,2623.158,2645.591,2617.228,2632.042
2012-06-01,2633.601,2653.857,2623.289,2632.998
2012-06-04,2598.733,2608.316,2558.92,2559.026
2012-06-05,2565.186,2573.887,2548.76,2558.842
2012-06-06,2564.226,2573.739,2547.334,2557.401
2012-06-07,2579.425,2584.039,2536.258,2542.184
2012-06-08,2558.843,2559.128,2520.409,2524.329
2012-06-11,2529.599,2565.429,2523.774,2558.265
2012-06-12,2543.765,2553.915,2529.951,2540.178
2012-06-13,2546.791,2581.115,2539.632,2580.636
2012-06-14,2573.329,2584.709,2558.565,2560.421
2012-06-15,2565.189,2580.17,2538.572,2568.054
2012-06-18,2576.629,2593.218,2572.987,2581.212
2012-06-19,2577.362,2577.362,2556.103,2558.621
2012-06-20,2563.643,2570.663,2549.438,2552.611
2012-06-21,2547.048,2547.048,2502.419,2512.185
2012-06-25,2501.163,2501.163,2455.008,2456.518
2012-06-26,2442.562,2465.12,2434.64,2454.915
2012-06-27,2452.666,2470.762,2444.343,2447.195
2012-06-28,2451.664,2459.189,2425.24,2425.729
2012-06-29,2418.862,2462.815,2417.486,2461.612
2012-07-02,2473.545,2473.966,2452.986,2465.238
2012-07-03,2464.85,2490.547,2457.449,2468.721
2012-07-04,2474.527,2481.336,2455.995,2464.919
2012-07-05,2450.3,2450.3,2420.001,2430.37
2012-07-06,2435.059,2477.231,2420.356,2472.614
2012-07-09,2455.892,2470.205,2414.953,2416.036
2012-07-10,2411.003,2426.529,2402.371,2406.706
2012-07-11,2402.184,2427.795,2402.154,2425.572
2012-07-12,2420.036,2460.559,2404.584,2449.181
2012-07-13,2441.013,2467.99,2438.979,2450.633
2012-07-16,2452.595,2452.595,2399.61,2399.731
2012-07-17,2391.897,2421.929,2391.281,2414.201
2012-07-18,2412.062,2420.778,2373.647,2414.335
2012-07-19,2407.443,2444.057,2401.291,2424.322
2012-07-20,2415.71,2423.804,2392.181,2398.455
2012-07-23,2379.885,2379.885,2357.507,2365.431
2012-07-24,2353.22,2392.353,2352.803,2375.992
2012-07-25,2368.384,2381.043,2357.468,2360.083
2012-07-26,2360.134,2374.874,2344.695,2347.488
2012-07-27,2353.942,2364.984,2341.293,2349.108
2012-07-30,2350.782,2367.029,2333.999,2335.793
2012-07-31,2336.882,2350.071,2329.505,2332.922
2012-08-01,2332.129,2371.122,2331.949,2358.651
2012-08-02,2354.073,2358.559,2325.608,2334.882
2012-08-03,2340.25,2354.156,2329.934,2353.737
2012-08-06,2350.117,2388.363,2348.119,2385.611
2012-08-07,2383.257,2390.782,2379.452,2388.873
2012-08-08,2390.959,2405.183,2382.825,2389.795
2012-08-09,2388.43,2412.142,2378.854,2411.7
2012-08-10,2409.937,2413.423,2395.912,2399.751
2012-08-13,2394.504,2394.504,2350.808,2351.931
2012-08-14,2352.659,2357.847,2324.906,2357.016
2012-08-15,2350.022,2350.022,2330.15,2331.615
2012-08-16,2327.91,2335.397,2317.061,2319.67
2012-08-17,2318.432,2322.885,2295.158,2313.476
2012-08-20,2294.901,2307.406,2279.946,2301.788
2012-08-21,2301.932,2327.375,2296.551,2313.703
2012-08-22,2315.14,2317.373,2285.755,2295.586
2012-08-23,2298.18,2311.653,2285.367,2302.199
2012-08-24,2295.684,2299.298,2274.566,2275.677
2012-08-27,2268.485,2268.485,2228.151,2228.204
2012-08-28,2226.898,2250.6,2222.001,2238.411
2012-08-29,2230.199,2240.112,2214.429,2214.814
2012-08-30,2204.515,2223.195,2188.724,2211.37
2012-08-31,2205.573,2218.866,2203.123,2204.868
2012-09-03,2201.123,2236.563,2197.708,2228.369
2012-09-04,2231.716,2234.875,2199.509,2204.407
2012-09-05,2199.743,2209.536,2186.962,2199.875
2012-09-06,2204.436,2218.68,2199.857,2217.823
2012-09-07,2233.912,2341.522,2233.912,2317.179
2012-09-10,2320.557,2334.496,2313.572,2326.666
2012-09-11,2316.532,2316.532,2294.82,2311.89
2012-09-12,2325.925,2337.196,2298.297,2320.071
2012-09-13,2316.679,2325.534,2298.367,2298.461
2012-09-14,2324.012,2332.417,2298.83,2315.542
2012-09-17,2312.055,2314.989,2258.182,2258.705
2012-09-18,2249.425,2253.144,2228.042,2235.239
2012-09-19,2237.218,2249.243,2229.489,2246.236
2012-09-20,2236.191,2236.191,2194.221,2195.951
2012-09-21,2190.327,2217.473,2186.53,2199.063
2012-09-24,2183.969,2225.805,2172.879,2215.516
2012-09-25,2209.975,2225.334,2202.376,2210.154
2012-09-26,2208.906,2216.824,2181.083,2184.891
2012-09-27,2186.004,2266.297,2185.766,2251.717
2012-09-28,2235.057,2297.033,2234.323,2293.106
2012-10-08,2291.961,2305.18,2258.11,2270.054
2012-10-09,2281.753,2327.727,2281.753,2320.157
2012-10-10,2314.593,2325.749,2304.608,2324.117
2012-10-11,2315.897,2321.352,2300.934,2302.533
2012-10-12,2311.284,2332.149,2287.009,2304.531
2012-10-15,2306.006,2307.882,2278.457,2294.857
2012-10-16,2293.244,2315.453,2287.59,2298.162
2012-10-17,2307.358,2312.173,2280.818,2300.803
2012-10-18,2307.487,2341.12,2305.883,2336.077
2012-10-19,2335.105,2342.527,2328.733,2332.47
2012-10-22,2320.468,2347.895,2315.895,2341.592
2012-10-23,2340.89,2344.044,2309.252,2312.077
2012-10-24,2303.401,2321.43,2302.169,2307.779
2012-10-25,2306.733,2322.917,2288.601,2291.239
2012-10-26,2291.31,2293.176,2237.059,2247.907
2012-10-29,2241.802,2248.139,2227.646,2235.854
2012-10-30,2236.316,2257.951,2231.776,2239.882
2012-10-31,2241.432,2256.095,2233.684,2254.82
2012-11-01,2256.609,2305.629,2256.412,2297.884
2012-11-02,2297.898,2309.666,2284.719,2306.774
2012-11-05,2302.742,2318.231,2290.135,2301.88
2012-11-06,2301.98,2304.048,2260.507,2292.206
2012-11-07,2288.763,2300.893,2277.02,2287.505
2012-11-08,2269.582,2275.401,2245.4,2245.405
2012-11-09,2241.756,2252.196,2235.231,2240.924
2012-11-12,2242.96,2254.703,2232.742,2251.848
2012-11-13,2250.842,2250.842,2208.723,2212.44
2012-11-14,2213.086,2225.124,2205.996,2223.11
2012-11-15,2210.751,2220.987,2193.516,2193.623
2012-11-16,2189.511,2191.611,2162.976,2177.24
2012-11-19,2175.184,2176.492,2149.538,2174.985
2012-11-20,2180.205,2184.334,2163.527,2164.881
2012-11-21,2165.408,2195.461,2151.38,2194.896
2012-11-22,2181.179,2185.577,2169.657,2177.546
2012-11-23,2184.409,2202.47,2179.727,2192.676
2012-11-26,2187.24,2191.359,2172.1,2175.599
2012-11-27,2168.589,2173.464,2150.222,2150.638
2012-11-28,2142.5,2144.802,2126.03,2129.161
2012-11-29,2128.803,2140.877,2114.477,2115.676
2012-11-30,2114.244,2142.856,2109.963,2139.661
2012-12-03,2136.696,2152.608,2108.149,2108.85
2012-12-04,2104.928,2135.662,2102.135,2131.473
2012-12-05,2128.387,2219.094,2126.793,2207.878
2012-12-06,2205.605,2216.976,2191.227,2203.602
2012-12-07,2203.887,2250.529,2198.107,2246.757
2012-12-10,2254.915,2276.28,2250.437,2271.046
2012-12-11,2263.209,2274.994,2254.299,2258.5
2012-12-12,2257.73,2273.211,2247.953,2267.767
2012-12-13,2260.601,2266.721,2242.557,2242.635
2012-12-14,2245.636,2357.106,2245.636,2355.865
2012-12-17,2359.201,2380.001,2358.664,2366.7
2012-12-18,2361.095,2398.63,2347.077,2368.12
2012-12-19,2362.802,2387.142,2358.033,2371.109
2012-12-20,2361.322,2391.924,2346.55,2384.816
2012-12-21,2386.376,2414.223,2365.032,2372.002
2012-12-24,2368.007,2396.725,2367.038,2381.217
2012-12-25,2373.88,2459.302,2365.41,2448.395
2012-12-26,2445.987,2458.007,2441.642,2457.619
2012-12-27,2464.779,2479.792,2443.681,2444.594
2012-12-28,2448.076,2481.592,2444.381,2480.049
2012-12-31,2485.559,2522.952,2485.559,2522.952
2013-01-04,2551.814,2558.529,2498.892,2524.409
2013-01-07,2518.047,2545.969,2511.603,2535.985
2013-01-08,2534.647,2540.513,2502.49,2525.33
2013-01-09,2518.104,2534.239,2504.299,2526.126
2013-01-10,2525.59,2553.352,2513.729,2530.569
2013-01-11,2533.495,2539.794,2473.696,2483.23
2013-01-14,2474.176,2583.625,2473.998,2577.725
2013-01-15,2579.132,2605.41,2576.919,2595.856
2013-01-16,2591.365,2600.093,2540.521,2577.092
2013-01-17,2570.711,2575.058,2539.674,2552.758
2013-01-18,2568.692,2607.446,2553.451,2595.439
2013-01-21,2605.649,2611.201,2582.652,2610.898
2013-01-22,2610.392,2620.025,2578.181,2596.898
2013-01-23,2588.198,2611.409,2576.362,2607.456
2013-01-24,2606.427,2663.404,2564.206,2582.755
2013-01-25,2580.881,2591.513,2567.107,2571.674
2013-01-28,2577.267,2651.967,2577.267,2651.863
2013-01-29,2655.377,2685.531,2646.154,2675.866
2013-01-30,2678.433,2689.683,2662.062,2688.711
2013-01-31,2690.951,2696.881,2671.33,2686.882
2013-02-01,2677.187,2744.322,2671.274,2743.324
2013-02-04,2753.688,2768.504,2731.08,2748.028
2013-02-05,2727.93,2779.953,2725.362,2771.675
2013-02-06,2771.908,2787.456,2765.743,2775.844
2013-02-07,2771.53,2775.974,2722.874,2759.87
2013-02-08,2755.649,2791.303,2747.946,2771.725
2013-02-18,2784.065,2787.74,2731.506,2737.471
2013-02-19,2735.045,2740.739,2674.339,2685.606
2013-02-20,2686.093,2703.098,2665.231,2702.635
2013-02-21,2675.741,2675.741,2584.758,2610.549
2013-02-22,2607.65,2618.483,2591.146,2596.604
2013-02-25,2607.149,2628.696,2590.787,2604.96
2013-02-26,2587.375,2631.094,2564.672,2567.595
2013-02-27,2576.046,2615.249,2569.38,2594.677
2013-02-28,2611.94,2673.711,2593.997,2673.327
2013-03-01,2671.842,2680.854,2626.995,2668.836
2013-03-04,2619.42,2619.574,2528.694,2545.715
2013-03-05,2547.893,2623.171,2541.766,2622.807
2013-03-06,2634.87,2658.139,2620.431,2650.202
2013-03-07,2639.783,2658.969,2592.867,2619.479
2013-03-08,2622.684,2632.624,2601.961,2606.927
2013-03-11,2600.278,2611.652,2574.172,2592.372
2013-03-12,2590.391,2619.512,2530.251,2555.615
2013-03-13,2551.726,2556.773,2515.058,2527.486
2013-03-14,2517.745,2546.699,2514.463,2534.273
2013-03-15,2533.722,2600.091,2504.458,2539.873
2013-03-18,2526.077,2544.619,2499.828,2502.493
2013-03-19,2507.396,2532.07,2491.854,2525.097
2013-03-20,2526.968,2610.174,2526.83,2610.174
2013-03-21,2611.58,2626.538,2598.509,2614.988
2013-03-22,2612.256,2625.531,2603.344,2618.308
2013-03-25,2628.407,2641.609,2607.613,2613.097
2013-03-26,2601.964,2607.357,2554.974,2575.05
2013-03-27,2575.726,2611.939,2566.345,2583.53
2013-03-28,2535.988,2535.988,2495.083,2499.302
2013-03-29,2502.782,2509.109,2482.488,2495.083
2013-04-01,2486.428,2507.825,2483.732,2493.187
2013-04-02,2495.843,2524.463,2475.0,2486.391
2013-04-03,2493.877,2507.143,2474.927,2483.547
2013-04-08,2443.24,2473.309,2429.5,2472.299
2013-04-09,2477.29,2505.294,2477.29,2489.43
2013-04-10,2487.984,2495.572,2466.19,2485.309
2013-04-11,2502.5,2508.593,2476.396,2477.876
2013-04-12,2476.322,2489.118,2460.182,2462.112
2013-04-15,2453.967,2461.668,2430.149,2436.818
2013-04-16,2419.508,2461.046,2416.617,2459.592
2013-04-17,2457.881,2465.202,2437.345,2458.473
2013-04-18,2440.707,2478.413,2434.73,2464.851
2013-04-19,2469.951,2542.453,2469.323,2533.827
2013-04-22,2525.113,2539.046,2518.257,2530.67
2013-04-23,2532.201,2532.201,2448.2,2449.471
2013-04-24,2452.781,2511.202,2446.587,2495.579
2013-04-25,2486.857,2505.482,2456.566,2467.875
2013-04-26,2477.724,2488.585,2439.796,2447.306
2013-05-02,2434.603,2453.749,2423.077,2449.639
2013-05-03,2457.543,2521.119,2457.543,2492.912
2013-05-06,2502.978,2533.855,2500.455,2525.983
2013-05-07,2519.364,2539.298,2507.756,2529.938
2013-05-08,2542.266,2562.007,2531.251,2542.798
2013-05-09,2542.374,2543.305,2507.792,2527.794
2013-05-10,2519.517,2546.975,2515.158,2540.836
2013-05-13,2542.412,2547.602,2516.728,2530.768
2013-05-14,2525.998,2526.145,2479.872,2493.338
2013-05-15,2493.968,2507.43,2491.927,2506.925
2013-05-16,2501.117,2553.058,2487.763,2552.709
2013-05-17,2550.452,2598.706,2547.776,2592.048
2013-05-20,2597.151,2627.616,2590.053,2609.607
2013-05-21,2607.393,2617.4,2594.249,2614.853
2013-05-22,2613.411,2630.068,2603.75,2618.034
2013-05-23,2604.93,2624.076,2579.347,2582.849
2013-05-24,2591.419,2608.35,2572.884,2597.228
2013-05-27,2593.522,2611.972,2589.739,2599.587
2013-05-28,2600.632,2644.359,2585.901,2644.359
2013-05-29,2648.927,2661.229,2640.881,2642.561
2013-05-30,2633.955,2647.443,2623.581,2634.323
2013-05-31,2638.71,2645.565,2604.746,2606.426
2013-06-03,2605.969,2625.936,2596.051,2602.623
2013-06-04,2600.499,2600.499,2556.056,2565.666
2013-06-05,2565.329,2570.027,2545.19,2560.539
2013-06-06,2552.817,2557.678,2525.306,2527.845
2013-06-07,2526.913,2538.891,2475.687,2484.16
2013-06-13,2448.717,2448.717,2375.204,2399.937
2013-06-14,2404.423,2420.356,2396.487,2416.771
2013-06-17,2422.762,2427.532,2394.385,2403.839
2013-06-18,2413.088,2424.202,2393.321,2418.745
2013-06-19,2408.28,2408.28,2366.346,2400.765
2013-06-20,2386.104,2386.104,2320.226,2321.466
2013-06-21,2283.151,2332.842,2269.565,2317.394
2013-06-24,2308.069,2308.069,2164.325,2171.21
2013-06-25,2146.053,2169.211,2023.171,2165.421
2013-06-26,2170.326,2181.021,2131.86,2168.297
2013-06-27,2172.848,2200.213,2153.175,2160.735
2013-06-28,2149.03,2227.461,2139.372,2200.639
2013-07-01,2187.092,2213.965,2166.353,2213.317
2013-07-02,2211.803,2226.113,2191.801,2221.984
2013-07-03,2211.044,2211.044,2169.137,2203.828
2013-07-04,2187.181,2245.908,2176.08,2221.979
2013-07-05,2227.35,2252.033,2225.047,2226.849
2013-07-08,2194.423,2205.214,2162.189,2163.619
2013-07-09,2160.699,2174.786,2149.787,2162.669
2013-07-10,2163.098,2224.135,2157.468,2224.065
2013-07-11,2232.157,2351.223,2232.157,2326.688
2013-07-12,2319.023,2331.986,2274.073,2275.373
2013-07-15,2289.762,2336.04,2274.673,2307.297
2013-07-16,2300.83,2317.848,2281.942,2317.848
2013-07-17,2311.443,2326.925,2281.609,2282.836
2013-07-18,2272.947,2282.435,2241.93,2245.328
2013-07-19,2248.133,2257.916,2188.752,2190.478
2013-07-22,2170.089,2203.058,2159.813,2202.189
2013-07-23,2211.587,2276.742,2206.756,2265.845
2013-07-24,2253.376,2265.578,2217.192,2249.151
2013-07-25,2255.223,2268.839,2227.853,2237.683
2013-07-26,2226.429,2238.42,2209.806,2224.008
2013-07-29,2205.083,2205.083,2169.017,2175.97
2013-07-30,2184.007,2221.589,2162.979,2189.388
2013-07-31,2211.75,2235.384,2187.21,2193.021
2013-08-01,2206.004,2245.56,2200.626,2245.364
2013-08-02,2263.495,2274.71,2244.252,2247.263
2013-08-05,2249.976,2278.329,2243.22,2278.329
2013-08-06,2270.672,2302.484,2256.715,2293.641
2013-08-07,2292.379,2313.879,2276.862,2280.623
2013-08-08,2277.253,2297.628,2267.073,2276.782
2013-08-09,2288.51,2301.59,2258.334,2286.01
2013-08-12,2296.22,2352.89,2293.176,2352.794
2013-08-13,2352.883,2360.827,2340.733,2359.068
2013-08-14,2362.619,2386.599,2340.833,2349.08
2013-08-15,2348.839,2362.089,2319.784,2321.576
2013-08-16,2314.261,2423.081,2295.023,2304.144
2013-08-19,2286.203,2340.194,2284.077,2331.43
2013-08-20,2325.862,2353.409,2303.666,2312.465
2013-08-21,2320.584,2321.642,2291.053,2308.589
2013-08-22,2302.668,2329.143,2297.016,2303.932
2013-08-23,2314.866,2321.037,2251.92,2286.929
2013-08-26,2294.759,2336.381,2288.496,2335.616
2013-08-27,2332.8,2345.105,2322.461,2340.881
2013-08-28,2326.096,2345.358,2307.043,2328.056
2013-08-29,2338.564,2342.32,2308.145,2318.311
2013-08-30,2315.913,2334.413,2303.609,2313.91
2013-09-02,2319.957,2329.867,2297.449,2320.344
2013-09-03,2326.231,2354.856,2321.304,2354.502
2013-09-04,2352.537,2360.663,2345.437,2350.699
2013-09-05,2350.927,2351.218,2336.754,2341.735
2013-09-06,2336.767,2361.178,2335.932,2357.782
2013-09-09,2374.26,2449.249,2372.686,2440.609
2013-09-10,2446.454,2475.195,2435.826,2474.894
2013-09-11,2483.791,2504.469,2471.624,2482.889
2013-09-12,2480.468,2527.383,2469.718,2507.455
2013-09-13,2502.54,2515.781,2481.454,2488.902
2013-09-16,2501.077,2503.694,2467.129,2478.39
2013-09-17,2480.81,2481.71,2426.462,2427.322
2013-09-18,2426.04,2439.626,2407.243,2432.51
2013-09-23,2441.516,2473.163,2439.993,2472.288
2013-09-24,2470.715,2470.746,2420.085,2443.885
2013-09-25,2440.835,2455.037,2423.276,2429.03
2013-09-26,2422.631,2422.631,2382.535,2384.443
2013-09-27,2382.218,2402.196,2379.856,2394.971
2013-09-30,2406.205,2415.075,2397.22,2409.037
2013-10-08,2406.415,2446.703,2392.572,2441.811
2013-10-09,2432.94,2453.746,2424.769,2453.583
2013-10-10,2455.64,2455.979,2422.017,2429.317
2013-10-11,2442.364,2471.165,2439.634,2468.508
2013-10-14,2472.267,2483.131,2462.551,2472.542
2013-10-15,2475.324,2479.134,2449.416,2467.517
2013-10-16,2459.077,2459.077,2409.718,2421.371
2013-10-17,2432.645,2440.919,2407.777,2413.33
2013-10-18,2415.118,2435.712,2410.599,2426.054
2013-10-21,2431.915,2472.785,2423.562,2471.322
2013-10-22,2470.255,2470.255,2439.859,2445.891
2013-10-23,2451.556,2474.372,2412.483,2418.491
2013-10-24,2412.235,2422.943,2395.474,2400.511
2013-10-25,2400.517,2413.332,2353.993,2368.559
2013-10-28,2372.571,2377.249,2351.862,2365.954
2013-10-29,2369.216,2408.616,2327.904,2372.053
2013-10-30,2371.853,2407.851,2365.506,2407.471
2013-10-31,2398.395,2398.395,2370.226,2373.718
2013-11-01,2373.962,2395.005,2365.146,2384.96
2013-11-04,2397.21,2404.896,2376.355,2380.454
2013-11-05,2366.884,2385.688,2343.801,2383.769
2013-11-06,2371.324,2383.54,2352.787,2353.568
2013-11-07,2351.871,2356.672,2328.253,2340.552
2013-11-08,2329.084,2342.672,2306.041,2307.945
2013-11-11,2305.94,2325.228,2295.003,2315.889
2013-11-12,2319.362,2342.529,2316.603,2340.0
2013-11-13,2325.36,2325.563,2287.547,2288.116
2013-11-14,2291.269,2305.696,2279.006,2304.501
2013-11-15,2306.549,2377.211,2306.549,2350.734
2013-11-18,2367.883,2429.566,2361.038,2428.903
2013-11-19,2427.928,2427.928,2405.076,2412.163
2013-11-20,2428.767,2435.427,2406.417,2424.85
2013-11-21,2412.451,2415.383,2382.878,2409.989
2013-11-22,2415.29,2418.999,2393.581,2397.962
2013-11-25,2385.784,2418.853,2380.689,2388.629
2013-11-26,2387.826,2399.022,2380.412,2387.416
2013-11-27,2386.362,2422.806,2383.78,2414.481
2013-11-28,2419.15,2460.556,2417.235,2439.53
2013-11-29,2442.676,2446.395,2432.387,2438.944
2013-12-02,2423.969,2464.863,2397.007,2418.788
2013-12-03,2410.693,2448.333,2406.663,2442.784
2013-12-04,2439.824,2486.64,2434.694,2475.135
2013-12-05,2476.453,2481.747,2460.576,2468.197
2013-12-06,2463.043,2470.813,2445.623,2452.287
2013-12-09,2460.028,2468.948,2445.94,2450.872
2013-12-10,2456.23,2466.66,2444.526,2453.322
2013-12-11,2440.503,2440.503,2400.742,2412.763
2013-12-12,2406.766,2423.309,2402.769,2410.015
2013-12-13,2388.659,2416.26,2386.246,2406.639
2013-12-16,2408.678,2412.734,2367.43,2367.923
2013-12-17,2369.255,2373.286,2351.183,2356.376
2013-12-18,2356.703,2368.583,2350.451,2357.226
2013-12-19,2366.205,2370.991,2331.194,2332.41
2013-12-20,2335.052,2338.875,2278.096,2278.136
2013-12-23,2283.8,2295.765,2259.575,2284.602
2013-12-24,2291.125,2312.832,2270.245,2288.248
2013-12-25,2291.748,2305.609,2281.6,2305.11
2013-12-26,2299.972,2301.493,2263.922,2265.334
2013-12-27,2268.535,2315.182,2264.386,2303.478
2013-12-30,2313.38,2316.621,2295.641,2299.458
2013-12-31,2289.01,2333.074,2287.117,2330.026
2014-01-02,2323.433,2325.991,2310.653,2321.978
2014-01-03,2311.968,2314.836,2280.887,2290.779
2014-01-06,2286.371,2286.371,2229.334,2238.637
2014-01-07,2222.306,2246.791,2218.647,2238.001
2014-01-08,2240.635,2262.584,2228.418,2241.911
2014-01-09,2236.967,2258.894,2220.802,2222.221
2014-01-10,2216.521,2224.494,2200.215,2204.851
2014-01-13,2206.996,2222.072,2183.597,2193.679
2014-01-14,2192.844,2214.124,2179.908,2212.846
2014-01-15,2210.024,2215.903,2193.802,2208.941
2014-01-16,2209.448,2227.262,2201.56,2211.844
2014-01-17,2203.821,2205.972,2175.876,2178.488
2014-01-20,2173.651,2182.463,2156.458,2165.993
2014-01-21,2168.42,2197.923,2168.42,2187.41
2014-01-22,2190.432,2244.133,2187.534,2243.796
2014-01-23,2242.245,2248.924,2228.057,2231.889
2014-01-24,2225.758,2257.355,2222.893,2245.678
2014-01-27,2233.015,2233.231,2211.799,2215.919
2014-01-28,2220.785,2233.257,2205.972,2219.855
2014-01-29,2225.711,2233.057,2219.928,2227.781
2014-01-30,2223.163,2223.163,2200.224,2202.45
2014-02-07,2187.343,2212.498,2177.117,2212.483
2014-02-10,2221.54,2270.194,2221.54,2267.534
2014-02-11,2267.735,2296.516,2262.599,2285.562
2014-02-12,2286.187,2294.317,2276.444,2291.246
2014-02-13,2288.451,2307.474,2278.261,2279.554
2014-02-14,2278.4,2295.852,2274.429,2295.575
2014-02-17,2308.791,2315.579,2293.552,2311.647
2014-02-18,2310.309,2310.309,2276.108,2282.442
2014-02-19,2280.927,2317.42,2274.152,2308.656
2014-02-20,2314.088,2331.698,2286.203,2287.436
2014-02-21,2284.03,2287.869,2250.652,2264.294
2014-02-24,2246.715,2246.715,2194.164,2214.509
2014-02-25,2216.515,2225.209,2150.095,2157.909
2014-02-26,2147.737,2164.698,2137.079,2163.405
2014-02-27,2170.81,2180.063,2150.135,2154.108
2014-02-28,2149.446,2180.474,2133.548,2178.971
2014-03-03,2173.907,2194.224,2167.91,2190.37
2014-03-04,2183.858,2188.601,2161.589,2184.273
2014-03-05,2187.352,2189.093,2159.595,2163.976
2014-03-06,2159.397,2181.427,2136.454,2173.634
2014-03-07,2170.043,2189.39,2161.436,2168.358
2014-03-10,2149.676,2149.676,2095.067,2097.787
2014-03-11,2092.608,2118.79,2088.729,2108.661
2014-03-12,2102.801,2130.586,2090.757,2114.134
2014-03-13,2119.547,2149.436,2115.986,2140.333
2014-03-14,2129.87,2140.384,2109.575,2122.836
2014-03-17,2132.793,2143.196,2118.953,2143.038
2014-03-18,2146.124,2152.462,2134.923,2138.133
2014-03-19,2131.283,2131.283,2101.285,2120.87
2014-03-20,2116.185,2134.792,2086.497,2086.967
2014-03-21,2079.871,2163.225,2077.759,2158.798
2014-03-24,2161.898,2186.731,2150.871,2176.554
2014-03-25,2170.78,2191.491,2164.669,2174.44
2014-03-26,2181.231,2186.078,2165.217,2171.047
2014-03-27,2168.344,2186.893,2146.916,2155.707
2014-03-28,2154.515,2172.668,2144.584,2151.965
2014-03-31,2156.054,2165.254,2134.422,2146.305
2014-04-01,2143.717,2170.095,2141.151,2163.115
2014-04-02,2166.067,2182.683,2164.008,2180.727
2014-04-03,2188.642,2196.138,2160.747,2165.008
2014-04-04,2157.982,2186.154,2155.277,2185.472
2014-04-08,2179.92,2243.97,2178.905,2237.316
2014-04-09,2239.791,2246.793,2228.994,2238.62
2014-04-10,2241.452,2290.742,2229.515,2273.761
2014-04-11,2269.565,2281.105,2261.133,2270.666
2014-04-14,2267.943,2275.83,2255.456,2268.613
2014-04-15,2261.411,2261.474,2225.685,2229.463
2014-04-16,2223.468,2245.315,2221.153,2232.526
2014-04-17,2238.779,2241.622,2221.954,2224.803
2014-04-18,2215.879,2228.77,2203.047,2224.479
2014-04-21,2209.942,2231.707,2186.755,2187.248
2014-04-22,2184.017,2196.849,2165.075,2196.795
2014-04-23,2191.231,2205.594,2187.388,2194.668
2014-04-24,2192.769,2209.454,2186.763,2190.474
2014-04-25,2195.815,2201.712,2167.64,2167.826
2014-04-28,2165.773,2171.385,2132.695,2134.969
2014-04-29,2134.413,2159.379,2131.783,2158.47
2014-04-30,2158.762,2164.175,2153.124,2158.659
2014-05-05,2152.59,2161.703,2131.232,2156.47
2014-05-06,2151.388,2173.618,2150.112,2157.328
2014-05-07,2151.472,2153.723,2136.99,2137.316
2014-05-08,2132.036,2168.206,2128.318,2135.496
2014-05-09,2138.84,2141.559,2120.595,2133.911
2014-05-12,2150.313,2184.332,2139.483,2180.054
2014-05-13,2180.059,2185.046,2167.767,2174.852
2014-05-14,2175.094,2184.221,2168.997,2172.372
2014-05-15,2169.278,2171.453,2142.338,2144.084
2014-05-16,2143.926,2150.5,2132.186,2145.952
2014-05-19,2139.362,2139.362,2105.713,2115.143
2014-05-20,2124.708,2131.567,2110.72,2115.771
2014-05-21,2106.762,2136.1,2096.514,2135.905
2014-05-22,2134.087,2160.909,2128.858,2130.868
2014-05-23,2130.775,2148.583,2128.663,2148.414
2014-05-26,2161.892,2165.421,2147.445,2155.976
2014-05-27,2154.395,2160.027,2145.752,2147.28
2014-05-28,2147.467,2171.172,2142.007,2169.352
2014-05-29,2171.26,2178.092,2154.925,2155.164
2014-05-30,2156.381,2166.907,2146.218,2156.464
2014-06-03,2157.64,2168.995,2149.291,2149.918
2014-06-04,2149.407,2149.452,2117.313,2128.274
2014-06-05,2126.607,2150.93,2123.524,2150.602
2014-06-06,2149.214,2149.783,2123.98,2134.716
2014-06-09,2128.225,2153.903,2126.665,2134.281
2014-06-10,2138.671,2161.526,2132.447,2161.268
2014-06-11,2156.151,2163.61,2152.08,2160.766
2014-06-12,2156.761,2160.988,2148.413,2153.41
2014-06-13,2150.987,2183.645,2150.569,2176.242
2014-06-16,2176.438,2196.343,2174.277,2191.855
2014-06-17,2185.681,2185.681,2168.445,2169.674
2014-06-18,2169.252,2172.549,2158.497,2160.239
2014-06-19,2161.426,2166.407,2119.498,2126.907
2014-06-20,2124.963,2137.034,2120.807,2136.729
2014-06-23,2137.926,2147.227,2132.454,2134.11
2014-06-24,2131.686,2145.213,2130.292,2144.821
2014-06-25,2141.726,2141.726,2126.035,2133.371
2014-06-26,2135.156,2151.114,2134.891,2149.076
2014-06-27,2146.374,2159.526,2138.927,2150.258
2014-06-30,2152.306,2168.221,2152.306,2165.118
2014-07-01,2169.199,2171.15,2157.133,2164.559
2014-07-02,2163.998,2171.51,2155.609,2170.867
2014-07-03,2169.003,2184.964,2164.843,2180.192
2014-07-04,2180.445,2183.798,2174.073,2178.695
2014-07-07,2178.546,2186.202,2171.083,2176.289
2014-07-08,2174.828,2180.778,2163.359,2180.473
2014-07-09,2178.135,2178.51,2148.26,2148.71
2014-07-10,2146.601,2151.774,2139.522,2142.847
2014-07-11,2136.317,2154.735,2134.795,2148.009
2014-07-14,2149.542,2171.902,2145.278,2171.758
2014-07-15,2170.089,2176.272,2165.206,2174.976
2014-07-16,2172.824,2183.248,2166.774,2170.868
2014-07-17,2166.831,2166.932,2147.084,2157.068
2014-07-18,2147.663,2176.325,2145.446,2164.144
2014-07-21,2164.223,2171.94,2158.955,2166.295
2014-07-22,2162.436,2197.592,2162.236,2192.698
2014-07-23,2191.394,2210.282,2190.555,2197.833
2014-07-24,2199.833,2239.815,2199.833,2237.015
2014-07-25,2243.067,2260.89,2239.066,2260.454
2014-07-28,2272.383,2331.472,2272.383,2323.897
2014-07-29,2326.038,2342.77,2316.217,2331.369
2014-07-30,2324.69,2339.038,2316.058,2322.011
2014-07-31,2321.967,2350.551,2316.585,2350.251
2014-08-01,2341.227,2371.5,2328.966,2329.402
2014-08-04,2336.63,2375.62,2332.138,2375.62
2014-08-05,2376.797,2380.774,2353.795,2369.353
2014-08-06,2358.206,2371.667,2334.334,2363.221
2014-08-07,2363.608,2369.204,2326.268,2327.457
2014-08-08,2329.184,2339.27,2319.288,2331.134
2014-08-11,2338.008,2367.004,2337.014,2365.349
2014-08-12,2361.17,2361.17,2344.716,2357.052
2014-08-13,2358.459,2370.513,2335.694,2358.901
2014-08-14,2357.198,2363.18,2334.08,2335.945
2014-08-15,2337.985,2366.902,2333.123,2360.635
2014-08-18,2366.272,2379.804,2361.197,2374.562
2014-08-19,2378.886,2379.474,2358.965,2374.768
2014-08-20,2371.649,2375.475,2360.837,2366.14
2014-08-21,2365.731,2367.46,2333.299,2354.244
2014-08-22,2352.316,2368.457,2350.986,2365.364
2014-08-25,2367.019,2367.606,2338.455,2342.863
2014-08-26,2339.6,2350.391,2317.184,2324.092
2014-08-27,2323.79,2336.737,2322.885,2327.595
2014-08-28,2328.059,2336.363,2309.639,2311.278
2014-08-29,2317.304,2338.774,2313.262,2338.287
2014-09-01,2340.925,2355.552,2338.53,2355.317
2014-09-02,2359.862,2387.655,2349.949,2386.46
2014-09-03,2389.694,2414.26,2389.679,2408.838
2014-09-04,2411.934,2427.297,2404.082,2426.224
2014-09-05,2433.174,2450.634,2427.987,2449.259
2014-09-09,2452.227,2454.893,2437.078,2445.224
2014-09-10,2435.593,2437.081,2422.646,2432.433
2014-09-11,2430.678,2461.473,2417.269,2423.454
2014-09-12,2418.752,2438.358,2412.622,2438.358
2014-09-15,2433.001,2439.254,2418.959,2437.189
2014-09-16,2440.339,2442.924,2386.98,2388.765
2014-09-17,2395.361,2405.371,2379.091,2401.326
2014-09-18,2396.379,2414.946,2389.622,2408.664
2014-09-19,2409.313,2430.149,2402.313,2425.211
2014-09-22,2419.326,2419.326,2374.108,2378.92
2014-09-23,2379.521,2402.482,2379.521,2399.462
2014-09-24,2391.419,2443.978,2387.07,2441.864
2014-09-25,2453.423,2462.668,2429.587,2436.965
2014-09-26,2430.808,2439.649,2420.499,2437.201
2014-09-29,2443.91,2453.665,2435.611,2447.799
2014-09-30,2452.166,2454.885,2444.204,2450.988
2014-10-08,2460.87,2478.383,2445.268,2478.383
2014-10-09,2480.197,2488.113,2461.112,2481.955
2014-10-10,2472.096,2482.136,2457.684,2466.789
2014-10-13,2457.412,2460.389,2430.546,2454.946
2014-10-14,2451.094,2467.904,2436.336,2446.562
2014-10-15,2444.538,2465.498,2431.188,2463.874
2014-10-16,2448.968,2480.3,2441.822,2444.395
2014-10-17,2443.222,2456.105,2410.401,2441.732
2014-10-20,2448.453,2456.621,2441.896,2454.711
2014-10-21,2453.406,2459.255,2432.552,2433.391
2014-10-22,2434.886,2447.467,2417.562,2418.641
2014-10-23,2415.44,2424.662,2392.532,2395.936
2014-10-24,2397.848,2404.993,2385.725,2390.706
2014-10-27,2377.542,2377.542,2361.68,2368.832
2014-10-28,2373.155,2416.766,2373.155,2416.653
2014-10-29,2423.813,2461.268,2415.703,2451.384
2014-10-30,2450.361,2474.376,2443.759,2468.925
2014-10-31,2473.501,2512.189,2466.504,2508.325
2014-11-03,2515.824,2524.172,2502.06,2512.548
2014-11-04,2511.036,2517.46,2498.605,2513.172
2014-11-05,2516.87,2519.399,2499.228,2503.448
2014-11-06,2505.167,2510.985,2482.983,2506.067
2014-11-07,2508.765,2541.549,2489.419,2502.153
2014-11-10,2529.83,2565.73,2514.71,2565.73
2014-11-11,2578.438,2602.373,2532.572,2558.612
2014-11-12,2545.403,2594.318,2539.601,2594.318
2014-11-13,2597.389,2607.519,2567.463,2579.75
2014-11-14,2569.211,2581.932,2557.666,2581.093
2014-11-17,2613.513,2614.086,2565.943,2567.101
2014-11-18,2565.273,2570.211,2534.927,2541.416
2014-11-19,2538.233,2550.5,2531.318,2537.223
2014-11-20,2528.78,2545.473,2522.836,2537.099
2014-11-21,2537.538,2585.362,2530.032,2583.455
2014-11-24,2614.16,2667.671,2602.944,2649.258
2014-11-25,2650.085,2686.063,2643.843,2685.561
2014-11-26,2695.263,2723.36,2690.31,2723.018
2014-11-27,2737.03,2754.49,2718.704,2754.49
2014-11-28,2753.925,2809.543,2740.374,2808.819
2014-12-01,2825.611,2855.332,2808.653,2819.812
2014-12-02,2807.338,2944.506,2804.293,2923.94
2014-12-03,2936.124,3028.225,2912.246,2967.549
2014-12-04,2975.403,3104.89,2968.876,3104.351
2014-12-05,3143.968,3195.798,3011.936,3124.885
2014-12-08,3108.272,3270.881,3075.7,3252.881
2014-12-09,3233.097,3387.827,3074.516,3106.913
2014-12-10,3120.212,3229.047,3058.191,3221.546
2014-12-11,3185.161,3254.424,3158.443,3183.012
2014-12-12,3182.923,3239.447,3167.928,3193.227
2014-12-15,3176.829,3226.221,3143.297,3217.228
2014-12-16,3221.358,3303.402,3207.688,3303.402
2014-12-17,3325.82,3368.194,3275.736,3360.598
2014-12-18,3359.09,3393.711,3322.229,3345.927
2014-12-19,3345.629,3397.183,3280.916,3383.167
2014-12-22,3396.251,3455.207,3357.661,3394.481
2014-12-23,3358.798,3431.779,3316.913,3324.924
2014-12-24,3332.146,3340.357,3188.495,3230.385
2014-12-25,3254.48,3335.779,3226.322,3335.419
2014-12-26,3343.64,3453.338,3335.012,3445.839
2014-12-29,3502.183,3524.28,3405.836,3455.455
2014-12-30,3450.814,3491.826,3422.174,3457.554
2014-12-31,3462.389,3542.34,3452.498,3533.705
2015-01-05,3566.089,3669.042,3551.51,3641.541
2015-01-06,3608.428,3683.226,3587.231,3641.059
2015-01-07,3620.924,3671.19,3601.698,3643.79
2015-01-08,3650.073,3659.945,3552.1,3559.259
2015-01-09,3547.574,3689.753,3536.395,3546.723
2015-01-12,3531.515,3560.527,3461.322,3513.576
2015-01-13,3506.451,3550.158,3494.768,3514.04
2015-01-14,3522.907,3547.242,3471.56,3502.423
2015-01-15,3501.719,3604.121,3482.27,3604.121
2015-01-16,3616.248,3662.158,3601.258,3635.146
2015-01-19,3414.013,3497.252,3330.981,3355.155
2015-01-20,3336.793,3419.204,3325.681,3396.222
2015-01-21,3420.491,3557.794,3409.43,3548.885
2015-01-22,3551.052,3576.756,3520.053,3567.613
2015-01-23,3582.088,3627.806,3548.626,3571.732
2015-01-26,3580.118,3611.617,3559.376,3607.985
2015-01-27,3614.038,3616.258,3510.017,3574.931
2015-01-28,3547.239,3583.312,3512.393,3525.323
2015-01-29,3474.915,3505.582,3453.901,3481.798
2015-01-30,3496.885,3514.217,3431.936,3434.39
2015-02-02,3360.193,3407.256,3347.085,3353.96
2015-02-03,3388.602,3441.709,3360.717,3437.445
2015-02-04,3446.144,3476.817,3399.565,3401.768
2015-02-05,3487.951,3487.951,3366.862,3366.946
2015-02-06,3352.33,3374.051,3285.935,3312.42
2015-02-09,3305.734,3376.526,3298.597,3345.921
2015-02-10,3345.077,3407.18,3339.548,3406.943
2015-02-11,3415.977,3445.655,3412.136,3434.124
2015-02-12,3435.361,3453.582,3405.627,3442.874
2015-02-13,3458.827,3509.505,3452.079,3469.828
2015-02-16,3473.289,3504.475,3466.607,3499.483
2015-02-17,3511.544,3536.82,3511.093,3522.322
2015-02-25,3529.55,3529.55,3463.955,3478.729
2015-02-26,3473.713,3569.33,3456.871,3566.295
2015-02-27,3565.233,3594.813,3560.455,3572.843
2015-03-02,3603.452,3608.691,3566.527,3601.265
2015-03-03,3579.315,3579.315,3504.201,3507.9
2015-03-04,3514.667,3540.912,3497.172,3530.822
2015-03-05,3513.249,3517.083,3467.676,3496.344
2015-03-06,3501.184,3516.243,3472.392,3478.52
2015-03-09,3449.696,3546.705,3417.486,3537.75
2015-03-10,3523.64,3551.205,3511.985,3520.611
2015-03-11,3524.575,3568.916,3512.218,3524.653
2015-03-12,3557.686,3603.341,3536.534,3592.844
2015-03-13,3604.671,3641.392,3594.742,3617.657
2015-03-16,3641.773,3705.739,3621.119,3705.671
2015-03-17,3733.961,3762.575,3716.809,3757.122
2015-03-18,3769.086,3846.055,3763.848,3846.055
2015-03-19,3851.249,3859.126,3809.706,3839.739
2015-03-20,3852.492,3916.863,3832.416,3892.574
2015-03-23,3923.083,3972.296,3922.21,3972.061
2015-03-24,3980.066,3989.858,3883.782,3973.046
2015-03-25,3961.578,3980.716,3913.988,3940.412
2015-03-26,3921.745,3991.997,3892.878,3949.999
2015-03-27,3957.542,3993.032,3932.87,3971.697
2015-03-30,3999.024,4101.651,3999.024,4088.178
2015-03-31,4138.885,4166.018,4037.771,4051.204
2015-04-01,4057.501,4139.499,4046.939,4123.895
2015-04-02,4149.946,4156.842,4068.649,4124.776
2015-04-03,4104.672,4170.558,4092.383,4170.538
2015-04-07,4213.894,4260.471,4197.019,4260.044
2015-04-08,4277.45,4304.78,4204.826,4295.803
2015-04-09,4316.958,4332.166,4212.611,4262.138
2015-04-10,4249.383,4351.687,4231.196,4344.416
2015-04-13,4394.047,4432.024,4361.589,4421.073
2015-04-14,4432.126,4474.353,4385.908,4438.184
2015-04-15,4439.314,4475.997,4379.609,4380.513
2015-04-16,4355.491,4513.765,4335.63,4513.546
2015-04-17,4578.679,4630.27,4553.904,4596.136
2015-04-20,4615.034,4671.168,4492.6,4521.919
2015-04-21,4520.461,4620.058,4504.558,4619.164
2015-04-22,4637.055,4740.933,4632.589,4739.814
2015-04-23,4764.481,4782.044,4693.967,4740.892
2015-04-24,4682.626,4730.43,4618.318,4702.641
2015-04-27,4753.871,4810.485,4735.31,4807.592
2015-04-28,4811.319,4839.078,4703.567,4741.861
2015-04-29,4722.903,4797.927,4695.793,4774.326
2015-04-30,4788.412,4818.725,4749.485,4749.886
2015-05-04,4757.637,4795.915,4699.398,4787.741
2015-05-05,4785.192,4785.192,4572.983,4596.837
2015-05-06,4626.231,4700.909,4511.761,4553.327
2015-05-07,4520.818,4546.338,4467.459,4470.089
2015-05-08,4515.554,4559.058,4445.592,4558.404
2015-05-11,4582.091,4690.954,4535.149,4690.532
2015-05-12,4692.122,4748.004,4660.016,4747.421
2015-05-13,4746.713,4758.002,4678.845,4718.436
2015-05-14,4717.955,4735.284,4670.168,4700.778
2015-05-15,4690.755,4690.755,4592.05,4617.47
2015-05-18,4582.058,4623.383,4565.061,4575.14
2015-05-19,4577.637,4740.005,4577.637,4731.222
2015-05-20,4751.572,4843.1,4745.21,4754.919
2015-05-21,4768.689,4841.615,4746.029,4840.976
2015-05-22,4895.925,4951.991,4870.598,4951.335
2015-05-25,4949.11,5099.839,4949.11,5099.495
2015-05-26,5140.798,5199.295,5063.146,5198.918
2015-05-27,5216.17,5226.844,5126.861,5181.434
2015-05-28,5174.101,5213.183,4831.329,4834.007
2015-05-29,4839.53,4924.303,4665.521,4840.829
2015-06-01,4862.756,5079.319,4835.774,5076.179
2015-06-02,5091.272,5162.556,5047.081,5161.87
2015-06-03,5176.597,5186.967,5059.495,5143.59
2015-06-04,5156.012,5194.233,4863.465,5181.416
2015-06-05,5254.905,5288.34,5104.178,5230.552
2015-06-08,5259.408,5370.609,5202.595,5353.751
2015-06-09,5379.47,5380.426,5251.208,5317.461
2015-06-10,5254.304,5374.83,5209.68,5309.112
2015-06-11,5305.141,5329.295,5248.163,5306.59
2015-06-12,5329.278,5351.648,5283.086,5335.115
2015-06-15,5354.014,5362.452,5207.308,5221.167
2015-06-16,5165.025,5204.303,5015.265,5064.821
2015-06-17,5072.306,5158.367,4949.293,5138.831
2015-06-18,5107.695,5121.218,4926.429,4930.549
2015-06-19,4847.057,4910.45,4634.691,4637.052
2015-06-23,4641.425,4786.955,4455.33,4786.091
2015-06-24,4811.595,4883.732,4744.306,4880.126
2015-06-25,4906.242,4919.263,4667.224,4706.516
2015-06-26,4573.872,4650.186,4278.675,4336.195
2015-06-29,4446.842,4451.166,4000.926,4191.549
2015-06-30,4161.067,4475.767,4016.013,4472.998
2015-07-01,4408.984,4526.127,4235.696,4253.021
2015-07-02,4287.734,4312.19,4000.061,4107.996
2015-07-03,4017.202,4164.629,3785.902,3885.917
2015-07-06,4218.266,4218.266,3832.468,3998.537
2015-07-07,3877.854,3960.636,3743.624,3928.003
2015-07-08,3651.06,3762.622,3612.254,3663.038
2015-07-09,3621.68,3930.264,3537.826,3897.626
2015-07-10,3916.272,4179.111,3887.551,4106.556
2015-07-13,4132.231,4278.161,4072.43,4211.812
2015-07-14,4178.63,4258.513,4062.5,4112.149
2015-07-15,4068.88,4114.243,3899.508,3966.759
2015-07-16,3949.639,4067.022,3856.321,3997.356
2015-07-17,4023.757,4190.186,4000.231,4151.496
2015-07-20,4157.06,4221.693,4106.389,4160.612
2015-07-21,4109.761,4201.482,4081.704,4166.006
2015-07-22,4148.56,4187.431,4094.712,4157.16
2015-07-23,4158.932,4262.062,4148.824,4250.805
2015-07-24,4255.198,4299.65,4154.617,4176.279
2015-07-27,4097.796,4156.313,3817.169,3818.731
2015-07-28,3690.974,3883.446,3627.421,3811.093
2015-07-29,3839.959,3934.003,3769.189,3930.379
2015-07-30,3915.78,3968.534,3802.882,3815.412
2015-07-31,3777.155,3863.624,3757.989,3816.699
2015-08-03,3766.072,3829.235,3742.578,3829.235
2015-08-04,3827.373,3948.449,3801.028,3948.155
2015-08-05,3937.623,3962.277,3858.66,3866.9
2015-08-06,3802.928,3888.693,3793.237,3831.852
2015-08-07,3866.43,3926.649,3857.908,3906.945
2015-08-10,3947.472,4101.731,3932.842,4084.365
2015-08-11,4083.589,4110.133,4042.004,4066.669
2015-08-12,4025.674,4078.03,4015.355,4016.126
2015-08-13,4010.013,4075.7,3967.821,4075.463
2015-08-14,4097.918,4113.159,4056.727,4073.54
2015-08-17,4058.113,4081.772,4009.99,4077.872
2015-08-18,4084.311,4103.054,3816.554,3825.412
2015-08-19,3748.266,3898.74,3668.192,3886.136
2015-08-20,3848.403,3880.824,3761.454,3761.454
2015-08-21,3714.289,3757.779,3578.175,3589.536
2015-08-24,3454.598,3468.149,3266.55,3275.534
2015-08-25,3070.007,3200.108,3019.556,3042.927
2015-08-26,3062.566,3192.932,2952.008,3025.692
2015-08-27,3092.812,3206.724,3028.398,3205.638
2015-08-28,3246.236,3353.244,3223.622,3342.286
2015-08-31,3307.396,3368.279,3205.537,3366.536
2015-09-01,3296.529,3370.504,3190.578,3362.083
2015-09-02,3220.851,3387.02,3213.637,3365.832
2015-09-07,3347.293,3422.225,3240.243,3250.485
2015-09-08,3221.789,3340.219,3170.807,3334.023
2015-09-09,3344.824,3426.651,3330.29,3399.305
2015-09-10,3349.281,3398.316,3337.311,3357.561
2015-09-11,3349.877,3383.134,3315.478,3347.188
2015-09-14,3367.642,3373.921,3187.566,3281.132
2015-09-15,3208.744,3240.079,3131.98,3152.232
2015-09-16,3149.158,3345.918,3131.37,3309.248
2015-09-17,3287.657,3354.905,3236.999,3236.999
2015-09-18,3254.443,3280.877,3227.834,3251.273
2015-09-21,3222.603,3312.55,3211.934,3308.247
2015-09-22,3312.366,3371.414,3303.184,3339.03
2015-09-23,3290.071,3315.935,3253.333,3263.028
2015-09-24,3278.896,3300.857,3255.902,3284.999
2015-09-25,3272.665,3290.858,3201.914,3231.951
2015-09-28,3226.607,3246.554,3186.507,3242.752
2015-09-29,3197.221,3208.417,3159.042,3178.854
2015-09-30,3195.901,3223.908,3186.767,3202.948
2015-10-08,3324.981,3337.331,3294.605,3296.482
2015-10-09,3302.36,3352.379,3293.965,3340.116
2015-10-12,3351.139,3486.631,3347.251,3447.693
2015-10-13,3422.477,3452.045,3413.967,3445.043
2015-10-14,3431.135,3458.702,3403.231,3406.112
2015-10-15,3403.389,3486.815,3402.316,3486.815
2015-10-16,3508.518,3537.539,3487.104,3534.065
2015-10-19,3548.953,3572.995,3502.505,3534.182
2015-10-20,3527.875,3577.798,3510.437,3577.703
2015-10-21,3580.838,3601.243,3417.412,3473.254
2015-10-22,3453.201,3530.766,3442.307,3524.534
2015-10-23,3536.843,3581.836,3515.822,3571.241
2015-10-26,3614.702,3620.756,3561.192,3589.261
2015-10-27,3569.449,3601.053,3486.102,3592.879
2015-10-28,3575.805,3598.172,3517.21,3524.92
2015-10-29,3539.978,3561.814,3507.966,3533.307
2015-10-30,3530.223,3574.473,3497.568,3534.079
2015-11-02,3489.225,3543.45,3474.712,3475.962
2015-11-03,3484.722,3501.704,3452.62,3465.493
2015-11-04,3477.159,3628.538,3477.159,3628.538
2015-11-05,3630.782,3781.409,3627.301,3705.97
2015-11-06,3698.342,3801.705,3694.657,3793.374
2015-11-09,3796.379,3891.773,3796.379,3840.355
2015-11-10,3806.669,3876.49,3798.821,3833.238
2015-11-11,3828.448,3843.112,3781.41,3833.646
2015-11-12,3841.738,3843.9,3771.274,3795.324
2015-11-13,3756.204,3793.713,3727.585,3746.242
2015-11-16,3682.735,3764.409,3680.073,3764.126
2015-11-17,3790.426,3852.774,3750.157,3758.387
2015-11-18,3760.456,3771.847,3706.31,3715.58
2015-11-19,3725.622,3775.232,3714.675,3774.969
2015-11-20,3778.884,3793.545,3757.026,3774.383
2015-11-23,3774.436,3802.851,3743.405,3753.335
2015-11-24,3745.761,3754.169,3702.737,3753.889
2015-11-25,3747.759,3781.857,3735.716,3781.607
2015-11-26,3795.245,3805.844,3756.823,3759.429
2015-11-27,3739.096,3742.742,3534.39,3556.992
2015-11-30,3554.89,3587.97,3455.068,3566.412
2015-12-01,3562.319,3617.305,3536.116,3591.696
2015-12-02,3587.758,3725.854,3573.403,3721.955
2015-12-03,3709.547,3758.446,3693.137,3749.299
2015-12-04,3719.734,3726.124,3667.291,3677.592
2015-12-07,3681.582,3699.337,3658.578,3687.607
2015-12-08,3668.839,3668.839,3619.445,3623.02
2015-12-09,3613.42,3655.159,3611.49,3635.938
2015-12-10,3634.366,3678.318,3615.991,3623.084
2015-12-11,3605.372,3630.744,3578.146,3608.059
2015-12-14,3573.884,3712.503,3570.998,3711.322
2015-12-15,3707.73,3717.357,3679.23,3694.389
2015-12-16,3703.95,3713.09,3677.45,3685.44
2015-12-17,3712.783,3768.844,3709.851,3755.888
2015-12-18,3754.96,3810.218,3750.925,3767.913
2015-12-21,3762.097,3877.82,3759.989,3865.965
2015-12-22,3872.098,3880.468,3841.593,3876.733
2015-12-23,3877.872,3926.686,3862.965,3866.381
2015-12-24,3858.135,3867.679,3787.084,3829.402
2015-12-25,3832.085,3848.025,3813.204,3838.201
2015-12-28,3847.532,3853.389,3727.632,3727.632
2015-12-29,3723.05,3762.052,3710.48,3761.875
2015-12-30,3762.914,3765.657,3726.278,3765.175
2015-12-31,3760.904,3772.617,3727.325,3731.005
2016-01-04,3725.856,3726.245,3468.949,3469.066
2016-01-05,3382.177,3518.217,3377.28,3478.78
2016-01-06,3482.406,3543.739,3468.467,3539.808
2016-01-07,3481.15,3481.15,3284.737,3294.384
2016-01-08,3371.871,3418.851,3237.931,3361.563
2016-01-11,3303.125,3342.481,3192.45,3192.45
2016-01-12,3214.823,3242.253,3174.55,3215.71
2016-01-13,3240.484,3257.295,3155.879,3155.879
2016-01-14,3076.645,3226.658,3072.039,3221.571
2016-01-15,3200.888,3216.798,3101.052,3118.73
2016-01-18,3068.2348,3165.6164,3066.727,3130.7289
2016-01-19,3132.7047,3227.908,3119.2163,3223.1251
2016-01-20,3204.2183,3225.9496,3154.4259,3174.3781
2016-01-21,3136.3841,3202.5381,3081.3454,3081.3454
2016-01-22,3114.895,3132.1708,3053.9581,3113.4626
2016-01-25,3129.0279,3149.3322,3105.1004,3128.886
2016-01-26,3099.5957,3106.5302,2934.6469,2940.5085
2016-01-27,2953.1826,2963.5438,2839.2899,2930.3519
2016-01-28,2909.3341,2941.8866,2841.8442,2853.7562
2016-01-29,2855.5983,2965.3093,2854.3712,2946.0902
2016-02-01,2939.0401,2944.5172,2869.5614,2901.0477
2016-02-02,2901.5284,2972.4258,2901.5119,2961.3337
2016-02-03,2931.2883,2954.71,2909.8982,2948.6386
2016-02-04,2960.3335,2999.2061,2960.2065,2984.7598
2016-02-05,2982.0563,2988.3597,2962.8471,2963.7894
2016-02-15,2888.4277,2961.4926,2886.0183,2946.7066
2016-02-16,2962.1871,3042.0886,2962.1871,3037.0353
2016-02-17,3034.0902,3065.7845,3027.0458,3063.3199
2016-02-18,3079.5272,3093.5129,3049.8407,3053.6985
2016-02-19,3047.9417,3065.9677,3032.6336,3051.585
2016-02-22,3083.9325,3128.2069,3071.3289,3118.8675
2016-02-23,3117.2027,3119.2209,3061.4294,3089.3632
2016-02-24,3077.6062,3109.5454,3055.2511,3109.5454
2016-02-25,3104.4097,3104.4357,2905.4565,2918.7501
2016-02-26,2942.0954,2964.3851,2902.948,2948.0306
2016-02-29,2939.5802,2939.8745,2821.2149,2877.4666
2016-03-01,2881.3353,2950.4361,2863.3228,2930.6937
2016-03-02,2933.9209,3054.7237,2933.1162,3051.3327
2016-03-03,3050.3886,3078.4437,3040.2463,3058.4219
2016-03-04,3047.5371,3101.6556,3032.4235,3093.8895
2016-03-07,3108.9994,3130.9032,3083.5843,3104.8397
2016-03-08,3100.1492,3109.2499,3001.8285,3107.6727
2016-03-09,3045.9238,3072.9156,3020.1335,3071.907
2016-03-10,3056.2104,3074.1602,3012.6908,3013.1457
2016-03-11,2990.2135,3026.4368,2982.1722,3018.2844
2016-03-14,3039.5689,3106.8002,3033.9997,3065.6904
2016-03-15,3061.3427,3077.0846,3028.5781,3074.7796
2016-03-16,3068.8664,3100.3518,3064.5209,3090.0328
2016-03-17,3096.8076,3147.8413,3077.5717,3124.2039
2016-03-18,3136.2234,3197.6683,3130.1021,3171.963
2016-03-21,3203.2929,3267.7751,3198.3608,3249.4372
2016-03-22,3231.6146,3249.6772,3218.7276,3225.7903
2016-03-23,3217.7288,3242.2466,3202.9759,3236.0924
2016-03-24,3211.496,3221.9061,3181.8128,3181.8507
2016-03-25,3176.8101,3204.4423,3174.3179,3197.8169
2016-03-28,3206.9532,3229.6237,3161.8782,3169.7283
2016-03-29,3171.3138,3178.0748,3122.7605,3135.4098
2016-03-30,3161.2886,3216.6755,3161.2886,3216.2753
2016-03-31,3229.1995,3241.9268,3208.6649,3218.0879
2016-04-01,3213.674,3222.6124,3165.8555,3221.8948
2016-04-05,3211.3046,3271.9301,3205.2065,3264.4858
2016-04-06,3250.5215,3267.64,3236.1961,3257.5276
2016-04-07,3266.2883,3270.8202,3208.6443,3209.2902
2016-04-08,3189.8456,3197.7736,3163.305,3185.7258
2016-04-11,3213.507,3251.5717,3213.507,3230.0957
2016-04-12,3227.3673,3232.2642,3198.9027,3218.4497
2016-04-13,3237.8575,3296.5228,3237.8575,3261.3831
2016-04-14,3277.0982,3286.0716,3252.0499,3275.8321
2016-04-15,3279.8566,3282.9846,3261.7299,3272.2053
2016-04-18,3252.6706,3252.6706,3221.6623,3228.4531
2016-04-19,3243.9712,3250.7253,3221.5773,3238.3029
2016-04-20,3244.1419,3248.4218,3107.3693,3181.0264
2016-04-21,3160.7958,3198.557,3150.9395,3160.6033
2016-04-22,3142.5611,3175.3799,3137.9927,3174.9012
2016-04-25,3164.7384,3172.2694,3137.113,3162.0331
2016-04-26,3159.7706,3181.0954,3150.4041,3179.1605
2016-04-27,3181.9305,3188.8264,3162.6914,3165.9156
2016-04-28,3169.3333,3174.7662,3135.6425,3160.5809
2016-04-29,3153.5371,3171.2887,3149.3966,3156.7451
2016-05-03,3159.823,3218.485,3151.4045,3213.5397
2016-05-04,3203.4653,3222.8816,3198.2919,3209.4614
2016-05-05,3204.1686,3217.282,3196.5661,3213.9199
2016-05-06,3213.1358,3216.893,3130.1469,3130.3544
2016-05-09,3115.4301,3115.4301,3055.0057,3065.6154
2016-05-10,3055.2119,3084.7245,3055.1831,3069.1124
2016-05-11,3080.6361,3102.8768,3063.0883,3082.8086
2016-05-12,3059.3831,3095.3489,3035.0228,3090.1372
2016-05-13,3081.6797,3103.0955,3064.691,3074.9351
2016-05-16,3064.5261,3095.5554,3053.6619,3095.3085
2016-05-17,3095.5229,3105.2013,3073.459,3086.0249
2016-05-18,3071.5292,3072.6122,3039.4618,3068.0358
2016-05-19,3060.3426,3086.977,3058.145,3062.5002
2016-05-20,3047.7778,3078.5316,3041.5169,3078.2183
2016-05-23,3078.515,3098.4782,3076.5039,3087.2225
2016-05-24,3083.2441,3083.2571,3052.5905,3063.5556
2016-05-25,3079.7486,3089.1022,3054.8697,3059.2259
2016-05-26,3056.6004,3072.524,3027.444,3064.2111
2016-05-27,3059.732,3073.7562,3052.1793,3062.4993
2016-05-30,3056.3138,3075.2613,3037.6647,3066.7095
2016-05-31,3068.5964,3170.926,3068.5964,3169.5598
2016-06-01,3172.9619,3181.7926,3159.8175,3160.547
2016-06-02,3158.0259,3168.824,3151.0654,3167.0997
2016-06-03,3172.946,3201.7492,3162.088,3189.3255
2016-06-06,3192.7793,3197.2204,3168.554,3178.7883
2016-06-07,3182.4374,3186.6167,3168.1792,3177.0536
2016-06-08,3171.8134,3174.9719,3148.3517,3163.9864
2016-06-13,3134.0453,3145.6057,3065.7674,3066.3413
2016-06-14,3058.4433,3078.7494,3055.6553,3075.9834
2016-06-15,3043.9577,3128.6733,3042.2328,3116.3682
2016-06-16,3104.3619,3112.4755,3089.4777,3094.6748
2016-06-17,3096.0901,3131.0485,3096.0901,3110.3572
2016-06-20,3114.9064,3118.7254,3089.7127,3112.6744
2016-06-21,3124.8984,3155.4927,3097.9402,3106.3175
2016-06-22,3100.4496,3134.0608,3096.9919,3133.9611
2016-06-23,3129.7207,3129.7207,3102.4811,3117.3168
2016-06-24,3110.6465,3130.5391,3033.9651,3077.1554
2016-06-27,3065.128,3120.6405,3064.9664,3120.5443
2016-06-28,3107.3979,3139.4301,3099.7012,3136.4013
2016-06-29,3142.4842,3158.0762,3139.1325,3151.3898
2016-06-30,3152.8331,3163.7205,3148.1987,3153.921
2016-07-01,3156.932,3170.2583,3148.2948,3154.2003
2016-07-04,3136.3852,3210.6016,3134.0233,3204.6962
2016-07-05,3199.1572,3216.7029,3197.9956,3207.3827
2016-07-06,3197.6249,3217.5158,3183.4511,3216.8035
2016-07-07,3206.5507,3220.5404,3190.1235,3209.9542
2016-07-08,3199.7542,3204.9283,3183.9594,3192.2804
2016-07-11,3199.0383,3235.9623,3197.6255,3203.3298
2016-07-12,3201.9062,3273.4738,3200.3034,3273.1823
2016-07-13,3274.0202,3300.9912,3271.7752,3282.8681
2016-07-14,3277.4816,3281.9503,3259.0653,3276.7637
2016-07-15,3278.8357,3285.026,3265.2906,3276.2775
2016-07-18,3269.7077,3281.6375,3251.7659,3262.0222
2016-07-19,3260.4349,3264.7303,3226.1987,3248.2341
2016-07-20,3246.8626,3254.5076,3232.2568,3237.6051
2016-07-21,3238.3367,3271.3739,3238.3034,3252.5227
2016-07-22,3251.242,3253.7694,3220.8937,3225.1621
2016-07-25,3220.1658,3243.7902,3218.1419,3230.885
2016-07-26,3228.234,3269.7457,3228.0075,3269.5882
2016-07-27,3270.0837,3276.5112,3157.4093,3218.243
2016-07-28,3204.4645,3235.7816,3195.2696,3221.1365
2016-07-29,3217.1923,3225.4184,3198.6839,3203.9304
2016-08-01,3196.425,3199.9751,3156.7488,3176.8091
2016-08-02,3173.7576,3189.0529,3165.5422,3189.0529
2016-08-03,3179.6842,3197.1573,3173.5356,3193.5073
2016-08-04,3190.546,3201.5539,3170.4189,3201.2888
2016-08-05,3201.3543,3224.873,3192.8614,3205.1101
2016-08-08,3199.5723,3234.4795,3187.2521,3234.1833
2016-08-09,3232.603,3257.3336,3229.1741,3256.9813
2016-08-10,3255.1822,3261.8609,3242.7509,3243.3409
2016-08-11,3239.5583,3274.0261,3232.6127,3233.3604
2016-08-12,3231.8065,3294.2337,3231.1366,3294.2337
2016-08-15,3303.4688,3417.9147,3302.3776,3393.4239
2016-08-16,3403.3839,3418.6884,3372.0206,3378.2451
2016-08-17,3377.7713,3394.3887,3356.9244,3373.0476
2016-08-18,3369.9472,3394.7912,3349.6879,3364.4851
2016-08-19,3358.555,3374.045,3341.1922,3365.0197
2016-08-22,3364.681,3372.8331,3335.4695,3336.7949
2016-08-23,3332.621,3359.6477,3324.9603,3341.8298
2016-08-24,3341.9304,3348.1291,3323.7251,3329.8631
2016-08-25,3314.0846,3315.0812,3279.8064,3308.9721
2016-08-26,3312.4991,3328.9453,3301.7359,3307.0902
2016-08-29,3306.5749,3315.0789,3297.0697,3307.7812
2016-08-30,3310.3188,3325.1218,3304.5966,3311.9872
2016-08-31,3310.5654,3333.9729,3304.6552,3327.7938
2016-09-01,3326.7389,3329.3455,3301.2129,3301.5767
2016-09-02,3298.7217,3320.4252,3295.7554,3314.1142
2016-09-05,3321.0053,3338.4197,3314.6293,3319.6803
2016-09-06,3322.018,3347.9511,3300.1257,3342.6259
2016-09-07,3344.0657,3357.3567,3337.7508,3340.8172
2016-09-08,3338.0082,3343.395,3328.2264,3339.564
2016-09-09,3339.3733,3344.951,3318.044,3318.044
2016-09-12,3271.8702,3276.7163,3234.573,3262.6043
2016-09-13,3265.3373,3269.2224,3246.3857,3260.333
2016-09-14,3245.7371,3254.995,3231.3355,3238.7299
2016-09-19,3242.7429,3264.8995,3242.7429,3263.1242
2016-09-20,3264.6649,3265.0353,3252.3885,3257.4034
2016-09-21,3257.7097,3270.9022,3254.3214,3266.6363
2016-09-22,3281.4718,3303.1993,3277.9791,3291.1211
2016-09-23,3292.2788,3293.9162,3275.025,3275.6665
2016-09-26,3267.6905,3267.6905,3220.2838,3220.2838
2016-09-27,3214.8704,3240.7756,3214.4414,3240.7546
2016-09-28,3243.647,3243.647,3227.996,3230.8904
2016-09-29,3234.857,3257.7668,3234.8032,3244.3874
2016-09-30,3240.1775,3260.9405,3239.0364,3253.2848
2016-10-10,3265.3644,3294.6409,3258.9584,3293.8689
2016-10-11,3296.8672,3308.0042,3292.8775,3306.5573
2016-10-12,3299.1388,3302.561,3289.7532,3300.0099
2016-10-13,3299.1557,3307.4091,3292.3974,3302.6455
2016-10-14,3298.734,3306.6859,3285.729,3305.8481
2016-10-17,3305.9635,3309.0097,3271.5413,3277.8787
2016-10-18,3272.6815,3321.3324,3272.6815,3321.3324
2016-10-19,3323.3038,3332.5201,3309.8313,3316.2407
2016-10-20,3317.1792,3324.9031,3312.1741,3318.6044
2016-10-21,3315.7156,3341.5603,3309.1787,3327.74
2016-10-24,3332.5125,3382.8259,3330.9674,3367.5778
2016-10-25,3367.4753,3373.9139,3356.5853,3367.4547
2016-10-26,3365.1975,3367.831,3349.5744,3354.8003
2016-10-27,3351.4603,3352.3545,3335.1332,3345.695
2016-10-28,3347.1438,3370.7485,3337.2888,3340.1262
2016-10-31,3332.406,3340.4695,3317.3279,3336.2778
2016-11-01,3338.7099,3359.3941,3334.4568,3359.0515
2016-11-02,3350.71,3356.3974,3331.3841,3333.3524
2016-11-03,3326.9045,3379.9889,3324.8378,3365.085
2016-11-04,3362.2055,3377.6394,3348.4263,3354.1749
2016-11-07,3353.4441,3362.7416,3342.3122,3356.5916
2016-11-08,3367.6974,3383.9174,3361.1292,3371.1177
2016-11-09,3370.5999,3373.096,3322.0798,3353.0547
2016-11-10,3374.906,3403.0158,3374.906,3390.6119
2016-11-11,3387.9481,3422.6715,3382.8925,3417.2211
2016-11-14,3409.2241,3452.6159,3408.1392,3430.2482
2016-11-15,3428.8663,3434.9216,3415.9948,3429.8697
2016-11-16,3432.4336,3435.6366,3419.2435,3429.5921
2016-11-17,3423.4654,3437.669,3412.8771,3436.535
2016-11-18,3437.4898,3443.1185,3413.2698,3417.4554
2016-11-21,3412.6523,3463.1423,3412.0801,3441.1106
2016-11-22,3443.2201,3469.2189,3443.2201,3468.3637
2016-11-23,3473.8949,3492.9564,3465.7639,3474.7289
2016-11-24,3468.8071,3508.1648,3467.0108,3488.7402
2016-11-25,3490.0399,3521.3029,3463.9477,3521.2984
2016-11-28,3538.6754,3553.3603,3528.3196,3535.0807
2016-11-29,3525.9011,3583.7185,3521.3787,3564.0404
2016-11-30,3557.6357,3567.0689,3527.0231,3538.001
2016-12-01,3543.9555,3575.97,3543.245,3565.036
2016-12-02,3559.7711,3562.5497,3516.7881,3528.9547
2016-12-05,3473.6876,3496.8838,3457.3433,3469.4073
2016-12-06,3466.2417,3477.5901,3456.8067,3459.1533
2016-12-07,3458.3687,3475.7473,3445.7561,3475.7473
2016-12-08,3481.8067,3484.3402,3466.512,3470.1426
2016-12-09,3464.8733,3507.9276,3461.7612,3493.7004
2016-12-12,3489.2683,3495.8022,3400.793,3409.1794
2016-12-13,3394.2072,3416.2147,3370.5956,3405.0355
2016-12-14,3399.4113,3412.2795,3378.2656,3378.9453
2016-12-15,3363.8597,3378.0367,3327.1429,3340.4338
2016-12-16,3335.3625,3356.2916,3330.4928,3346.0305
2016-12-19,3342.3449,3344.8584,3324.9986,3328.9827
2016-12-20,3328.2985,3329.1022,3289.2682,3309.0641
2016-12-21,3313.7451,3342.4761,3313.7451,3338.536
2016-12-22,3335.1218,3340.3628,3322.7196,3335.672
2016-12-23,3333.4009,3334.8937,3300.8843,3307.5991
2016-12-26,3293.2236,3322.4212,3267.0481,3322.4006
2016-12-27,3319.2061,3330.2324,3315.8318,3316.3852
2016-12-28,3315.7526,3320.5467,3293.1737,3301.8887
2016-12-29,3297.036,3312.113,3288.0959,3297.7648
2016-12-30,3302.5993,3313.5497,3295.7513,3310.0808
2017-01-03,3313.9534,3345.2629,3313.9534,3342.2272
2017-01-04,3340.5576,3369.5658,3338.1527,3368.3117
2017-01-05,3368.3402,3373.4119,3361.462,3367.7892
2017-01-06,3366.8522,3368.8705,3346.8914,3347.6665
2017-01-09,3345.7483,3366.2219,3344.3472,3363.9014
2017-01-10,3361.6394,3370.5051,3354.0878,3358.2716
2017-01-11,3355.8008,3366.6315,3334.2978,3334.4954
2017-01-12,3332.6857,3343.1279,3315.9629,3317.6241
2017-01-13,3317.9625,3338.174,3309.3741,3319.9122
2017-01-16,3314.1507,3322.7819,3264.2071,3319.4455
2017-01-17,3305.6001,3327.3767,3292.2044,3326.3563
2017-01-18,3323.3389,3350.9619,3320.4062,3339.3653
2017-01-19,3330.9522,3346.4959,3324.6835,3329.2891
2017-01-20,3326.9773,3358.4121,3326.374,3354.8891
2017-01-23,3359.0543,3378.7388,3355.8475,3364.0808
2017-01-24,3363.1374,3371.32,3355.899,3364.4509
2017-01-25,3361.6561,3376.4415,3357.2183,3375.9042
2017-01-26,3378.2609,3395.8848,3378.2609,3387.9606
2017-02-03,3390.9315,3392.4773,3362.5653,3364.4923
2017-02-06,3368.1081,3381.3348,3358.7516,3373.2051
2017-02-07,3371.7695,3376.7099,3354.6251,3365.6849
2017-02-08,3361.7811,3383.6859,3347.4302,3383.2878
2017-02-09,3381.8992,3406.5888,3379.7872,3396.2924
2017-02-10,3398.3173,3422.3256,3398.0295,3413.4868
2017-02-13,3416.9168,3439.5432,3416.8746,3436.275
2017-02-14,3438.511,3440.6748,3424.4028,3435.8042
2017-02-15,3435.3882,3448.0322,3417.0811,3421.7131
2017-02-16,3421.8299,3440.9331,3418.3514,3440.9331
2017-02-17,3443.6166,3457.5562,3419.6143,3421.4419
2017-02-20,3421.6434,3472.6035,3421.6434,3471.3926
2017-02-21,3475.0584,3490.0855,3472.017,3482.823
2017-02-22,3483.2008,3489.946,3473.524,3489.7567
2017-02-23,3487.5745,3492.9616,3460.118,3473.3236
2017-02-24,3468.9588,3473.8517,3455.2514,3473.8517
2017-02-27,3471.1319,3472.8356,3441.3938,3446.2228
2017-02-28,3445.0274,3460.9089,3441.3589,3452.8103
2017-03-01,3452.2058,3472.6962,3449.109,3458.4376
2017-03-02,3463.4829,3468.471,3434.001,3435.0963
2017-03-03,3424.6627,3428.8824,3412.8312,3427.8628
2017-03-06,3427.2533,3449.0342,3425.9041,3446.484
2017-03-07,3446.1628,3454.0386,3440.0574,3453.9565
2017-03-08,3452.2006,3457.0351,3441.2575,3448.7313
2017-03-09,3442.8953,3443.0455,3414.6782,3426.9438
2017-03-10,3423.9776,3436.2388,3423.9369,3427.8916
2017-03-13,3425.6723,3458.098,3412.6879,3458.098
2017-03-14,3456.6584,3465.3915,3448.9034,3456.6934
2017-03-15,3452.2139,3463.9191,3445.2676,3463.6436
2017-03-16,3472.2694,3492.1267,3472.2694,3481.5066
2017-03-17,3485.3114,3488.4969,3441.4685,3445.8051
2017-03-20,3449.0515,3454.063,3429.8254,3449.6126
2017-03-21,3449.7696,3466.7026,3445.6416,3466.3468
2017-03-22,3450.7544,3464.3328,3433.4994,3450.0502
2017-03-23,3452.4056,3470.8164,3435.6912,3461.9782
2017-03-24,3464.1966,3499.3179,3461.1108,3489.5997
2017-03-27,3488.7647,3505.9789,3474.5206,3478.0385
2017-03-28,3480.249,3482.2923,3461.4678,3469.8093
2017-03-29,3472.9665,3483.0571,3455.5529,3465.1933
2017-03-30,3461.6159,3467.3049,3422.366,3436.758
2017-03-31,3434.8222,3456.3051,3430.8197,3456.0455
2017-04-05,3476.4231,3504.5379,3475.1486,3503.8932
2017-04-06,3507.9879,3517.7779,3495.7246,3514.0469
2017-04-07,3514.4521,3526.815,3506.3885,3517.4634
2017-04-10,3519.4597,3522.7955,3502.0826,3505.1392
2017-04-11,3503.8294,3520.1315,3466.139,3517.328
2017-04-12,3514.5723,3523.0975,3497.9991,3509.4387
2017-04-13,3500.2838,3518.4385,3496.5699,3514.5662
2017-04-14,3516.8103,3517.4664,3476.9468,3486.5045
2017-04-17,3475.7381,3480.5696,3453.6759,3479.9417
2017-04-18,3474.8892,3489.0845,3462.6297,3462.7429
2017-04-19,3452.9904,3459.3524,3418.514,3445.8761
2017-04-20,3444.5225,3465.6088,3440.7151,3461.5481
2017-04-21,3461.389,3475.5622,3449.5421,3466.7865
2017-04-24,3458.2279,3458.2279,3403.9792,3431.2587
2017-04-25,3427.7322,3449.6716,3422.6521,3440.9743
2017-04-26,3440.2526,3466.5651,3439.1505,3445.1832
2017-04-27,3435.1017,3449.2723,3399.5392,3446.7202
2017-04-28,3439.5735,3439.904,3417.2375,3439.753
2017-05-02,3427.9169,3436.3064,3418.6652,3426.5766
2017-05-03,3421.7586,3432.2248,3403.0782,3413.1282
2017-05-04,3404.9379,3421.3953,3391.277,3404.3864
2017-05-05,3393.4831,3395.4532,3366.5568,3382.5502
2017-05-08,3369.1084,3374.1571,3339.5743,3358.8125
2017-05-09,3342.5981,3358.0463,3327.5901,3352.5324
2017-05-10,3350.6502,3369.4345,3336.003,3337.7007
2017-05-11,3322.9455,3359.6003,3312.8921,3356.6459
2017-05-12,3350.9371,3387.2677,3349.1671,3385.3787
2017-05-15,3391.5881,3406.581,3391.5881,3399.1937
2017-05-16,3390.925,3428.8531,3373.552,3428.6491
2017-05-17,3423.19,3433.9695,3408.1541,3409.9656
2017-05-18,3387.6655,3409.9319,3383.935,3398.1127
2017-05-19,3395.2318,3405.9448,3392.3776,3403.8492
2017-05-22,3400.5882,3424.1776,3391.1748,3411.2387
2017-05-23,3405.0254,3434.7662,3401.5338,3424.194
2017-05-24,3409.7169,3424.1669,3383.8922,3424.1669
2017-05-25,3414.3992,3490.4176,3413.2246,3485.6581
2017-05-26,3479.6206,3498.3148,3473.04,3480.4345
2017-05-31,3495.073,3515.0812,3474.9215,3492.8845
2017-06-01,3485.2223,3499.8142,3476.4283,3497.7382
2017-06-02,3491.5893,3498.1189,3470.2017,3486.5074
2017-06-05,3480.1692,3484.1244,3462.3144,3468.7538
2017-06-06,3464.3765,3492.8816,3460.4534,3492.8816
2017-06-07,3493.8846,3537.0947,3491.1328,3533.8718
2017-06-08,3531.2419,3562.2724,3528.179,3560.9786
2017-06-09,3561.2411,3590.8872,3560.6336,3576.1703
2017-06-12,3570.2191,3603.6901,3565.9012,3574.3894
2017-06-13,3569.1594,3584.4094,3559.2134,3582.2674
2017-06-14,3571.2483,3571.2483,3530.274,3535.2987
2017-06-15,3530.7465,3542.2796,3508.9461,3528.7926
2017-06-16,3522.9745,3536.1401,3514.3892,3518.7611
2017-06-19,3520.0602,3554.91,3520.0602,3553.6653
2017-06-20,3560.7871,3563.6964,3539.5149,3546.494
2017-06-21,3567.1256,3587.9863,3545.5666,3587.955
2017-06-22,3583.5583,3635.5273,3581.3375,3590.3425
2017-06-23,3583.4359,3623.2352,3569.3225,3622.8831
2017-06-26,3627.0208,3671.9435,3627.0208,3668.0919
2017-06-27,3665.5775,3676.5328,3648.7635,3674.7152
2017-06-28,3664.1629,3672.1887,3644.0268,3646.1666
2017-06-29,3649.2525,3669.1345,3644.7331,3668.8279
2017-06-30,3654.7348,3669.7584,3646.2272,3666.7977
2017-07-03,3667.2316,3667.5957,3633.7825,3650.8463
2017-07-04,3646.828,3646.8455,3611.6911,3619.9841
2017-07-05,3611.8984,3660.7291,3610.4586,3659.6795
2017-07-06,3654.5576,3666.7745,3629.56,3660.0967
2017-07-07,3647.6416,3657.1131,3631.8702,3655.9293
2017-07-10,3647.9379,3667.8455,3641.5277,3653.6868
2017-07-11,3646.8783,3701.2087,3645.9946,3670.8086
2017-07-12,3672.6328,3691.5814,3640.5893,3658.8236
2017-07-13,3656.3502,3690.4832,3652.5658,3686.9205
2017-07-14,3682.6153,3703.094,3672.7425,3703.094
2017-07-17,3700.6179,3716.47,3621.3652,3663.5575
2017-07-18,3648.4942,3667.5408,3622.0414,3667.1807
2017-07-19,3660.8665,3731.0468,3658.2035,3729.7466
2017-07-20,3725.1436,3750.1938,3723.0689,3747.8843
2017-07-21,3738.1847,3751.6947,3722.0656,3728.5976
2017-07-24,3724.3778,3755.1902,3719.8488,3743.4686
2017-07-25,3742.6405,3752.1559,3713.2766,3719.559
2017-07-26,3722.8761,3738.5316,3684.1819,3705.3884
2017-07-27,3700.8558,3716.6888,3672.4971,3712.1947
2017-07-28,3703.4895,3725.5378,3696.7776,3721.8914
2017-07-31,3722.4282,3746.5207,3713.655,3737.8732
2017-08-01,3738.7364,3770.4043,3737.0954,3770.3828
2017-08-02,3768.1938,3784.3511,3759.2764,3760.8525
2017-08-03,3755.1081,3766.3452,3718.4351,3727.8264
2017-08-04,3724.7225,3738.7312,3707.003,3707.5796
2017-08-07,3701.2161,3730.7774,3689.9552,3726.7948
2017-08-08,3724.3287,3737.3344,3718.8116,3732.2129
2017-08-09,3728.0319,3738.999,3713.5668,3731.044
2017-08-10,3724.962,3746.8614,3688.1766,3715.9208
2017-08-11,3687.9314,3700.4944,3645.0945,3647.3503
2017-08-14,3651.3754,3698.3663,3651.3754,3694.6831
2017-08-15,3695.78,3719.2931,3692.2802,3706.0566
2017-08-16,3701.1337,3707.144,3679.7338,3701.4207
2017-08-17,3707.0668,3722.6239,3704.4126,3721.277
2017-08-18,3707.1891,3733.4914,3700.4112,3724.6748
2017-08-21,3731.8399,3744.2631,3728.6157,3740.9941
2017-08-22,3745.7543,3758.2924,3734.5556,3752.298
2017-08-23,3747.6108,3772.4568,3741.7204,3756.0884
2017-08-24,3755.8902,3765.7082,3729.0876,3734.6458
2017-08-25,3736.2916,3795.9693,3736.2916,3795.7544
2017-08-28,3805.6567,3866.9422,3805.6567,3842.7119
2017-08-29,3839.1779,3847.9303,3825.7597,3834.5376
2017-08-30,3834.2682,3854.7062,3827.8607,3834.3005
2017-08-31,3835.8394,3840.199,3800.8861,3822.0928
2017-09-01,3825.3392,3843.6176,3818.1586,3830.5383
2017-09-04,3828.5447,3847.0906,3813.5537,3845.6163
2017-09-05,3845.5451,3865.2938,3841.9514,3857.0464
2017-09-06,3846.7471,3858.2481,3831.3835,3849.4499
2017-09-07,3851.688,3858.1617,3828.835,3829.8713
2017-09-08,3830.0707,3843.0186,3813.9833,3825.9895
2017-09-11,3828.3422,3850.7409,3817.5108,3825.6453
2017-09-12,3832.2422,3849.3885,3822.0037,3837.9341
2017-09-13,3835.5493,3847.7841,3822.9441,3842.6061
2017-09-14,3843.572,3854.4931,3820.0876,3829.9554
2017-09-15,3826.1448,3843.297,3818.5234,3831.2965
2017-09-18,3832.9626,3862.3589,3832.9626,3843.1428
2017-09-19,3849.8794,3857.303,3820.2885,3832.1161
2017-09-20,3830.1549,3850.9426,3827.8858,3842.4353
2017-09-21,3843.2577,3860.7977,3837.384,3837.8176
2017-09-22,3826.4589,3842.252,3816.8225,3837.7304
2017-09-25,3829.219,3835.3894,3811.1192,3817.7915
2017-09-26,3810.3333,3821.6928,3808.3827,3820.7816
2017-09-27,3818.9646,3832.566,3818.8147,3821.2
2017-09-28,3821.5904,3827.3308,3813.7532,3822.5386
2017-09-29,3825.2021,3852.2236,3825.2021,3836.5013
2017-10-09,3910.1149,3918.8391,3876.0322,3882.2076
2017-10-10,3883.0037,3900.7418,3855.4666,3889.8637
2017-10-11,3886.8184,3913.0695,3885.497,3902.6868
2017-10-12,3902.0156,3917.4435,3897.5472,3912.9536
2017-10-13,3912.975,3927.1744,3908.8885,3921.0017
2017-10-16,3926.2754,3947.4239,3913.3224,3913.4462
2017-10-17,3910.7894,3924.6141,3900.4758,3913.0688
2017-10-18,3914.8152,3944.4106,3914.8152,3944.1626
2017-10-19,3940.5831,3944.0349,3923.6455,3931.2495
2017-10-20,3918.5265,3928.9607,3910.1974,3926.852
2017-10-23,3930.8914,3936.2729,3920.6562,3930.7981
2017-10-24,3926.2299,3959.4951,3922.0288,3959.3953
2017-10-25,3958.1669,3978.0893,3954.0011,3976.949
2017-10-26,3980.0479,4013.5988,3973.5535,3993.5752
2017-10-27,3992.5539,4024.4645,3991.354,4021.9676
2017-10-30,4022.1641,4033.3394,3960.2698,4009.7218
2017-10-31,3995.3935,4009.2828,3983.2565,4006.7179
2017-11-01,4007.9116,4032.4581,3991.3235,3996.6221
2017-11-02,3994.0946,3999.2262,3971.3761,3997.1343
2017-11-03,3992.3496,3999.3373,3963.0263,3992.6979
2017-11-06,3989.1824,4021.6382,3975.4069,4020.8896
2017-11-07,4022.4018,4064.2178,4021.3639,4054.2465
2017-11-08,4051.4935,4089.1457,4040.5772,4048.0057
2017-11-09,4043.0663,4076.6102,4038.4004,4075.8998
2017-11-10,4070.2763,4116.7142,4067.657,4111.9112
2017-11-13,4115.5507,4137.6455,4115.5507,4128.0733
2017-11-14,4129.2736,4133.5462,4086.8903,4099.351
2017-11-15,4084.2131,4102.8071,4055.7167,4073.6696
2017-11-16,4063.4943,4107.617,4062.2734,4105.0122
2017-11-17,4094.0787,4122.3756,4081.3723,4120.8508
2017-11-20,4093.734,4144.5144,4060.9636,4143.8334
2017-11-21,4131.8482,4220.2636,4129.9783,4217.7015
2017-11-22,4228.3721,4260.6395,4191.145,4227.5666
2017-11-23,4213.3781,4214.1895,4086.9018,4102.3966
2017-11-24,4089.4723,4116.5942,4057.4894,4104.2034
2017-11-27,4088.9318,4088.9318,4037.1457,4049.9475
2017-11-28,4034.2057,4056.4753,4010.2955,4055.8235
2017-11-29,4061.3545,4069.2418,4004.687,4053.7529
2017-11-30,4034.0091,4052.797,3988.0018,4006.0993
2017-12-01,4003.5604,4027.1064,3984.3776,3998.1365
2017-12-04,3989.0466,4032.9859,3982.3182,4018.8571
2017-12-05,4007.9361,4045.9331,4006.5432,4040.1704
2017-12-06,4027.1231,4031.7533,3964.8087,4015.8211
2017-12-07,4003.5826,4017.9465,3955.9939,3971.0569
2017-12-08,3962.8288,4014.1387,3955.44,4003.3792
2017-12-11,4006.8784,4069.4997,4005.2687,4069.4997
2017-12-12,4068.5053,4070.1503,4015.4546,4016.0163
2017-12-13,4013.8319,4052.6878,4004.7436,4050.0927
2017-12-14,4050.9028,4057.6245,4013.8546,4026.1516
2017-12-15,4018.7313,4020.2668,3974.9277,3980.8558
2017-12-18,3983.2965,4008.0688,3967.9343,3985.2914
2017-12-19,3985.8233,4035.6296,3985.8233,4035.3294
2017-12-20,4036.019,4044.8485,4015.6285,4030.4898
2017-12-21,4023.076,4080.781,4014.6526,4067.8485
2017-12-22,4064.9131,4076.8028,4048.4913,4054.5984
2017-12-25,4057.4173,4086.9342,4026.4496,4041.5401
2017-12-26,4040.6173,4056.8554,4015.2996,4053.6224
2017-12-27,4045.2793,4047.7366,3986.7385,3991.2075
2017-12-28,3992.997,4036.6975,3980.2358,4018.8974
2017-12-29,4022.8826,4043.14,4012.8749,4030.8549
2018-01-02,4045.2086,4087.7789,4045.2086,4087.4012
2018-01-03,4091.4607,4140.0543,4088.7302,4111.3925
2018-01-04,4114.1213,4137.642,4105.8858,4128.8119
2018-01-05,4133.3439,4151.2818,4123.2817,4138.7505
2018-01-08,4140.8545,4166.3182,4127.3081,4160.1595
2018-01-09,4157.5394,4191.2843,4153.5021,4189.2977
2018-01-10,4187.2044,4211.0549,4175.1355,4207.8132
2018-01-11,4197.1136,4211.799,4181.9572,4205.5863
2018-01-12,4205.1444,4227.3923,4199.0251,4225.001
2018-01-15,4229.8357,4262.9314,4216.3585,4225.2393
2018-01-16,4215.6247,4260.2118,4213.1275,4258.473
2018-01-17,4261.7833,4283.3449,4230.5367,4248.1164
2018-01-18,4259.375,4292.6372,4246.684,4271.4168
2018-01-19,4281.9371,4316.5714,4269.6167,4285.395
2018-01-22,4276.4811,4338.4832,4275.8977,4336.5974
2018-01-23,4346.8885,4383.5722,4346.7925,4382.6129
2018-01-24,4389.4547,4397.8196,4349.0865,4389.8853
2018-01-25,4381.9768,4392.1963,4336.2386,4365.0794
2018-01-26,4352.2211,4403.3375,4351.4871,4381.2996
2018-01-29,4387.0577,4395.9053,4287.1124,4302.0181
2018-01-30,4286.6834,4308.5115,4251.5706,4256.1021
2018-01-31,4234.1101,4287.8576,4232.7727,4275.8986
2018-02-01,4276.3425,4287.3888,4214.2909,4245.8978
2018-02-02,4213.9386,4271.7647,4181.7793,4271.2326
2018-02-05,4204.458,4274.1464,4200.1409,4274.1464
2018-02-06,4182.3257,4211.5234,4131.5562,4148.8856
2018-02-07,4205.7365,4212.5677,4048.4228,4050.4972
2018-02-08,4022.8802,4071.6653,3974.6779,4012.0472
2018-02-09,3896.1691,3911.2917,3759.1463,3840.6527
2018-02-12,3846.2671,3907.843,3828.0697,3890.1046
2018-02-13,3925.5955,3986.9807,3925.5955,3935.6324
2018-02-14,3945.0943,3971.4041,3923.1267,3966.9614
2018-02-22,4020.9731,4058.7878,4009.9202,4052.7332
2018-02-23,4061.7545,4085.2008,4035.2319,4071.0889
2018-02-26,4093.3988,4128.7435,4048.9834,4118.4186
2018-02-27,4120.8712,4120.8712,4051.8054,4058.9806
2018-02-28,4016.7911,4051.7124,3991.7063,4023.6415
2018-03-01,3994.8686,4061.0328,3986.8947,4049.0863
2018-03-02,4014.951,4044.4183,4006.9435,4016.461
2018-03-05,4021.6575,4042.8346,3995.8715,4018.097
2018-03-06,4034.9854,4067.5525,3998.9317,4066.5647
2018-03-07,4063.5028,4089.6964,4027.9363,4036.6536
2018-03-08,4038.9527,4078.2263,4029.7144,4077.6001
2018-03-09,4088.0704,4110.6738,4076.4537,4108.8652
2018-03-12,4130.7082,4139.5259,4112.7658,4127.6662
2018-03-13,4124.3312,4130.2829,4087.5629,4091.2533
2018-03-14,4076.0626,4089.0942,4066.4896,4073.3447
2018-03-15,4058.7058,4098.989,4058.7058,4096.1627
2018-03-16,4096.8857,4110.0451,4055.822,4056.4226
2018-03-19,4054.6167,4074.518,4033.5216,4074.2479
2018-03-20,4045.7428,4080.1925,4040.308,4077.7041
2018-03-21,4097.0243,4110.1158,4046.2408,4061.0502
2018-03-22,4062.0668,4072.3771,4003.721,4020.349
2018-03-23,3896.7359,3928.5114,3834.9373,3904.9355
2018-03-26,3862.6948,3883.901,3829.9155,3879.893
2018-03-27,3927.492,3936.778,3881.8726,3913.2689
2018-03-28,3865.0454,3907.2811,3835.8825,3842.7155
2018-03-29,3854.5914,3913.9578,3794.2617,3894.0498
2018-03-30,3893.7468,3915.3473,3879.2128,3898.4977
2018-04-02,3897.0052,3937.0183,3882.8856,3886.9189
2018-04-03,3850.1546,3878.1504,3839.9333,3862.4796
2018-04-04,3873.6267,3898.6126,3852.4958,3854.8625
2018-04-09,3851.9548,3870.6736,3827.4133,3852.9292
2018-04-10,3860.7225,3927.4247,3851.7957,3927.1729
2018-04-11,3934.1698,3958.7071,3924.9603,3938.3434
2018-04-12,3935.673,3937.7837,3896.1789,3898.6354
2018-04-13,3920.7375,3929.952,3866.186,3871.1443
2018-04-16,3862.4738,3869.156,3789.6121,3808.863
2018-04-17,3812.8746,3822.6264,3745.4442,3748.6412
2018-04-18,3785.3059,3789.6591,3708.1068,3766.282
2018-04-19,3774.784,3824.0321,3767.7974,3811.843
2018-04-20,3801.2075,3815.444,3750.1033,3760.8543
2018-04-23,3754.6896,3787.3951,3735.1842,3766.3257
2018-04-24,3769.8787,3854.4292,3769.8787,3843.4886
2018-04-25,3824.5929,3838.6921,3817.032,3828.7015
2018-04-26,3823.3921,3828.7129,3744.8852,3755.4941
2018-04-27,3771.0369,3776.9751,3714.6444,3756.8765
2018-05-02,3769.9251,3787.3025,3744.5475,3763.6461
2018-05-03,3756.1657,3797.5269,3732.3718,3793.0001
2018-05-04,3784.3161,3801.5243,3770.9389,3774.5981
2018-05-07,3782.5404,3834.5872,3776.0296,3834.1877
2018-05-08,3834.6141,3892.0732,3833.729,3878.6767
2018-05-09,3876.1296,3878.9382,3855.7392,3871.6152
2018-05-10,3882.8357,3894.4902,3867.3084,3893.0565
2018-05-11,3902.1481,3903.3378,3871.9523,3872.8383
2018-05-14,3886.8736,3919.2999,3886.8736,3909.2933
2018-05-15,3920.1395,3924.3427,3892.9198,3924.0975
2018-05-16,3909.8183,3923.3433,3889.1877,3892.8442
2018-05-17,3895.4895,3899.5137,3858.8525,3864.0507
2018-05-18,3860.1644,3903.0637,3841.896,3903.0637
2018-05-21,3925.5394,3937.4607,3913.6046,3921.2421
2018-05-22,3918.8153,3918.8153,3881.169,3906.2081
2018-05-23,3898.2683,3898.2683,3854.5825,3854.5825
2018-05-24,3853.2916,3859.1034,3823.9235,3827.217
2018-05-25,3823.7448,3841.1244,3804.1349,3816.498
2018-05-28,3816.2649,3846.5525,3799.3207,3833.2599
2018-05-29,3824.1909,3841.7794,3800.6749,3804.0093
2018-05-30,3755.1764,3767.8872,3722.0719,3723.3724
2018-05-31,3749.2954,3804.7919,3742.5287,3802.3759
2018-06-01,3789.6716,3802.5366,3753.8395,3770.5891
2018-06-04,3785.1869,3813.4065,3776.6185,3807.5781
2018-06-05,3811.2852,3845.5648,3800.9256,3845.3164
2018-06-06,3839.683,3848.3295,3830.8956,3837.3511
2018-06-07,3846.9367,3859.8476,3827.6874,3831.0128
2018-06-08,3819.4477,3819.4607,3759.2717,3779.6159
2018-06-11,3770.208,3792.548,3756.5148,3779.9818
2018-06-12,3783.1858,3830.471,3765.2644,3825.9534
2018-06-13,3814.6174,3817.4528,3782.0728,3788.3391
2018-06-14,3774.6396,3808.1616,3759.2484,3773.3655
2018-06-15,3763.0405,3780.3368,3737.4282,3753.4338
2018-06-19,3702.6681,3712.8162,3583.0208,3621.1166
2018-06-20,3602.5512,3649.3359,3578.1743,3635.4436
2018-06-21,3633.5558,3673.5625,3589.4899,3592.965
2018-06-22,3567.8939,3609.0751,3542.4564,3608.9046
2018-06-25,3625.7984,3631.0253,3559.0343,3560.4777
2018-06-26,3521.5876,3541.782,3478.2134,3531.1112
2018-06-27,3525.1323,3537.6569,3441.785,3459.2621
2018-06-28,3434.9441,3477.0565,3416.9476,3423.5255
2018-06-29,3431.9619,3512.3834,3425.2159,3510.9845
2018-07-02,3504.4571,3506.8996,3383.5006,3407.9638
2018-07-03,3410.4767,3422.0398,3319.2889,3409.2801
2018-07-04,3398.7788,3418.3311,3359.0861,3363.7473
2018-07-05,3365.5547,3398.4852,3330.7113,3342.4379
2018-07-06,3347.0624,3396.2458,3295.7296,3365.1227
2018-07-09,3378.9056,3459.3153,3378.9056,3459.1837
2018-07-10,3464.9064,3474.1396,3437.2706,3467.5155
2018-07-11,3398.9265,3427.5705,3375.1441,3407.5297
2018-07-12,3403.3302,3499.097,3403.3302,3481.0559
2018-07-13,3488.4966,3499.7643,3474.9123,3492.6897
2018-07-16,3488.967,3506.2355,3459.7312,3472.0859
2018-07-17,3466.4236,3467.1852,3420.9714,3449.3773
2018-07-18,3456.6065,3479.2635,3430.1563,3431.3227
2018-07-19,3444.8032,3466.5056,3417.9627,3428.343
2018-07-20,3426.4558,3505.928,3398.9532,3492.8938
2018-07-23,3471.8555,3527.5335,3464.6475,3525.7503
2018-07-24,3530.6641,3596.5128,3530.6641,3581.7057
2018-07-25,3589.5055,3589.9841,3566.314,3577.7522
2018-07-26,3583.3173,3593.9227,3528.6442,3536.2456
2018-07-27,3533.7714,3545.4058,3512.7034,3521.2269
2018-07-30,3520.8538,3550.902,3489.5494,3515.0794
2018-07-31,3510.4744,3528.154,3493.1545,3517.6568
2018-08-01,3530.0298,3543.606,3446.7765,3447.3882
2018-08-02,3434.3516,3434.3516,3322.096,3370.9579
2018-08-03,3366.6637,3381.3417,3315.2008,3315.2839
2018-08-06,3312.8153,3344.246,3257.6856,3273.2728
2018-08-07,3284.9785,3368.962,3263.4986,3368.8695
2018-08-08,3362.1485,3368.1602,3311.7694,3314.5075
2018-08-09,3303.4765,3408.3911,3299.6157,3397.5298
2018-08-10,3398.4139,3424.0411,3380.5731,3405.0191
2018-08-13,3369.9812,3396.1883,3336.6956,3390.3441
2018-08-14,3386.4832,3391.729,3356.6142,3372.9137
2018-08-15,3371.959,3372.1369,3288.7088,3291.976
2018-08-16,3251.8556,3315.2031,3231.5561,3276.7276
2018-08-17,3305.8954,3311.5729,3224.0999,3229.6198
2018-08-20,3238.215,3267.2498,3209.0115,3267.2498
2018-08-21,3271.8402,3331.7077,3270.0302,3326.6489
2018-08-22,3328.9693,3328.9693,3299.3938,3307.9545
2018-08-23,3308.4589,3336.1123,3285.8141,3320.0257
2018-08-24,3308.4778,3353.0445,3291.8654,3325.3347
2018-08-27,3339.3894,3406.5735,3339.2646,3406.5735
2018-08-28,3408.1502,3416.5929,3388.8143,3400.1705
2018-08-29,3393.0527,3398.7139,3377.1231,3386.5736
2018-08-30,3385.8052,3402.5626,3349.4688,3351.0942
2018-08-31,3333.3801,3356.5757,3310.8726,3334.5036
2018-09-03,3320.6898,3325.607,3291.7842,3321.8248
2018-09-04,3324.186,3370.963,3307.9585,3363.8984
2018-09-05,3349.6983,3354.1991,3298.1412,3298.1412
2018-09-06,3286.6645,3311.4973,3253.7552,3262.8808
2018-09-07,3273.8906,3316.6149,3253.725,3277.6438
2018-09-10,3271.3818,3277.884,3227.8481,3230.0681
2018-09-11,3229.7052,3245.617,3209.1121,3224.2116
2018-09-12,3216.9911,3225.6014,3194.9785,3202.0248
2018-09-13,3239.6852,3249.593,3191.3975,3236.5662
2018-09-14,3242.8307,3254.1043,3227.9439,3242.0902
2018-09-17,3224.9267,3230.7878,3200.5096,3204.9224
2018-09-18,3193.6423,3270.107,3193.6423,3269.4319
2018-09-19,3261.997,3335.9913,3258.3097,3312.4823
2018-09-20,3314.8758,3332.3093,3303.073,3310.1258
2018-09-21,3320.6958,3410.4856,3307.767,3410.4856
2018-09-25,3375.9717,3394.3771,3367.0253,3379.8043
2018-09-26,3388.5576,3448.2595,3383.2352,3417.2413
2018-09-27,3415.9532,3423.71,3394.732,3403.5902
2018-09-28,3409.9598,3444.9884,3404.6973,3438.8649
2018-10-08,3361.5594,3364.4641,3285.253,3290.8988
2018-10-09,3290.1705,3309.7978,3276.1322,3288.6906
2018-10-10,3295.4288,3315.731,3256.5815,3281.5978
2018-10-11,3179.5408,3209.5202,3099.0402,3124.1139
2018-10-12,3123.3715,3184.122,3094.9657,3170.7262
2018-10-15,3173.8467,3183.1297,3120.2306,3126.4516
2018-10-16,3128.5764,3166.0918,3089.3668,3100.9738
2018-10-17,3140.6838,3149.1344,3062.554,3118.2463
2018-10-18,3097.7903,3097.7903,3043.3817,3044.3918
2018-10-19,3017.7488,3137.7475,3009.4983,3134.9455
2018-10-22,3159.5614,3297.3803,3159.5614,3270.2732
2018-10-23,3273.1271,3276.0205,3163.5704,3183.4257
2018-10-24,3169.4571,3245.3971,3164.293,3188.2018
2018-10-25,3107.8402,3197.3212,3099.8887,3194.3084
2018-10-26,3204.2845,3218.1021,3151.9244,3173.635
2018-10-29,3157.4879,3158.8114,3062.5803,3076.8889
2018-10-30,3061.93,3146.6276,3050.7709,3110.2605
2018-10-31,3116.6582,3168.9187,3106.0279,3153.8234
2018-11-01,3185.202,3217.8034,3173.0992,3177.0338
2018-11-02,3258.6093,3290.2455,3222.4354,3290.2455
2018-11-05,3269.4695,3279.8781,3230.3632,3262.8351
2018-11-06,3254.9778,3254.9778,3213.895,3243.1504
2018-11-07,3243.8775,3270.5003,3218.4219,3221.9101
2018-11-08,3251.7281,3253.5735,3207.7084,3212.7737
2018-11-09,3193.3039,3193.3039,3166.3106,3167.4442
2018-11-12,3160.2465,3206.5127,3152.4399,3205.1407
2018-11-13,3164.9222,3254.7684,3161.0979,3237.3823
2018-11-14,3233.6409,3239.2448,3200.2285,3204.9427
2018-11-15,3201.2814,3242.3836,3198.7814,3242.3715
2018-11-16,3242.879,3282.39,3223.7215,3257.6735
2018-11-19,3258.7919,3294.6031,3251.0665,3294.6031
2018-11-20,3268.0768,3278.7845,3213.6833,3218.4076
2018-11-21,3187.1025,3230.2578,3185.2393,3226.4918
2018-11-22,3232.9731,3235.4524,3199.6981,3214.4273
2018-11-23,3208.593,3212.1952,3139.3857,3143.4752
2018-11-26,3148.6721,3169.4418,3131.636,3141.2434
2018-11-27,3152.7743,3162.0121,3126.289,3137.2413
2018-11-28,3137.7477,3179.4108,3126.6179,3178.9326
2018-11-29,3198.8259,3204.8565,3137.6542,3137.6542
2018-11-30,3136.1962,3175.154,3132.423,3172.69
2018-12-03,3260.6862,3273.6397,3228.3611,3260.9502
2018-12-04,3256.2282,3267.94,3243.6951,3267.7095
2018-12-05,3224.2556,3266.9039,3219.9785,3252.0041
2018-12-06,3218.113,3223.5219,3179.8948,3181.673
2018-12-07,3187.4919,3193.8191,3176.7061,3181.5646
2018-12-10,3153.5228,3170.1523,3134.3845,3144.7631
2018-12-11,3148.2256,3161.9557,3143.6072,3159.8158
2018-12-12,3181.566,3182.2107,3160.2784,3170.6092
2018-12-13,3178.891,3234.0817,3169.4234,3219.6924
2018-12-14,3207.3481,3210.7221,3165.9109,3165.9109
2018-12-17,3158.2844,3167.5125,3134.3653,3161.1966
2018-12-18,3139.9493,3165.0018,3114.4684,3128.4265
2018-12-19,3133.7416,3137.0099,3086.7579,3091.1255
2018-12-20,3083.5441,3097.7202,3044.2929,3067.4169
2018-12-21,3055.3258,3057.4007,3007.6096,3029.3951
2018-12-24,3015.4974,3040.3524,3007.3292,3038.1981
2018-12-25,3006.8787,3030.1418,2964.875,3017.2815
2018-12-26,3012.869,3029.0608,2996.4829,3002.0327
2018-12-27,3042.9491,3047.2348,2990.5057,2990.5057
2018-12-28,2994.795,3024.3525,2984.8177,3010.6536
2019-01-02,3017.0674,3018.7759,2958.4883,2969.5353
2019-01-03,2963.0186,3000.4413,2953.2548,2964.8421
2019-01-04,2940.1916,3036.8147,2935.8295,3035.8741
2019-01-07,3055.1535,3061.749,3035.9123,3054.303
2019-01-08,3049.8747,3055.51,3038.5339,3047.7035
2019-01-09,3065.2307,3117.9614,3062.8474,3078.4759
2019-01-10,3077.4817,3092.5411,3062.5721,3072.6864
2019-01-11,3082.2615,3102.8333,3071.0264,3094.7782
2019-01-14,3092.4984,3097.4064,3064.3827,3067.7845
2019-01-15,3071.5185,3129.3708,3064.6705,3127.9904
2019-01-16,3126.1347,3135.0117,3117.2926,3128.6517
2019-01-17,3132.6285,3141.7099,3110.0608,3111.4168
2019-01-18,3124.5025,3171.6864,3120.3458,3168.1739
2019-01-21,3170.8773,3199.2134,3170.8773,3185.6364
2019-01-22,3181.9494,3181.9494,3135.3378,3143.3171
2019-01-23,3136.096,3157.6269,3131.8673,3141.0532
2019-01-24,3146.6046,3165.6296,3125.3008,3158.7817
2019-01-25,3165.1814,3203.1747,3164.4082,3184.4696
2019-01-28,3203.1189,3228.8678,3174.7243,3183.7777
2019-01-29,3177.261,3200.9898,3148.2345,3193.9698
2019-01-30,3181.6551,3202.896,3167.8934,3168.4829
2019-01-31,3182.6987,3216.0673,3178.0105,3201.6331
2019-02-01,3225.7335,3247.4956,3207.7168,3247.3971
2019-02-11,3239.8079,3307.0638,3239.8079,3306.4725
2019-02-12,3306.3523,3335.3606,3298.6337,3330.3353
2019-02-13,3337.7794,3405.5773,3329.1436,3397.0276
2019-02-14,3392.8547,3415.3994,3381.9821,3402.1403
2019-02-15,3391.242,3395.0294,3335.8705,3338.7047
2019-02-18,3366.423,3445.7448,3366.423,3445.7448
2019-02-19,3454.7216,3480.7938,3419.0731,3439.6078
2019-02-20,3449.9321,3463.7735,3421.505,3451.9273
2019-02-21,3450.1411,3500.2519,3431.631,3442.7056
2019-02-22,3439.3781,3520.1182,3417.9784,3520.1182
2019-02-25,3575.8528,3729.4831,3574.6885,3729.4831
2019-02-26,3734.7059,3762.1128,3679.2705,3684.6935
2019-02-27,3682.8116,3737.6317,3638.3334,3678.3921
2019-02-28,3675.2642,3695.4646,3650.0537,3669.3703
2019-03-01,3699.2157,3749.7143,3668.7653,3749.7143
2019-03-04,3783.0367,3886.5797,3764.7764,3794.104
2019-03-05,3785.3762,3816.1621,3770.7858,3816.0132
2019-03-06,3822.8588,3855.1556,3787.5225,3848.0903
2019-03-07,3841.1456,3845.182,3778.8004,3808.8497
2019-03-08,3721.4016,3774.5431,3656.1917,3657.579
2019-03-11,3663.9772,3731.9091,3650.8125,3729.9546
2019-03-12,3758.3151,3804.72,3723.6785,3755.3519
2019-03-13,3758.713,3763.0926,3708.8145,3724.1941
2019-03-14,3710.2934,3747.819,3673.8509,3698.4858
2019-03-15,3713.936,3782.2364,3713.936,3745.005
2019-03-18,3753.6436,3851.7479,3733.6781,3851.7479
2019-03-19,3856.5885,3868.335,3815.2187,3833.9626
2019-03-20,3825.3356,3855.1465,3790.5119,3835.4397
2019-03-21,3840.2783,3864.0696,3823.4661,3836.8913
2019-03-22,3838.1255,3845.5808,3786.5917,3833.8013
2019-03-25,3776.4426,3807.1793,3741.6062,3742.8252
2019-03-26,3766.5287,3770.843,3687.5472,3700.4388
2019-03-27,3724.4058,3750.2642,3703.4508,3743.3878
2019-03-28,3731.0612,3755.716,3710.0814,3728.3953
2019-03-29,3739.7739,3876.379,3739.7739,3872.3412
2019-04-01,3901.1698,3982.9091,3901.1698,3973.928
2019-04-02,3986.3443,3988.0975,3956.5059,3971.2852
2019-04-03,3947.8697,4026.4972,3939.7837,4022.1566
2019-04-04,4039.7415,4072.1138,4021.7055,4062.2309
2019-04-08,4097.1027,4122.6034,4017.4887,4057.2286
2019-04-09,4063.8139,4084.243,4038.2825,4075.4301
2019-04-10,4062.4425,4115.378,4035.4741,4085.847
2019-04-11,4083.4618,4097.1249,3990.239,3997.5778
2019-04-12,3986.7822,4006.9335,3961.464,3988.6168
2019-04-15,4056.4919,4085.3882,3974.2264,3975.5244
2019-04-16,3958.0963,4085.7891,3943.4879,4085.7891
2019-04-17,4080.7172,4106.6158,4057.5032,4087.2398
2019-04-18,4085.1148,4094.0533,4056.2356,4072.0753
2019-04-19,4076.2953,4120.6356,4046.2042,4120.6078
2019-04-22,4125.9717,4126.0907,4015.4748,4025.6109
2019-04-23,4021.6277,4061.0858,4005.2832,4019.0053
2019-04-24,4033.6292,4044.3375,3967.8058,4030.0887
2019-04-25,4013.6027,4022.5631,3938.3251,3941.816
2019-04-26,3921.8909,3943.8331,3887.2525,3889.2748
2019-04-29,3896.5824,3953.2288,3875.452,3900.3339
2019-04-30,3887.1799,3923.1082,3885.147,3913.211
2019-05-06,3775.0765,3791.6119,3647.1405,3684.6168
2019-05-07,3702.2656,3738.1767,3671.8341,3720.6684
2019-05-08,3648.5489,3722.9325,3642.4981,3667.4574
2019-05-09,3637.346,3656.8966,3584.8227,3599.7001
2019-05-10,3643.0557,3732.9238,3589.2906,3730.4513
2019-05-13,3675.7597,3702.9012,3658.0004,3668.7255
2019-05-14,3630.4388,3683.2619,3630.4388,3645.1503
2019-05-15,3674.9931,3741.0406,3674.9931,3727.0923
2019-05-16,3720.039,3745.1405,3707.9032,3743.9635
2019-05-17,3744.8751,3745.3555,3637.5826,3648.7609
2019-05-20,3635.7357,3644.5,3583.8324,3617.7924
2019-05-21,3619.4369,3690.0884,3610.6817,3666.7762
2019-05-22,3663.1533,3679.2727,3634.7479,3649.3796
2019-05-23,3629.5284,3631.4743,3578.1129,3583.9646
2019-05-24,3584.9016,3623.3904,3580.7853,3593.9139
2019-05-27,3592.6027,3648.0267,3556.2567,3637.1971
2019-05-28,3633.0182,3683.2306,3627.7878,3672.2605
2019-05-29,3642.5415,3693.2273,3637.3481,3663.909
2019-05-30,3648.8495,3650.9718,3612.6248,3641.1833
2019-05-31,3640.9963,3668.1796,3627.5448,3629.7893
2019-06-03,3640.6126,3672.8136,3613.1274,3632.0127
2019-06-04,3632.5602,3636.128,3584.4612,3598.4666
2019-06-05,3627.7947,3634.4536,3593.9515,3597.105
2019-06-06,3601.0356,3601.0356,3557.0167,3564.6778
2019-06-10,3578.0084,3623.7301,3568.2787,3610.7435
2019-06-11,3617.5239,3723.1419,3617.5239,3719.2759
2019-06-12,3706.8635,3711.8793,3683.9394,3691.0957
2019-06-13,3689.5834,3697.5917,3654.2742,3685.3933
2019-06-14,3690.4763,3709.6521,3650.9096,3654.8799
2019-06-17,3654.4433,3683.7743,3645.4982,3654.8248
2019-06-18,3661.1299,3675.6452,3638.78,3667.6185
2019-06-19,3761.3381,3771.347,3715.1331,3715.9381
2019-06-20,3718.9416,3845.7912,3717.1857,3828.5183
2019-06-21,3832.7321,3856.0856,3817.3068,3833.9383
2019-06-24,3836.3051,3853.5452,3819.7692,3841.2659
2019-06-25,3837.4259,3838.0578,3755.0099,3801.3098
2019-06-26,3779.5125,3809.758,3771.7164,3794.331
2019-06-27,3807.5376,3854.0801,3805.8328,3834.8172
2019-06-28,3832.0599,3835.2326,3803.0546,3825.5873
2019-07-01,3899.3313,3936.668,3886.909,3935.8116
2019-07-02,3931.0486,3942.4257,3918.9378,3937.1691
2019-07-03,3927.4365,3927.4365,3878.8405,3893.5341
2019-07-04,3895.1978,3906.8894,3854.693,3873.1019
2019-07-05,3875.3736,3900.3095,3857.928,3893.2025
2019-07-08,3875.7547,3875.7547,3775.0259,3802.7897
2019-07-09,3798.0954,3811.0993,3774.7641,3793.1297
2019-07-10,3807.9497,3810.396,3774.2304,3786.739
2019-07-11,3806.1855,3830.7387,3774.4137,3785.221
2019-07-12,3783.0733,3820.2354,3774.5224,3808.7311
2019-07-15,3792.6409,3844.8683,3745.8549,3824.1878
2019-07-16,3819.2474,3828.3256,3799.8665,3806.8449
2019-07-17,3800.1064,3820.2713,3787.8973,3804.6384
2019-07-18,3793.1893,3793.3916,3767.9958,3768.4019
2019-07-19,3787.5079,3828.1514,3787.5079,3807.9551
2019-07-22,3813.5022,3816.5387,3765.4428,3781.6832
2019-07-23,3783.5411,3792.9647,3768.7614,3789.9135
2019-07-24,3803.5867,3840.0579,3803.5738,3819.8325
2019-07-25,3821.3898,3851.0665,3812.9532,3851.0665
2019-07-26,3835.2281,3863.5878,3832.5223,3858.5688
2019-07-29,3857.9394,3862.7467,3842.426,3854.2704
2019-07-30,3861.5698,3890.7298,3861.5698,3870.3176
2019-07-31,3856.745,3856.745,3830.0914,3835.3589
2019-08-01,3819.3242,3831.2641,3791.546,3803.4694
2019-08-02,3729.1309,3754.5326,3720.0584,3747.4379
2019-08-05,3724.4097,3739.5031,3675.6884,3675.6884
2019-08-06,3609.1118,3649.8953,3575.8626,3636.3289
2019-08-07,3654.6323,3659.0778,3621.431,3621.431
2019-08-08,3651.3571,3675.4603,3646.9386,3669.2936
2019-08-09,3686.7493,3689.1774,3628.1163,3633.5296
2019-08-12,3647.8661,3699.1047,3643.3161,3699.1047
2019-08-13,3675.5868,3686.4302,3658.0126,3665.7515
2019-08-14,3712.0657,3717.5579,3680.6086,3682.4015
2019-08-15,3618.0092,3694.2985,3612.1108,3694.0006
2019-08-16,3697.9407,3738.0964,3687.0751,3710.5386
2019-08-19,3736.0344,3791.0946,3720.6894,3791.0946
2019-08-20,3786.026,3799.8977,3778.7306,3787.7324
2019-08-21,3778.3091,3792.5955,3775.4474,3781.7579
2019-08-22,3793.8552,3797.329,3771.2048,3793.5061
2019-08-23,3796.8821,3829.3607,3788.0345,3820.8638
2019-08-26,3756.3618,3778.8665,3753.1646,3765.9105
2019-08-27,3791.4587,3848.2358,3790.873,3816.9459
2019-08-28,3818.8125,3822.5883,3790.1384,3802.5844
2019-08-29,3805.494,3808.5954,3774.3968,3790.1867
2019-08-30,3816.678,3828.9698,3778.9189,3799.5863
2019-09-02,3803.689,3855.7768,3799.8166,3848.3198
2019-09-03,3852.5794,3856.6813,3833.7571,3853.6106
2019-09-04,3848.6483,3886.0012,3846.4215,3886.0012
2019-09-05,3909.2087,3970.0038,3909.2087,3925.323
2019-09-06,3946.6854,3948.5397,3922.3361,3948.5075
2019-09-09,3980.9577,3985.239,3954.8755,3972.9484
2019-09-10,3976.8697,3976.9225,3938.7441,3959.265
2019-09-11,3969.6757,3971.2237,3922.9531,3930.0999
2019-09-12,3944.6917,3975.9311,3933.4366,3972.3799
2019-09-16,3981.3616,3982.204,3943.3734,3957.7154
2019-09-17,3947.1577,3947.1577,3879.4852,3891.2208
2019-09-18,3902.9947,3923.1462,3902.5109,3910.0837
2019-09-19,3923.9631,3924.3823,3897.0666,3924.3823
2019-09-20,3933.4594,3942.224,3921.4124,3935.6511
2019-09-23,3925.1858,3925.1858,3868.214,3890.6616
2019-09-24,3895.8661,3927.0115,3886.1404,3901.0758
2019-09-25,3887.5548,3889.839,3867.2277,3870.9837
2019-09-26,3884.7022,3890.7452,3840.2472,3841.1388
2019-09-27,3843.4584,3859.5003,3832.2466,3852.6534
2019-09-30,3842.0741,3857.2319,3813.5491,3814.5282
2019-10-08,3818.5894,3861.6429,3818.5894,3837.6791
2019-10-09,3822.6068,3845.3403,3805.0671,3843.2392
2019-10-10,3838.4865,3877.142,3829.4328,3874.6391
2019-10-11,3885.5198,3922.3694,3868.8417,3911.7253
2019-10-14,3944.8593,3983.8117,3934.7325,3953.2411
2019-10-15,3953.1645,3953.1645,3928.151,3936.2498
2019-10-16,3939.276,3964.0456,3919.0169,3922.6854
2019-10-17,3929.386,3935.8123,3913.9173,3925.2216
2019-10-18,3935.4199,3940.5409,3864.9652,3869.3777
2019-10-21,3865.3436,3884.7447,3856.0374,3880.8398
2019-10-22,3896.3149,3897.4352,3870.5486,3895.8809
2019-10-23,3892.6766,3901.4243,3862.1965,3871.0848
2019-10-24,3877.9239,3890.1955,3852.5828,3870.6678
2019-10-25,3871.7687,3899.7223,3849.0337,3896.7923
2019-10-28,3904.9824,3927.7959,3897.8175,3926.585
2019-10-29,3929.7077,3932.3745,3910.226,3910.226
2019-10-30,3904.7172,3908.0999,3883.4468,3891.2255
2019-10-31,3906.8593,3907.1505,3878.8757,3886.7519
2019-11-01,3883.8084,3956.0797,3876.4164,3952.3872
2019-11-04,3964.0052,3985.3573,3964.0052,3978.1216
2019-11-05,3982.1155,4030.6381,3970.8664,4002.8128
2019-11-06,4006.327,4007.5012,3973.7762,3984.8816
2019-11-07,3984.5529,4005.3829,3975.5475,3991.8749
2019-11-08,4017.6742,4022.0362,3971.5726,3973.0107
2019-11-11,3948.6186,3948.6186,3897.5504,3902.9783
2019-11-12,3905.9584,3914.8821,3877.7397,3903.6888
2019-11-13,3905.2831,3908.4196,3882.4314,3899.9815
2019-11-14,3905.9284,3916.9459,3895.1415,3905.857
2019-11-15,3908.4891,3915.1049,3877.0892,3877.0892
2019-11-18,3874.4405,3913.1029,3868.3166,3907.9291
2019-11-19,3904.0996,3947.0392,3902.3776,3947.0392
2019-11-20,3940.1344,3943.2273,3901.9865,3907.8641
2019-11-21,3894.539,3901.8262,3875.9682,3889.598
2019-11-22,3894.1742,3918.8385,3833.5033,3849.9948
2019-11-25,3850.966,3878.2507,3839.4201,3878.2061
2019-11-26,3893.4349,3899.1097,3869.5948,3891.6533
2019-11-27,3883.429,3889.9783,3862.7011,3875.6186
2019-11-28,3877.9012,3887.6903,3852.0105,3862.3029
2019-11-29,3857.1883,3861.6584,3804.8291,3828.6706
2019-12-02,3835.5128,3854.7509,3829.3126,3836.0589
2019-12-03,3829.212,3851.1205,3811.6281,3851.0873
2019-12-04,3841.6627,3852.9922,3831.0747,3849.819
2019-12-05,3863.6086,3883.4031,3859.8223,3879.3638
2019-12-06,3885.0582,3902.3853,3878.7002,3902.3853
2019-12-09,3909.5297,3911.9682,3885.2507,3895.4468
2019-12-10,3886.444,3900.959,3882.0877,3900.3843
2019-12-11,3907.1592,3909.3854,3890.341,3902.7492
2019-12-12,3908.4537,3908.4537,3886.1188,3891.0242
2019-12-13,3928.0044,3969.4568,3925.2757,3968.2211
2019-12-16,3970.7092,3987.5866,3953.5126,3987.5464
2019-12-17,3987.7426,4067.1355,3984.5193,4041.7996
2019-12-18,4039.724,4057.64,4025.3433,4032.7826
2019-12-19,4034.6159,4038.5435,4014.8951,4027.1495
2019-12-20,4032.1519,4046.7261,4014.9296,4017.2527
2019-12-23,4014.6929,4032.1721,3964.3798,3967.0962
2019-12-24,3971.56,3994.5092,3963.6653,3992.9581
2019-12-25,3988.6574,4000.5556,3976.3559,3990.8671
2019-12-26,3993.6686,4025.9879,3993.5413,4025.9879
2019-12-27,4029.2454,4066.7964,4019.7223,4022.0278
2019-12-30,4015.5195,4083.6901,4001.4951,4081.6334
2019-12-31,4077.7519,4098.1444,4069.0086,4096.5821
2020-01-02,4121.3487,4172.6555,4121.3487,4152.2408
2020-01-03,4161.2185,4164.2989,4131.864,4144.9649
2020-01-06,4120.5211,4170.6384,4102.3796,4129.2954
2020-01-07,4137.4019,4161.2504,4135.0972,4160.2274
2020-01-08,4139.6315,4149.813,4101.9801,4112.3172
2020-01-09,4145.5345,4165.6574,4143.592,4164.3697
2020-01-10,4177.5777,4180.9771,4148.4817,4163.1849
2020-01-13,4166.9254,4203.9883,4148.6007,4203.9883
2020-01-14,4215.1578,4223.5078,4188.0809,4189.8862
2020-01-15,4186.881,4193.8686,4150.8799,4166.7344
2020-01-16,4174.8172,4175.2938,4142.1795,4149.0434
2020-01-17,4162.1939,4177.0282,4141.6448,4154.853
2020-01-20,4170.7365,4185.9629,4149.4879,4185.8304
2020-01-21,4165.0203,4165.0203,4113.3251,4114.3085
2020-01-22,4093.8009,4141.1772,4046.4866,4131.9311
2020-01-23,4093.3229,4103.5244,3972.3933,4003.9013
2020-02-03,3639.9089,3732.1572,3639.9089,3688.3578
2020-02-04,3652.0035,3786.8629,3652.0035,3785.6376
2020-02-05,3801.099,3866.0108,3781.613,3828.5272
2020-02-06,3841.7537,3914.915,3806.9601,3899.7751
2020-02-07,3879.5531,3899.8837,3849.7127,3899.8693
2020-02-10,3872.3738,3920.1667,3861.0066,3916.0052
2020-02-11,3926.4204,3970.5221,3915.7077,3952.4643
2020-02-12,3945.6663,3984.4325,3940.6667,3984.4325
2020-02-13,3985.8757,3999.5495,3950.1422,3959.9188
2020-02-14,3954.234,4001.5627,3954.0233,3987.7342
2020-02-17,3999.6511,4077.4464,3999.6511,4077.4241
2020-02-18,4069.8315,4076.388,4027.7859,4057.5108
2020-02-19,4049.5862,4085.1704,4042.8451,4051.3107
2020-02-20,4062.8968,4148.5287,4055.8105,4144.6561
2020-02-21,4134.8747,4184.4379,4130.1677,4149.4903
2020-02-24,4131.8364,4149.0102,4097.1753,4132.8388
2020-02-25,4066.302,4126.7075,4020.9075,4123.8543
2020-02-26,4070.0994,4132.7817,4061.125,4073.0152
2020-02-27,4084.0782,4110.5275,4067.4408,4084.8759
2020-02-28,3988.7274,4031.1453,3928.0663,3940.0488
2020-03-02,3968.8435,4092.5394,3968.8435,4069.6662
2020-03-03,4125.1356,4147.6525,4067.9094,4091.3615
2020-03-04,4078.4998,4115.2618,4060.729,4115.0524
2020-03-05,4150.21,4215.8513,4127.0386,4206.7251
2020-03-06,4158.2021,4181.3102,4135.3901,4138.5072
2020-03-09,4063.076,4063.076,3995.1313,3997.1325
2020-03-10,3975.2288,4093.0024,3954.7506,4082.7315
2020-03-11,4090.9348,4091.2704,4028.3964,4028.4289
2020-03-12,3976.1139,3987.4336,3926.2704,3950.9111
2020-03-13,3771.0139,3937.1806,3765.1479,3895.3128
2020-03-16,3899.8598,3899.8598,3720.5127,3727.8398
2020-03-17,3739.7833,3786.8908,3618.307,3709.6822
2020-03-18,3729.6853,3775.8506,3636.2565,3636.2565
2020-03-19,3623.789,3647.9874,3503.1866,3589.0926
2020-03-20,3629.5126,3663.9517,3588.7766,3653.2239
2020-03-23,3542.6837,3585.8014,3523.7877,3530.3058
2020-03-24,3598.6548,3627.7592,3545.4524,3625.1146
2020-03-25,3711.4753,3732.6536,3685.9942,3722.5181
2020-03-26,3692.6083,3736.2536,3681.2668,3698.0472
2020-03-27,3746.3914,3758.7827,3709.9213,3710.0605
2020-03-30,3657.4624,3690.6388,3637.5853,3674.1108
2020-03-31,3708.1404,3716.0707,3676.2024,3686.1551
2020-04-01,3682.2966,3731.7799,3670.9653,3675.0758
2020-04-02,3656.3225,3734.5306,3652.3167,3734.5306
2020-04-03,3721.4815,3738.8323,3698.9822,3713.2183
2020-04-07,3779.9076,3803.6286,3772.2054,3798.0214
2020-04-08,3776.4171,3793.0023,3767.2924,3780.3445
2020-04-09,3798.4879,3801.7245,3785.3116,3792.8105
2020-04-10,3794.8429,3824.7441,3758.9599,3769.1782
2020-04-13,3751.7093,3769.8764,3740.1936,3753.2566
2020-04-14,3777.8343,3825.7599,3764.9838,3825.6991
2020-04-15,3820.8506,3829.8009,3793.4402,3797.3623
2020-04-16,3777.7986,3807.3569,3774.5585,3802.3806
2020-04-17,3831.9232,3863.4521,3821.4201,3839.4871
2020-04-20,3845.4598,3853.7984,3831.553,3853.4551
2020-04-21,3838.2314,3838.2314,3779.9967,3808.0474
2020-04-22,3789.1297,3839.3834,3782.2149,3839.3834
2020-04-23,3851.9132,3857.4709,3826.5565,3829.7525
2020-04-24,3826.3116,3827.212,3787.0714,3796.9721
2020-04-27,3808.0171,3842.8706,3793.7655,3822.769
2020-04-28,3835.348,3859.6754,3768.2,3849.1465
2020-04-29,3837.5135,3880.7444,3833.7164,3867.032
2020-04-30,3880.4094,3921.7004,3880.4094,3912.5772
2020-05-06,3867.2587,3937.6909,3865.9875,3936.2539
2020-05-07,3937.5918,3941.4833,3915.9048,3924.8946
2020-05-08,3942.9972,3979.6627,3935.9805,3963.6217
2020-05-11,3974.7605,3998.0972,3944.5037,3960.1803
2020-05-12,3961.3427,3970.1115,3930.2108,3960.2378
2020-05-13,3946.6428,3972.5254,3932.5711,3968.2529
2020-05-14,3952.1986,3952.1986,3924.0452,3925.2177
2020-05-15,3941.125,3945.1956,3907.4021,3912.8159
2020-05-18,3914.6602,3946.4312,3898.4041,3922.9117
2020-05-19,3963.7754,3966.8518,3944.0715,3956.2495
2020-05-20,3955.7145,3955.7145,3923.9213,3935.222
2020-05-21,3950.5981,3951.743,3907.5788,3913.7949
2020-05-22,3907.5761,3907.5761,3818.1488,3824.064
2020-05-25,3828.3206,3835.6333,3800.1796,3829.3245
2020-05-26,3850.0009,3874.7484,3844.4776,3872.7701
2020-05-27,3873.6984,3873.6984,3838.4247,3845.6135
2020-05-28,3848.4892,3885.4211,3818.4318,3856.6324
2020-05-29,3838.3769,3872.3031,3830.4185,3867.0232
2020-06-01,3901.7263,3976.3151,3901.7263,3971.3402
2020-06-02,3969.9521,3991.7761,3958.9774,3983.5677
2020-06-03,4001.1708,4018.6759,3982.9299,3983.6477
2020-06-04,3998.1636,3999.8051,3968.5723,3982.1851
2020-06-05,3988.2239,4001.2509,3967.926,4001.2509
2020-06-08,4023.606,4050.2213,4016.1015,4021.9549
2020-06-09,4027.5613,4052.1557,4016.3387,4047.0293
2020-06-10,4046.2317,4046.2317,4024.4185,4039.7051
2020-06-11,4031.7396,4043.0123,3979.7522,3995.8846
2020-06-12,3931.6236,4011.0591,3927.2491,4003.0829
2020-06-15,3982.9672,4007.1396,3954.9883,3954.9883
2020-06-16,3995.5786,4014.5702,3987.8637,4014.5702
2020-06-17,4018.6094,4018.6094,3992.1339,4017.5941
2020-06-18,4009.7831,4047.5566,4000.9008,4044.3842
2020-06-19,4047.0483,4109.3602,4043.4925,4098.7095
2020-06-22,4097.5071,4126.9421,4088.7822,4102.0459
2020-06-23,4098.0373,4124.725,4080.7533,4121.7944
2020-06-24,4128.1003,4144.6782,4123.3582,4138.9895
2020-06-29,4127.9348,4137.3696,4092.5352,4109.7164
2020-06-30,4130.0028,4174.4236,4129.7754,4163.9637
2020-07-01,4172.6425,4247.7835,4163.4954,4247.7835
2020-07-02,4239.408,4340.1039,4238.1164,4335.8445
2020-07-03,4353.1937,4419.5955,4348.4535,4419.5955
2020-07-06,4465.8081,4678.1121,4465.8081,4670.0949
2020-07-07,4739.6104,4796.3155,4688.0574,4698.1264
2020-07-08,4692.8621,4803.3643,4670.6501,4774.0042
2020-07-09,4770.0769,4854.1201,4757.2943,4840.7712
2020-07-10,4796.0873,4821.3745,4734.4725,4753.1333
2020-07-13,4742.3738,4878.0773,4741.8743,4852.9612
2020-07-14,4836.1655,4860.4404,4729.9258,4806.6902
2020-07-15,4821.5155,4837.4757,4723.3608,4744.4687
2020-07-16,4741.5295,4772.5638,4513.6537,4516.2532
2020-07-17,4524.7717,4601.3733,4485.8214,4544.7007
2020-07-20,4597.2038,4681.9431,4534.2305,4680.3046
2020-07-21,4697.5026,4714.2925,4661.444,4691.0425
2020-07-22,4682.6575,4790.4491,4675.3488,4714.4454
2020-07-23,4668.7401,4731.4004,4607.6585,4712.4357
2020-07-24,4679.0273,4691.698,4479.3928,4505.5906
2020-07-27,4535.0053,4558.1189,4482.4408,4528.45
2020-07-28,4567.6691,4590.2496,4537.6849,4568.2576
2020-07-29,4559.1634,4680.558,4548.8535,4679.008
2020-07-30,4689.7632,4704.6305,4649.7677,4656.1506
2020-07-31,4652.1824,4741.8084,4621.9635,4695.0462
2020-08-03,4735.8985,4771.3694,4720.025,4771.3108
2020-08-04,4778.4866,4807.0782,4747.7748,4775.8024
2020-08-05,4761.7637,4786.7031,4711.2723,4777.1089
2020-08-06,4779.2377,4791.8565,4691.1569,4762.7642
2020-08-07,4742.2939,4749.0217,4637.8427,4707.9262
2020-08-10,4681.7553,4757.6634,4646.2885,4724.8697
2020-08-11,4730.3748,4791.5337,4674.8642,4681.7837
2020-08-12,4668.8899,4681.6206,4566.2736,4647.6446
2020-08-13,4666.4901,4671.7689,4626.1033,4635.7126
2020-08-14,4627.61,4708.0709,4617.632,4704.6288
2020-08-17,4727.1204,4838.0864,4721.3589,4815.2261
2020-08-18,4816.5703,4825.3861,4788.8293,4812.7564
2020-08-19,4804.6655,4809.0499,4738.0086,4740.6784
2020-08-20,4708.1253,4721.4357,4662.8032,4679.1544
2020-08-21,4717.7874,4739.4836,4684.8101,4718.8431
2020-08-24,4746.4035,4769.4673,4716.6054,4755.8491
2020-08-25,4769.2107,4802.4122,4746.313,4761.9507
2020-08-26,4761.7186,4786.4249,4689.881,4706.1302
2020-08-27,4718.062,4731.9351,4679.3623,4731.3451
2020-08-28,4727.292,4850.4884,4719.3526,4844.2652
2020-08-31,4870.9337,4901.2115,4816.2123,4816.2153
2020-09-01,4803.3922,4842.135,4791.7829,4842.1223
2020-09-02,4859.0754,4863.5509,4797.5204,4843.887
2020-09-03,4841.502,4877.0117,4800.0577,4817.0952
2020-09-04,4737.2368,4778.203,4726.5559,4770.219
2020-09-07,4759.5213,4789.3031,4655.56,4669.3677
2020-09-08,4683.8256,4707.8966,4639.0531,4694.3894
2020-09-09,4634.247,4645.1972,4558.0304,4584.5887
2020-09-10,4632.0994,4647.7505,4572.2058,4581.9775
2020-09-11,4572.2572,4630.8842,4563.1061,4627.2826
2020-09-14,4652.0539,4666.9862,4625.9877,4651.0507
2020-09-15,4649.4472,4691.4997,4630.5374,4688.4826
2020-09-16,4683.006,4690.6815,4638.4586,4657.3584
2020-09-17,4642.0542,4664.9491,4601.639,4632.7142
2020-09-18,4636.6422,4737.8039,4631.7045,4737.0887
2020-09-21,4750.7481,4752.9799,4688.7199,4691.4281
2020-09-22,4654.2179,4706.2096,4622.1111,4635.7608
2020-09-23,4639.6592,4665.96,4623.5528,4652.3273
2020-09-24,4623.9535,4631.9482,4562.2086,4563.0657
2020-09-25,4582.482,4599.5387,4554.7199,4570.0216
2020-09-28,4582.6471,4613.6324,4571.1507,4581.9085
2020-09-29,4608.2926,4616.6767,4586.3537,4591.7993
2020-09-30,4607.5753,4634.7239,4563.4108,4587.3953
2020-10-09,4663.61,4695.4041,4655.0851,4681.1412
2020-10-12,4705.1883,4823.2666,4704.1554,4823.1578
2020-10-13,4812.8989,4845.9191,4795.373,4839.201
2020-10-14,4830.4575,4830.4575,4795.9069,4807.1021
2020-10-15,4810.7821,4833.8925,4796.2647,4798.7361
2020-10-16,4798.9162,4825.5518,4765.967,4791.676
