,benchmark,000300.SH
2010-11-01,0.0275184816018304,-0.0028401998851135
2010-11-02,-0.0028401998851135,-0.0123558710311564
2010-11-03,-0.0123558710311564,0.0175900590028889
2010-11-04,0.0175900590028889,0.0115767683137934
2010-11-05,0.0115767683137934,0.0078868483792594
2010-11-08,0.0078868483792594,-0.0069357594025303
2010-11-09,-0.0069357594025303,-0.007049751500729
2010-11-10,-0.007049751500729,0.0031047886163085
2010-11-11,0.0031047886163085,-0.0621491606065569
2010-11-12,-0.0621491606065569,0.0070052156351795
2010-11-15,0.0070052156351795,-0.0438490774815356
2010-11-16,-0.0438490774815356,-0.0207071188293057
2010-11-17,-0.0207071188293057,0.0141937288049316
2010-11-18,0.0141937288049316,0.0098107918710581
2010-11-19,0.0098107918710581,-0.0021721719139587
2010-11-22,-0.0021721719139587,-0.0
2010-11-23,-0.0204180973101327,0.0224856911871101
2010-11-24,0.0224856911871101,0.0146176806546212
2010-11-25,0.0146176806546212,-0.0088820046880951
2010-11-26,-0.0088820046880951,-0.0015033555534479
2010-11-29,-0.0015033555534479,-0.0166345355088478
2010-11-30,-0.0166345355088478,-0.0
2010-12-01,-0.0003063451052524,0.0060697877312164
2010-12-02,0.0060697877312164,0.0009815981254232
2010-12-03,0.0009815981254232,0.0023475724441731
2010-12-06,0.0023475724441731,0.0109834879658323
2010-12-07,0.0109834879658323,-0.008891870517467
2010-12-08,-0.008891870517467,-0.0152956509731446
2010-12-09,-0.0152956509731446,0.0123619838341071
2010-12-10,0.0123619838341071,0.0313360913124922
2010-12-13,0.0313360913124922,0.0025798352131407
2010-12-14,0.0025798352131407,-0.0066769150022298
2010-12-15,-0.0066769150022298,-0.0
2010-12-16,-0.0052280976609504,-0.0015489071135508
2010-12-17,-0.0015489071135508,-0.0145718970468378
2010-12-20,-0.0145718970468378,0.0
2010-12-21,0.022289916779319,-0.0104803525701883
2010-12-22,-0.0104803525701883,-0.0
2010-12-23,-0.0083490568824983,-0.0080448923307262
2010-12-24,-0.0080448923307262,-0.0199958583033903
2010-12-27,-0.0199958583033903,-0.0176719814666472
2010-12-28,-0.0176719814666472,0.0055498794553964
2010-12-29,0.0055498794553964,0.000740733482917
2010-12-30,0.000740733482917,0.0209402571327679
2010-12-31,0.0209402571327679,0.0
2011-01-04,0.0196342312869673,-0.0043954224903924
2011-01-05,-0.0043954224903924,-0.0050443025737625
2011-01-06,-0.0050443025737625,0.0022094268244861
2011-01-07,0.0022094268244861,-0.0
2011-01-10,-0.0184540381175661,0.0053841676836046
2011-01-11,0.0053841676836046,0.0
2011-01-12,0.0055729391005599,-0.0
2011-01-13,-0.0003351009137466,-0.0157330569283133
2011-01-14,-0.0157330569283133,-0.038006870940553
2011-01-17,-0.038006870940553,0.0011088136903862
2011-01-18,0.0011088136903862,0.0
2011-01-19,0.0225691552527363,-0.0328876519737747
2011-01-20,-0.0328876519737747,0.0131568000005433
2011-01-21,0.0131568000005433,-0.0097953514313601
2011-01-24,-0.0097953514313601,-0.0052731132829107
2011-01-25,-0.0052731132829107,0.0135357888339355
2011-01-26,0.0135357888339355,0.0161276188704723
2011-01-27,0.0161276188704723,0.0
2011-01-28,0.0033930663684971,0.0130972903463751
2011-01-31,0.0130972903463751,0.0002519089825217
2011-02-01,0.0002519089825217,-0.0118071688564229
2011-02-09,-0.0118071688564229,0.0207875896636214
2011-02-10,0.0207875896636214,0.0
2011-02-11,0.0054098318934927,0.0
2011-02-14,0.0314605524717426,-0.0
2011-02-15,-0.0004572645576789,0.0
2011-02-16,0.0095895447359286,-0.0
2011-02-17,-0.0008065193855553,-0.0104842806648495
2011-02-18,-0.0104842806648495,0.0
2011-02-21,0.0143318110661805,-0.0289541632237619
2011-02-22,-0.0289541632237619,0.0035289156771226
2011-02-23,0.0035289156771226,0.0
2011-02-24,0.0051005719519884,0.0
2011-02-25,0.0020940570710466,0.0
2011-02-28,0.013116642799935,0.004733360312314
2011-03-01,0.004733360312314,-0.0
2011-03-02,-0.0035623290842434,-0.0
2011-03-03,-0.0066537209963438,0.0151931360845363
2011-03-04,0.0151931360845363,0.0
2011-03-07,0.0195201833510361,0.0008837880228278
2011-03-08,0.0008837880228278,0.0
2011-03-09,0.0004197806893093,-0.0175506116163071
2011-03-10,-0.0175506116163071,-0.0100245133082478
2011-03-11,-0.0100245133082478,0.0047866338853276
2011-03-14,0.0047866338853276,-0.0
2011-03-15,-0.0180693979625612,0.0138060357164148
2011-03-16,0.0138060357164148,-0.015730274814166
2011-03-17,-0.015730274814166,0.0
2011-03-18,0.0058130806042976,-0.0
2011-03-21,-0.0026666169105493,0.0049424559806179
2011-03-22,0.0049424559806179,0.0
2011-03-23,0.0130206353722555,-0.0041547649165708
2011-03-24,-0.0041547649165708,0.0
2011-03-25,0.0132630612226695,-0.001187742906021
2011-03-28,-0.001187742906021,-0.0
2011-03-29,-0.0099046639625767,-0.0005828766852088
2011-03-30,-0.0005828766852088,-0.0100710056263973
2011-03-31,-0.0100710056263973,0.0
2011-04-01,0.0153386852183235,0.011714382706298
2011-04-06,0.011714382706298,0.004032536943529
2011-04-07,0.004032536943529,0.0087049797272847
2011-04-08,0.0087049797272847,-0.0059435944506968
2011-04-11,-0.0059435944506968,-0.0
2011-04-12,-0.0019967438914966,0.0136047837377444
2011-04-13,0.0136047837377444,-0.0054777076485951
2011-04-14,-0.0054777076485951,0.0016054580803683
2011-04-15,0.0016054580803683,0.0001470700315337
2011-04-18,0.0001470700315337,-0.0189394773768708
2011-04-19,-0.0189394773768708,-0.0
2011-04-20,-1.6384429694438672e-05,0.0
2011-04-21,0.0065566100423636,-0.0
2011-04-22,-0.0052526597147678,-0.0152632985670657
2011-04-25,-0.0152632985670657,-0.0057281354417532
2011-04-26,-0.0057281354417532,-0.0
2011-04-27,-0.006641060242157,-0.0
2011-04-28,-0.0148705266827917,0.0
2011-04-29,0.0097878534089701,0.0057659245728489
2011-05-03,0.0057659245728489,-0.0255685533948776
2011-05-04,-0.0255685533948776,-0.0
2011-05-05,-0.0009303208536323,-0.0015101802011888
2011-05-06,-0.0015101802011888,0.0
2011-05-09,0.0026792499253538,0.0
2011-05-10,0.0074964238460533,-0.0025802187667784
2011-05-11,-0.0025802187667784,-0.0138253815079719
2011-05-12,-0.0138253815079719,0.0
2011-05-13,0.0085407448986861,-0.0
2011-05-16,-0.0088328575908707,0.0050202179480934
2011-05-17,0.0050202179480934,0.0074938351003264
2011-05-18,0.0074938351003264,-0.0059693334254958
2011-05-19,-0.0059693334254958,0.0
2011-05-20,0.0003066679612732,-0.0
2011-05-23,-0.0315915320240031,0.0
2011-05-24,0.001072782486156,-0.0118563635264156
2011-05-25,-0.0118563635264156,-0.0040002100093534
2011-05-26,-0.0040002100093534,-0.0
2011-05-27,-0.0050608031678955,-0.0029703291051757
2011-05-30,-0.0029703291051757,0.0
2011-05-31,0.0159248280423191,0.0
2011-06-01,0.0008718811176602,-0.0
2011-06-02,-0.0161335582205152,0.0103677464428961
2011-06-03,0.0103677464428961,0.0
2011-06-07,0.0059982942382152,0.0
2011-06-08,0.001461257373691,-0.0
2011-06-09,-0.0188665887580218,0.003402228200315
2011-06-10,0.003402228200315,-0.0
2011-06-13,-0.0039109608188168,0.0
2011-06-14,0.0146460688705197,-0.0101684984328019
2011-06-15,-0.0101684984328019,-0.0153692781153913
2011-06-16,-0.0153692781153913,-0.0
2011-06-17,-0.0087130489741833,-0.0059682098862544
2011-06-20,-0.0059682098862544,0.0118880822123651
2011-06-21,0.0118880822123651,-0.0001687822890659
2011-06-22,-0.0001687822890659,0.0168628561959057
2011-06-23,0.0168628561959057,0.0236138474433405
2011-06-24,0.0236138474433405,0.0
2011-06-27,0.0029797157362418,0.0
2011-06-28,0.0017266641001076,-0.0
2011-06-29,-0.013664902979682,0.0
2011-06-30,0.0146391753264566,0.001858027147038
2011-07-01,0.001858027147038,0.0236855868277512
2011-07-04,0.0236855868277512,0.0001665609645161
2011-07-05,0.0001665609645161,-0.0028144115292233
2011-07-06,-0.0028144115292233,-0.0
2011-07-07,-0.0038641981018155,0.0024190116324057
2011-07-08,0.0024190116324057,0.0
2011-07-11,0.0012939090429865,-0.0180845726238481
2011-07-12,-0.0180845726238481,0.0
2011-07-13,0.0161411623848302,0.0030577091905441
2011-07-14,0.0030577091905441,0.0
2011-07-15,0.0042185737279527,-0.0
2011-07-18,-0.0020099786218048,-0.0087987574457182
2011-07-19,-0.0087987574457182,-0.0
2011-07-20,-0.001149549695085,-0.0104891791120813
2011-07-21,-0.0104891791120813,0.0
2011-07-22,0.0028916633078784,-0.0324955956433945
2011-07-25,-0.0324955956433945,0.0
2011-07-26,0.0031927484149959,0.0
2011-07-27,0.0074841340790377,-0.0063498899352411
2011-07-28,-0.0063498899352411,-0.0
2011-07-29,-0.0029932888337544,0.0018983344655373
2011-08-01,0.0018983344655373,-0.0
2011-08-02,-0.0071658829017225,-0.0
2011-08-03,-0.0005117740157482,0.0
2011-08-04,0.0018406901149628,-0.0
2011-08-05,-0.0212450794832567,-0.0
2011-08-08,-0.0357283746178061,0.0
2011-08-09,0.0015365634452523,0.0092667045482972
2011-08-10,0.0092667045482972,0.0
2011-08-11,0.0151565797487359,0.0
2011-08-12,0.0029442705840823,0.0
2011-08-15,0.014786992260113,-0.0
2011-08-16,-0.0069577841195139,-0.0
2011-08-17,-0.0039922956424687,-0.0
2011-08-18,-0.0179344306487877,-0.0
2011-08-19,-0.0093816573955614,-0.0
2011-08-22,-0.0106412305745988,0.0
2011-08-23,0.0155577083484084,-0.0038947140431967
2011-08-24,-0.0038947140431967,0.0
2011-08-25,0.0333880661177729,-0.0
2011-08-26,-0.0009025988717686,-0.0
2011-08-29,-0.0166850727419122,-0.0
2011-08-30,-0.0038800354317447,0.0
2011-08-31,0.0017721536804915,-0.0
2011-09-01,-0.0042999519456395,-0.0
2011-09-02,-0.0108239975869058,-0.0
2011-09-05,-0.0214123131946241,-0.0074764461332516
2011-09-06,-0.0074764461332516,0.0
2011-09-07,0.0204850506902831,-0.0082706929246624
2011-09-08,-0.0082706929246624,-0.0018177827042149
2011-09-09,-0.0018177827042149,-0.0111999040382102
2011-09-13,-0.0111999040382102,0.0
2011-09-14,0.004714583004783,-0.0
2011-09-15,-0.0014843906644012,0.0
2011-09-16,0.00180868734223,-0.0
2011-09-19,-0.0200136284481236,0.0
2011-09-20,0.0039469706300596,0.0
2011-09-21,0.0301749729073608,-0.0307912888111955
2011-09-22,-0.0307912888111955,-0.0
2011-09-23,-0.0060356973706551,-0.0
2011-09-26,-0.0219364984465128,0.0
2011-09-27,0.0103258661030847,-0.0103450537344585
2011-09-28,-0.0103450537344585,-0.0085823511160313
2011-09-29,-0.0085823511160313,-0.0026404603998554
2011-09-30,-0.0026404603998554,-0.0
2011-10-10,-0.0094016660268209,-0.0019897680246467
2011-10-11,-0.0019897680246467,0.0363496152420419
2011-10-12,0.0363496152420419,0.0
2011-10-13,0.0067465529927503,-0.0033121748245418
2011-10-14,-0.0033121748245418,0.0049623518435198
2011-10-17,0.0049623518435198,-0.0
2011-10-18,-0.0280252618064599,-0.0
2011-10-19,-0.0035213210045948,-0.0
2011-10-20,-0.024214881376155,-0.0
2011-10-21,-0.0050207654574511,0.0274303723826965
2011-10-24,0.0274303723826965,0.0
2011-10-25,0.018922104468987,0.0099896207280725
2011-10-26,0.0099896207280725,0.0021971208891664
2011-10-27,0.0021971208891664,0.0
2011-10-28,0.0193939517091015,-0.0
2011-10-31,-0.00506087632525,0.0
2011-11-01,0.0008262509613933,0.0
2011-11-02,0.0166285207155868,0.0
2011-11-03,0.0006968374301248,0.0
2011-11-04,0.007085593016218,-0.0
2011-11-07,-0.009949539501821,-0.0
2011-11-08,-0.0031203311980493,0.0087780592511667
2011-11-09,0.0087780592511667,-0.0
2011-11-10,-0.0189217103603868,-0.0016987777394181
2011-11-11,-0.0016987777394181,0.0204797621671524
2011-11-14,0.0204797621671524,-0.0
2011-11-15,-0.0020053123505788,-0.0
2011-11-16,-0.0271667371059649,-0.0030332015537902
2011-11-17,-0.0030332015537902,-0.0
2011-11-18,-0.0208571169906127,0.0
2011-11-21,0.0012246330800557,-0.0
2011-11-22,-8.123579571036262e-05,-0.0097582847124421
2011-11-23,-0.0097582847124421,0.0
2011-11-24,0.0018978247383621,-0.0073165785666968
2011-11-25,-0.0073165785666968,0.0013027374217549
2011-11-28,0.0013027374217549,0.0136974749749448
2011-11-29,0.0136974749749448,-0.0
2011-11-30,-0.0333704034664216,0.0
2011-12-01,0.024625226054126,-0.0
2011-12-02,-0.0101803172533965,-0.0
2011-12-05,-0.014048350005142,-0.0
2011-12-06,-0.0020004878271268,0.0
2011-12-07,0.004723922552627,-0.0
2011-12-08,-0.0012763880472804,-0.0085306896908161
2011-12-09,-0.0085306896908161,-0.0102933498864171
2011-12-12,-0.0102933498864171,-0.0
2011-12-13,-0.0225064293705594,-0.0
2011-12-14,-0.0100944371591557,-0.0
2011-12-15,-0.0236464954869279,0.0
2011-12-16,0.0210787991052585,-0.0
2011-12-19,-0.0023935946553512,-0.003076235275171
2011-12-20,-0.003076235275171,-0.0
2011-12-21,-0.0159713227149522,0.0
2011-12-22,0.0009520723284259,0.0
2011-12-23,0.0076127508451375,-0.0
2011-12-26,-0.0099429500088802,-0.0
2011-12-27,-0.0131296715077524,0.0
2011-12-28,0.0012550785562909,0.0014874814118984
2011-12-29,0.0014874814118984,0.0148747858945445
2011-12-30,0.0148747858945445,-0.0
2012-01-04,-0.0200316147300086,-0.0
2012-01-05,-0.0097304930107758,0.0
2012-01-06,0.0062449893141976,0.0
2012-01-09,0.0340386649617284,0.0332601527503936
2012-01-10,0.0332601527503936,-0.0
2012-01-11,-0.0047974359194377,-0.0
2012-01-12,-0.0001597137141937,-0.0
2012-01-13,-0.016789044435018,-0.0
2012-01-16,-0.0203334204835248,0.0
2012-01-17,0.0490064796565898,-0.0
2012-01-18,-0.0156108202833373,0.0
2012-01-19,0.0190575549637126,0.0144776875240544
2012-01-20,0.0144776875240544,-0.0173180953050334
2012-01-30,-0.0173180953050334,0.0014386033356092
2012-01-31,0.0014386033356092,-0.0143109899117788
2012-02-01,-0.0143109899117788,0.0
2012-02-02,0.0235669581728072,0.0
2012-02-03,0.007984754476442,-0.0007054814471946
2012-02-06,-0.0007054814471946,-0.0
2012-02-07,-0.0185151909379065,0.0
2012-02-08,0.0285937002889393,0.0
2012-02-09,0.0003935550320461,0.0
2012-02-10,0.0017368915690182,-0.0
2012-02-13,-0.0006484782272348,-0.0
2012-02-14,-0.0038997133074854,0.0
2012-02-15,0.0109035818067988,-0.005307876861022
2012-02-16,-0.005307876861022,0.0
2012-02-17,0.0003990419837905,0.0
2012-02-20,0.0014268337770183,0.0085594319059347
2012-02-21,0.0085594319059347,0.0
2012-02-22,0.0136677628818948,0.0033802044754214
2012-02-23,0.0033802044754214,0.0
2012-02-24,0.0160233683874492,0.0
2012-02-27,0.0032310970813253,0.0
2012-02-28,0.0022171421602193,-0.0
2012-02-29,-0.0106367675344221,-0.0003029448287356
2012-03-01,-0.0003029448287356,0.0
2012-03-02,0.0176919469344124,-0.0064315016713099
2012-03-05,-0.0064315016713099,-0.0156405270143289
2012-03-06,-0.0156405270143289,-0.0
2012-03-07,-0.006885403265559,0.0125954425750238
2012-03-08,0.0125954425750238,0.0108168667394341
2012-03-09,0.0108168667394341,-0.0037157949811996
2012-03-12,-0.0037157949811996,0.0
2012-03-13,0.0100478375166986,-0.0
2012-03-14,-0.0283345511293424,-0.0
2012-03-15,-0.0075083317147173,0.0146870332223832
2012-03-16,0.0146870332223832,0.0024749191925351
2012-03-19,0.0024749191925351,-0.0
2012-03-20,-0.0173261500988777,0.0
2012-03-21,0.0012954425418223,-0.0
2012-03-22,-0.0015634944526089,-0.0119233810431128
2012-03-23,-0.0119233810431128,0.0009800465345836
2012-03-26,0.0009800465345836,-0.0032475790880794
2012-03-27,-0.0032475790880794,-0.0
2012-03-28,-0.0283623652068218,-0.0128401147521112
2012-03-29,-0.0128401147521112,0.0048204715114513
2012-03-30,0.0048204715114513,0.023598934212772
2012-04-05,0.023598934212772,0.0027849056363497
2012-04-06,0.0027849056363497,-0.0
2012-04-09,-0.0097958989296895,0.0
2012-04-10,0.0098759751934355,0.0
2012-04-11,9.84209782727941e-05,0.0
2012-04-12,0.0199997142897958,0.003897393282696
2012-04-13,0.003897393282696,-0.0
2012-04-16,-0.002484059006671,-0.0
2012-04-17,-0.0124943474159727,0.0228275652341197
2012-04-18,0.0228275652341197,-0.0014815908870621
2012-04-19,-0.0014815908870621,0.0118576024554169
2012-04-20,0.0118576024554169,-0.0079186429012207
2012-04-23,-0.0079186429012207,-0.0
2012-04-24,-0.000449724831334,0.0
2012-04-25,0.008109438259012,0.0020933057627791
2012-04-26,0.0020933057627791,-0.0020254707699486
2012-04-27,-0.0020254707699486,0.0218303780010105
2012-05-02,0.0218303780010105,0.0029927478687245
2012-05-03,0.0029927478687245,0.0090510262238632
2012-05-04,0.0090510262238632,0.0006992211361404
2012-05-07,0.0006992211361404,-0.003187162454034
2012-05-08,-0.003187162454034,-0.0
2012-05-09,-0.0190475417073317,-0.0001128874579777
2012-05-10,-0.0001128874579777,-0.0076384514006022
2012-05-11,-0.0076384514006022,-0.0081090910332027
2012-05-14,-0.0081090910332027,0.000703489230115
2012-05-15,0.000703489230115,-0.0163243770282733
2012-05-16,-0.0163243770282733,0.0152622864415976
2012-05-17,0.0152622864415976,-0.0152895511836145
2012-05-18,-0.0152895511836145,0.0
2012-05-21,0.0051496206646837,0.0155741794992406
2012-05-22,0.0155741794992406,-0.0040555275401756
2012-05-23,-0.0040555275401756,-0.0082575780446021
2012-05-24,-0.0082575780446021,-0.0085374875734994
2012-05-25,-0.0085374875734994,0.0161618093018428
2012-05-28,0.0161618093018428,0.0138314728826257
2012-05-29,0.0138314728826257,-0.0032427285697363
2012-05-30,-0.0032427285697363,-0.003866390034584
2012-05-31,-0.003866390034584,0.0
2012-06-01,0.0003632160884971,-0.0
2012-06-04,-0.0280942104779419,-7.190235659963662e-05
2012-06-05,-7.190235659963662e-05,-0.0005631453602841
2012-06-06,-0.0005631453602841,-0.0059501814537491
2012-06-07,-0.0059501814537491,-0.0
2012-06-08,-0.0070234884650363,0.0134435725295711
2012-06-11,0.0134435725295711,-0.0
2012-06-12,-0.0070700259746351,0.0
2012-06-13,0.0159272302964595,-0.0078333403083581
2012-06-14,-0.0078333403083581,0.0
2012-06-15,0.0029811503655064,0.0051237240338403
2012-06-18,0.0051237240338403,-0.0087520901034087
2012-06-19,-0.0087520901034087,-0.0023489215479745
2012-06-20,-0.0023489215479745,-0.0
2012-06-21,-0.015837117367276,-0.022158798018458
2012-06-25,-0.022158798018458,-0.0
2012-06-26,-0.0006525496658278,-0.0031447117313633
2012-06-27,-0.0031447117313633,-0.0
2012-06-28,-0.008771675326241,0.0
2012-06-29,0.0147926664520233,0.0
2012-07-02,0.0014730184935724,0.0014128453317692
2012-07-03,0.0014128453317692,-0.0
2012-07-04,-0.0015400687238453,-0.0140162820766118
2012-07-05,-0.0140162820766118,0.0
2012-07-06,0.017381715541255,-0.0228818570144794
2012-07-09,-0.0228818570144794,-0.0038616974250383
2012-07-10,-0.0038616974250383,0.0
2012-07-11,0.0078389300562677,0.0
2012-07-12,0.009733374230903,0.0
2012-07-13,0.0005928512429256,-0.0207709599927853
2012-07-16,-0.0207709599927853,0.0
2012-07-17,0.0060298425115147,0.0
2012-07-18,5.550490617807488e-05,0.0041365427747185
2012-07-19,0.0041365427747185,-0.0106697872642331
2012-07-20,-0.0106697872642331,-0.0
2012-07-23,-0.0137688637060106,0.0
2012-07-24,0.0044647254559529,-0.0066957296152512
2012-07-25,-0.0066957296152512,-0.0053366767185731
2012-07-26,-0.0053366767185731,0.0
2012-07-27,0.00069009937431,-0.0
2012-07-30,-0.0056681089162354,-0.0
2012-07-31,-0.0012291328897723,0.011028658480652
2012-08-01,0.011028658480652,-0.0
2012-08-02,-0.0100773704969492,0.0
2012-08-03,0.0080753545575322,0.0135418698010864
2012-08-06,0.0135418698010864,0.0
2012-08-07,0.0013673645871016,0.0
2012-08-08,0.0003859560554286,0.009166058176538
2012-08-09,0.009166058176538,-0.0
2012-08-10,-0.0049545963428285,-0.0
2012-08-13,-0.0199270674332462,0.0
2012-08-14,0.0021620532235001,-0.0
2012-08-15,-0.0107767618039081,-0.0
2012-08-16,-0.005123058480924,-0.0
2012-08-17,-0.0026702074001905,-0.0
2012-08-20,-0.0050521379949479,0.0
2012-08-21,0.0051764106859536,-0.0078303049267776
2012-08-22,-0.0078303049267776,0.0
2012-08-23,0.0028807459184714,-0.0
2012-08-24,-0.0115202899488705,-0.0
2012-08-27,-0.0208610448670878,0.0
2012-08-28,0.0045808193504723,-0.0
2012-08-29,-0.0105418531270621,-0.0
2012-08-30,-0.0015549838496595,-0.0
2012-08-31,-0.0029402587536232,0.0106586879577372
2012-09-03,0.0106586879577372,-0.0
2012-09-04,-0.0107531562322039,-0.0020558816951679
2012-09-05,-0.0020558816951679,0.0
2012-09-06,0.0081586453775782,0.0
2012-09-07,0.0447988861148974,0.0
2012-09-10,0.0040942024763732,-0.0
2012-09-11,-0.0063507181520683,0.0
2012-09-12,0.0035386631716907,-0.0
2012-09-13,-0.0093143701205696,0.0
2012-09-14,0.0074314943781948,-0.0
2012-09-17,-0.024545873061253,-0.0
2012-09-18,-0.0103891389092421,0.0
2012-09-19,0.0049198318390113,-0.0
2012-09-20,-0.0223863387462403,0.0
2012-09-21,0.0014171536614433,0.007481822940043
2012-09-24,0.007481822940043,-0.0024202036906978
2012-09-25,-0.0024202036906978,-0.0114304252101889
2012-09-26,-0.0114304252101889,0.0305855074692513
2012-09-27,0.0305855074692513,0.0
2012-09-28,0.0183810843014464,-0.0100527406931908
2012-10-08,-0.0100527406931908,0.0220712811237089
2012-10-09,0.0220712811237089,0.0017067810497307
2012-10-10,0.0017067810497307,-0.0092869679108238
2012-10-11,-0.0092869679108238,0.0008677400063321
2012-10-12,0.0008677400063321,-0.0
2012-10-15,-0.0041978172565263,0.0
2012-10-16,0.001440176882481,0.0
2012-10-17,0.0011491792136498,0.0
2012-10-18,0.0153311691613755,-0.0
2012-10-19,-0.0015440415705477,0.0
2012-10-22,0.0039108755953989,-0.0
2012-10-23,-0.0126046723767419,-0.0018589346289073
2012-10-24,-0.0018589346289073,-0.0
2012-10-25,-0.0071670640906256,-0.0
2012-10-26,-0.0189120384211336,-0.0
2012-10-29,-0.005361876625679,0.0
2012-10-30,0.001801548759445,0.0066691013187302
2012-10-31,0.0066691013187302,0.0
2012-11-01,0.0190986420202055,0.0038687766658368
2012-11-02,0.0038687766658368,-0.0021215775797714
2012-11-05,-0.0021215775797714,-0.0042026517455297
2012-11-06,-0.0042026517455297,-0.0
2012-11-07,-0.0020508627933091,-0.0
2012-11-08,-0.0184043313566527,-0.0
2012-11-09,-0.0019956310776898,0.0
2012-11-12,0.0048747748696519,-0.0
2012-11-13,-0.0175002930926065,0.0
2012-11-14,0.0048227296559455,-0.0132638510914889
2012-11-15,-0.0132638510914889,-0.0074684665505423
2012-11-16,-0.0074684665505423,-0.0010357149418528
2012-11-19,-0.0010357149418528,-0.0
2012-11-20,-0.0046455492796503,0.0
2012-11-21,0.0138645034068848,-0.0079047025462711
2012-11-22,-0.0079047025462711,0.0
2012-11-23,0.0069481884653642,-0.0
2012-11-26,-0.0077882003542702,-0.0
2012-11-27,-0.011473162103862,-0.0
2012-11-28,-0.0099863389375617,-0.0
2012-11-29,-0.0063334806527078,0.0
2012-11-30,0.0113368020434131,-0.0
2012-12-03,-0.0143999446641314,0.0
2012-12-04,0.0107276477701116,0.0358461026717205
2012-12-05,0.0358461026717205,-0.0019367012126577
2012-12-06,-0.0019367012126577,0.0
2012-12-07,0.0195838449956027,0.0108106929231776
2012-12-10,0.0108106929231776,-0.0055243266759016
2012-12-11,-0.0055243266759016,0.0041031658180207
2012-12-12,0.0041031658180207,-0.0
2012-12-13,-0.0110822672699618,0.0504897141086264
2012-12-14,0.0504897141086264,0.0
2012-12-17,0.0045991599688437,0.0
2012-12-18,0.0005999915494148,0.0
2012-12-19,0.0012621826596625,0.0057808392612907
2012-12-20,0.0057808392612907,-0.0
2012-12-21,-0.005373160864402,0.0
2012-12-24,0.003884903975629,0.0
2012-12-25,0.0282116245600463,0.003767365968318
2012-12-26,0.003767365968318,-0.0
2012-12-27,-0.005299845093971,0.0
2012-12-28,0.0145034308355497,0.0172992549743977
2012-12-31,0.0172992549743977,0.0
2013-01-04,0.0005774981053939,0.0
2013-01-07,0.004585627764756,-0.0042015232739942
2013-01-08,-0.0042015232739942,0.0003152063294699
2013-01-09,0.0003152063294699,0.0017588196313247
2013-01-10,0.0017588196313247,-0.0187068599986801
2013-01-11,-0.0187068599986801,0.0
2013-01-14,0.0380532612766436,0.0070337215955931
2013-01-15,0.0070337215955931,-0.0072284441047577
2013-01-16,-0.0072284441047577,-0.0
2013-01-17,-0.0094424258039683,0.0167195637032574
2013-01-18,0.0167195637032574,0.0059562178113222
2013-01-21,0.0059562178113222,-0.0053621397695352
2013-01-22,-0.0053621397695352,0.0
2013-01-23,0.0040656198279639,-0.0094732183400218
2013-01-24,-0.0094732183400218,-0.0042903798463269
2013-01-25,-0.0042903798463269,0.0311816349972818
2013-01-28,0.0311816349972818,0.009051372563364
2013-01-29,0.009051372563364,0.0
2013-01-30,0.004800315112939,-0.0006802516149931
2013-01-31,-0.0006802516149931,0.0210065049376935
2013-02-01,0.0210065049376935,0.0017147081423848
2013-02-04,0.0017147081423848,0.0086050797153451
2013-02-05,0.0086050797153451,0.0
2013-02-06,0.0015041446056986,-0.0057546461544669
2013-02-07,-0.0057546461544669,0.0
2013-02-08,0.0042954921789794,-0.0123583688858021
2013-02-18,-0.0123583688858021,-0.018946319431329
2013-02-19,-0.018946319431329,0.0063408407636861
2013-02-20,0.0063408407636861,-0.0340726735204717
2013-02-21,-0.0340726735204717,-0.0
2013-02-22,-0.0053417882598641,0.0
2013-02-25,0.0032180494214752,-0.0143437903077207
2013-02-26,-0.0143437903077207,0.0
2013-02-27,0.0105476136228651,0.0303120581097377
2013-02-28,0.0303120581097377,-0.0016799291669146
2013-03-01,-0.0016799291669146,-0.0461328459298359
2013-03-04,-0.0461328459298359,0.0302830442527932
2013-03-05,0.0302830442527932,0.0104449164578256
2013-03-06,0.0104449164578256,-0.011592701235604
2013-03-07,-0.011592701235604,-0.0
2013-03-08,-0.0047917925663842,-0.0055832019845589
2013-03-11,-0.0055832019845589,-0.0141789064223807
2013-03-12,-0.0141789064223807,-0.011006743973564
2013-03-13,-0.011006743973564,0.0
2013-03-14,0.002685276990654,0.0022097066890583
2013-03-15,0.0022097066890583,-0.0147172712966357
2013-03-18,-0.0147172712966357,0.0
2013-03-19,0.0090325926985611,0.0336925670578198
2013-03-20,0.0336925670578198,0.0018443214896784
2013-03-21,0.0018443214896784,0.0
2013-03-22,0.0012696042964633,-0.0019902165826173
2013-03-25,-0.0019902165826173,-0.014560117745342
2013-03-26,-0.014560117745342,0.0032931399390303
2013-03-27,0.0032931399390303,-0.0326019051452857
2013-03-28,-0.0326019051452857,-0.0016880713095096
2013-03-29,-0.0016880713095096,-0.0007598945606219
2013-04-01,-0.0007598945606219,-0.0027258284276309
2013-04-02,-0.0027258284276309,-0.0
2013-04-03,-0.0011438265341211,-0.0045290062962368
2013-04-08,-0.0045290062962368,0.0069291780646272
2013-04-09,0.0069291780646272,-0.0016553990270863
2013-04-10,-0.0016553990270863,-0.0
2013-04-11,-0.0029907749901521,-0.0063619002726529
2013-04-12,-0.0063619002726529,-0.0102732938225392
2013-04-15,-0.0102732938225392,0.0
2013-04-16,0.0093457943925233,-0.0004549535044837
2013-04-17,-0.0004549535044837,0.0
2013-04-18,0.0025942932869306,0.0
2013-04-19,0.0279838416196354,-0.0012459414158899
2013-04-22,-0.0012459414158899,-0.0320859693282806
2013-04-23,-0.0320859693282806,0.018823656209851
2013-04-24,0.018823656209851,-0.011101231417639
2013-04-25,-0.011101231417639,-0.0083347009066504
2013-04-26,-0.0083347009066504,0.0
2013-05-02,0.0009532931313044,0.0176650518709081
2013-05-03,0.0176650518709081,0.0
2013-05-06,0.0132660117966459,0.0
2013-05-07,0.0015657270852574,0.0
2013-05-08,0.0050831285193548,-0.0059005866765664
2013-05-09,-0.0059005866765664,0.0
2013-05-10,0.0051594394163448,-0.0
2013-05-13,-0.0039624753427611,-0.014789976797557
2013-05-14,-0.014789976797557,0.0
2013-05-15,0.0054493213515375,0.0182630114582604
2013-05-16,0.0182630114582604,0.0
2013-05-17,0.0154106872346201,0.0
2013-05-20,0.0067741801077758,0.0020102643808052
2013-05-21,0.0020102643808052,0.0012165119798321
2013-05-22,0.0012165119798321,-0.0134394740480833
2013-05-23,-0.0134394740480833,0.0
2013-05-24,0.0055671082591355,0.0009082760543163
2013-05-27,0.0009082760543163,0.0
2013-05-28,0.017222735765335,-0.0006799379358096
2013-05-29,-0.0006799379358096,-0.0031174304017959
2013-05-30,-0.0031174304017959,-0.0105898175736232
2013-05-31,-0.0105898175736232,-0.0
2013-06-03,-0.0014590861202274,-0.0141999052494348
2013-06-04,-0.0141999052494348,-0.0
2013-06-05,-0.0019983115495157,-0.012768405402144
2013-06-06,-0.012768405402144,-0.0172815184475313
2013-06-07,-0.0172815184475313,-0.03390401584439
2013-06-13,-0.03390401584439,0.0
2013-06-14,0.0070143507933751,-0.0053509414007368
2013-06-17,-0.0053509414007368,0.0062009144539213
2013-06-18,0.0062009144539213,-0.0
2013-06-19,-0.0074336070978958,-0.0330307214575354
2013-06-20,-0.0330307214575354,-0.0
2013-06-21,-0.0017540640267831,-0.0630812024196143
2013-06-24,-0.0630812024196143,-0.0
2013-06-25,-0.0026662552217428,0.0
2013-06-26,0.0013281481984335,-0.0
2013-06-27,-0.0034875296142548,0.0184677898955679
2013-06-28,0.0184677898955679,0.0057610539484212
2013-07-01,0.0057610539484212,0.0039158421500399
2013-07-02,0.0039158421500399,-0.0081710759393406
2013-07-03,-0.0081710759393406,0.0
2013-07-04,0.0082361236902334,0.0
2013-07-05,0.0021917398859306,-0.0
2013-07-08,-0.0283943814780436,-0.0
2013-07-09,-0.0004390791539546,0.0283889952646476
2013-07-10,0.0283889952646476,0.0
2013-07-11,0.046142086674625,-0.0220549553700367
2013-07-12,-0.0220549553700367,0.014030227131991
2013-07-15,0.014030227131991,0.0045728833349152
2013-07-16,0.0045728833349152,-0.0151053908625587
2013-07-17,-0.0151053908625587,-0.0
2013-07-18,-0.0164304400316097,-0.0
2013-07-19,-0.0244285022054683,0.0
2013-07-22,0.0053463216704298,0.0289057841992671
2013-07-23,0.0289057841992671,-0.0073676707806579
2013-07-24,-0.0073676707806579,-0.0050988128409341
2013-07-25,-0.0050988128409341,-0.0061112320199063
2013-07-26,-0.0061112320199063,-0.0215997424469696
2013-07-29,-0.0215997424469696,0.0
2013-07-30,0.0061664453094482,0.0
2013-07-31,0.001659367823337,0.0
2013-08-01,0.0238679884962341,0.0008457426056531
2013-08-02,0.0008457426056531,0.0138239271504938
2013-08-05,0.0138239271504938,0.0067207150503723
2013-08-06,0.0067207150503723,-0.0056756920546851
2013-08-07,-0.0056756920546851,-0.0
2013-08-08,-0.0016841889255698,0.0
2013-08-09,0.0040530889650392,0.0
2013-08-12,0.0292142204102342,0.0026666167968807
2013-08-13,0.0026666167968807,-0.0042338754118152
2013-08-14,-0.0042338754118152,-0.0117084135065642
2013-08-15,-0.0117084135065642,-0.0075086923710446
2013-08-16,-0.0075086923710446,0.0
2013-08-19,0.0118421418105813,-0.008134492564649
2013-08-20,-0.008134492564649,-0.0
2013-08-21,-0.0016761334766148,-0.0020172494974203
2013-08-22,-0.0020172494974203,-0.0
2013-08-23,-0.0073799921178227,0.0
2013-08-26,0.0212892485949497,0.0
2013-08-27,0.0022542232969802,-0.0
2013-08-28,-0.0054787065211772,-0.0041858958719205
2013-08-29,-0.0041858958719205,-0.0
2013-08-30,-0.0018983648009263,0.0027805748711057
2013-09-02,0.0027805748711057,0.0147210930793019
2013-09-03,0.0147210930793019,-0.0016152035547219
2013-09-04,-0.0016152035547219,-0.0038133338211314
2013-09-05,-0.0038133338211314,0.0068526114184568
2013-09-06,0.0068526114184568,0.0
2013-09-09,0.035129201936396,0.0
2013-09-10,0.0140477233346266,0.0
2013-09-11,0.0032304413845604,0.0
2013-09-12,0.0098941193102067,-0.0
2013-09-13,-0.0073991357771126,-0.0042235491795177
2013-09-16,-0.0042235491795177,-0.0206053123196913
2013-09-17,-0.0206053123196913,0.0021373348900558
2013-09-18,0.0021373348900558,0.0
2013-09-23,0.0163526563097375,-0.0
2013-09-24,-0.0114885482597495,-0.0060784365876463
2013-09-25,-0.0060784365876463,-0.0
2013-09-26,-0.0183558869178231,0.0
2013-09-27,0.0044152869244514,0.0058731400087933
2013-09-30,0.0058731400087933,0.0136046063219453
2013-10-08,0.0136046063219453,0.0
2013-10-09,0.0048210119456419,-0.0
2013-10-10,-0.0098900261372857,0.0
2013-10-11,0.0161325179052383,0.0
2013-10-14,0.0016341855080073,-0.0
2013-10-15,-0.0020323213923161,-0.0187013909124029
2013-10-16,-0.0187013909124029,-0.0
2013-10-17,-0.0033208459174575,0.0
2013-10-18,0.0052723829729047,0.0
2013-10-21,0.0186591065161781,-0.0102904437382097
2013-10-22,-0.0102904437382097,-0.011202461597839
2013-10-23,-0.011202461597839,-0.0
2013-10-24,-0.0074343878062808,-0.0
2013-10-25,-0.0133104993061892,-0.0010998248302026
2013-10-28,-0.0010998248302026,0.0025778185036563
2013-10-29,0.0025778185036563,0.0
2013-10-30,0.014931369577324,-0.0140201065765694
2013-10-31,-0.0140201065765694,0.0
2013-11-01,0.004736030143429,-0.0018893398631422
2013-11-04,-0.0018893398631422,0.001392591497252
2013-11-05,0.001392591497252,-0.0126694323149598
2013-11-06,-0.0126694323149598,-0.0055303267209615
2013-11-07,-0.0055303267209615,-0.0
2013-11-08,-0.0139313290198209,0.0
2013-11-11,0.0034420230984706,0.0
2013-11-12,0.0104111207402426,-0.0221726495726495
2013-11-13,-0.0221726495726495,0.0071609131704862
2013-11-14,0.0071609131704862,0.0
2013-11-15,0.0200620438003714,0.0332530179935287
2013-11-18,0.0332530179935287,-0.0068920002157351
2013-11-19,-0.0068920002157351,0.0
2013-11-20,0.0052595948117933,-0.0
2013-11-21,-0.0061286265129801,-0.0
2013-11-22,-0.0049904792096561,-0.0
2013-11-25,-0.0038920550033737,-0.0
2013-11-26,-0.0005078226882449,0.0
2013-11-27,0.0113365245101817,0.0103744862767609
2013-11-28,0.0103744862767609,-0.0002402102044247
2013-11-29,-0.0002402102044247,-0.0082642323890995
2013-12-02,-0.0082642323890995,0.0
2013-12-03,0.0099206710137474,0.0132434959456096
2013-12-04,0.0132434959456096,-0.0
2013-12-05,-0.0028030794279908,-0.0064460008662194
2013-12-06,-0.0064460008662194,-0.0
2013-12-09,-0.0005770123969991,0.0
2013-12-10,0.0009996442082655,-0.0165322774588905
2013-12-11,-0.0165322774588905,-0.0
2013-12-12,-0.0011389431950009,-0.0
2013-12-13,-0.0014008211567146,-0.016087165544978
2013-12-16,-0.016087165544978,-0.0048764254580911
2013-12-17,-0.0048764254580911,0.0
2013-12-18,0.0003607234159573,-0.0
2013-12-19,-0.0105276286618254,-0.0232694937853978
2013-12-20,-0.0232694937853978,0.0028382853350282
2013-12-23,0.0028382853350282,0.0015959016056189
2013-12-24,0.0015959016056189,0.0
2013-12-25,0.0073689565117068,-0.0172555756558256
2013-12-26,-0.0172555756558256,0.0
2013-12-27,0.0168381351270939,-0.0
2013-12-30,-0.00174518706061,0.0
2013-12-31,0.013293567440675,-0.0034540387102975
2014-01-02,-0.0034540387102975,-0.0
2014-01-03,-0.0134363891475285,-0.0
2014-01-06,-0.0227616893641856,-0.0002841014420828
2014-01-07,-0.0002841014420828,0.0
2014-01-08,0.0017470948404401,-0.0087826858425691
2014-01-09,-0.0087826858425691,-0.0
2014-01-10,-0.0078165042990773,-0.0
2014-01-13,-0.0050670090631974,0.0
2014-01-14,0.0087373767994314,-0.0017646957809084
2014-01-15,-0.0017646957809084,0.0
2014-01-16,0.0013142044083568,-0.0
2014-01-17,-0.0150806295561532,-0.0
2014-01-20,-0.0057356294824666,0.0098878435895221
2014-01-21,0.0098878435895221,0.0257775177035855
2014-01-22,0.0257775177035855,-0.0
2014-01-23,-0.005306632153725,0.0
2014-01-24,0.0061781746314443,-0.0
2014-01-27,-0.0132516772217566,0.0
2014-01-28,0.0017762382108732,0.0035705034788307
2014-01-29,0.0035705034788307,-0.0
2014-01-30,-0.0113705072446529,0.0045553815069583
2014-02-07,0.0045553815069583,0.0
2014-02-10,0.0248819990933263,0.0079504871812285
2014-02-11,0.0079504871812285,0.0
2014-02-12,0.0024869156907579,-0.0
2014-02-13,-0.0051029003433066,0.0
2014-02-14,0.0070281291866741,0.0
2014-02-17,0.0070012959715975,-0.0126338493723306
2014-02-18,-0.0126338493723306,0.0
2014-02-19,0.0114850673094869,-0.0
2014-02-20,-0.0091914949650358,-0.0
2014-02-21,-0.010117004366461,-0.0
2014-02-24,-0.0219869857889478,-0.0255587130149391
2014-02-25,-0.0255587130149391,0.0
2014-02-26,0.0025469099948144,-0.0
2014-02-27,-0.0042973923051855,0.0115421325207463
2014-02-28,0.0115421325207463,0.0052313683844346
2014-03-03,0.0052313683844346,-0.0
2014-03-04,-0.0027835479850435,-0.0092923366264198
2014-03-05,-0.0092923366264198,0.0
2014-03-06,0.0044630809214149,-0.0
2014-03-07,-0.0024272715645779,-0.0
2014-03-10,-0.0325458249975328,0.0
2014-03-11,0.0051835577205885,0.0
2014-03-12,0.0025954859505629,0.0
2014-03-13,0.0123923081507605,-0.0081748961493376
2014-03-14,-0.0081748961493376,0.0
2014-03-17,0.0095165147001465,-0.0
2014-03-18,-0.002288806824704,-0.0
2014-03-19,-0.0080738663123388,-0.0159854210771993
2014-03-20,-0.0159854210771993,0.0
2014-03-21,0.0344188480220337,0.0
2014-03-24,0.0082249474012854,-0.0
2014-03-25,-0.0009712600744112,-0.0
2014-03-26,-0.0015604017586137,-0.0
2014-03-27,-0.0070657152977342,-0.0017358574240375
2014-03-28,-0.0017358574240375,-0.0
2014-03-31,-0.0026301543008368,0.0
2014-04-01,0.0078320648742839,0.0
2014-04-02,0.0081419619391479,-0.0
2014-04-03,-0.0072081466410055,0.0
2014-04-04,0.0094521590682345,0.0
2014-04-08,0.0237221067119595,0.0005828412258259
2014-04-09,0.0005828412258259,0.0156976172820756
2014-04-10,0.0156976172820756,-0.0
2014-04-11,-0.0013611808804882,-0.0
2014-04-14,-0.0009041400188316,-0.0
2014-04-15,-0.0172572404372185,0.0
2014-04-16,0.0013738734394783,-0.0
2014-04-17,-0.0034593102163199,-0.0
2014-04-18,-0.0001456308715873,-0.0
2014-04-21,-0.0167369527875964,0.0
2014-04-22,0.004364845687366,-0.0
2014-04-23,-0.0009682287150143,-0.001910995193806
2014-04-24,-0.001910995193806,-0.0103393146871408
2014-04-25,-0.0103393146871408,-0.0
2014-04-28,-0.0151566592521724,0.0
2014-04-29,0.0110076539753035,8.75620230998372e-05
2014-04-30,8.75620230998372e-05,-0.0010140554853732
2014-05-05,-0.0010140554853732,0.0
2014-05-06,0.000397872448956,-0.0
2014-05-07,-0.0092762899290233,-0.0
2014-05-08,-0.0008515352900552,-0.0
2014-05-09,-0.0007422163281973,0.0216236759639928
2014-05-12,0.0216236759639928,-0.0023861794249134
2014-05-13,-0.0023861794249134,-0.0
2014-05-14,-0.0011403074783939,-0.0
2014-05-15,-0.0130217108303734,0.0
2014-05-16,0.0008712345225282,-0.0
2014-05-19,-0.0143567982881258,0.0
2014-05-20,0.0002969066394093,0.0095161527405376
2014-05-21,0.0095161527405376,-0.0
2014-05-22,-0.0023582509521726,0.0082342031510165
2014-05-23,0.0082342031510165,0.0
2014-05-26,0.0035198057730027,-0.0040334400753996
2014-05-27,-0.0040334400753996,0.0
2014-05-28,0.0102790507060093,-0.0065402018667323
2014-05-29,-0.0065402018667323,0.0006032023549018
2014-05-30,0.0006032023549018,-0.0030355248221161
2014-06-03,-0.0030355248221161,-0.0
2014-06-04,-0.010067360708641,0.0
2014-06-05,0.0104911303713713,-0.0
2014-06-06,-0.0073867689140063,-0.0
2014-06-09,-0.0002037741788603,0.012644539308554
2014-06-10,0.012644539308554,-0.000232271055695
2014-06-11,-0.000232271055695,-0.0
2014-06-12,-0.0034043482727885,0.0
2014-06-13,0.0106027184790635,0.0
2014-06-16,0.007174294035314,-0.0
2014-06-17,-0.0101197387600913,-0.0
2014-06-18,-0.0043485795561913,-0.0
2014-06-19,-0.0154297742055392,0.0046179734233794
2014-06-20,0.0046179734233794,-0.0012257052719365
2014-06-23,-0.0012257052719365,0.0
2014-06-24,0.0050189540370457,-0.0
2014-06-25,-0.0053384408302603,0.0
2014-06-26,0.0073615887719482,0.0
2014-06-27,0.0005500038155932,0.0
2014-06-30,0.0069107986111434,-0.0
2014-07-01,-0.0002581845423666,0.0
2014-07-02,0.0029142194784249,0.0042955187950251
2014-07-03,0.0042955187950251,-0.0
2014-07-04,-0.0006866367732749,-0.0
2014-07-07,-0.0011043308035314,0.0
2014-07-08,0.0019225387804651,-0.0
2014-07-09,-0.0145670228432087,-0.0
2014-07-10,-0.0027286139125334,0.0
2014-07-11,0.0024089447356716,0.0
2014-07-14,0.0110562851459187,0.0014817488873071
2014-07-15,0.0014817488873071,-0.0
2014-07-16,-0.0018887564736347,-0.0
2014-07-17,-0.006356904242911,0.0032803787363215
2014-07-18,0.0032803787363215,0.0
2014-07-21,0.0009939264670004,0.0
2014-07-22,0.0121880907263321,0.0023418637678331
2014-07-23,0.0023418637678331,0.0178275601467444
2014-07-24,0.0178275601467444,0.0104778018922538
2014-07-25,0.0104778018922538,0.0
2014-07-28,0.0280664857590553,0.0032152888015261
2014-07-29,0.0032152888015261,-0.0040139506015564
2014-07-30,-0.0040139506015564,0.0121618717568522
2014-07-31,0.0121618717568522,-0.0088709673988013
2014-08-01,-0.0088709673988013,0.0
2014-08-04,0.0198411437785319,-0.0026380481726874
2014-08-05,-0.0026380481726874,-0.0025880482984173
2014-08-06,-0.0025880482984173,-0.0151335825130193
2014-08-07,-0.0151335825130193,0.0
2014-08-08,0.0015798358465914,0.0
2014-08-11,0.0146774059320485,-0.0
2014-08-12,-0.0035077276122889,0.0
2014-08-13,0.0007844544795786,-0.0097316504592603
2014-08-14,-0.0097316504592603,0.0
2014-08-15,0.0105695981711898,0.0058996837715274
2014-08-18,0.0058996837715274,0.0
2014-08-19,8.675284115560299e-05,-0.0
2014-08-20,-0.0036331970112449,-0.0
2014-08-21,-0.0050275976907536,0.0
2014-08-22,0.0047233846619126,-0.00951270079362
2014-08-25,-0.00951270079362,-0.0080119921651414
2014-08-26,-0.0080119921651414,0.0015072553065884
2014-08-27,0.0015072553065884,-0.0
2014-08-28,-0.007010240183537,0.0
2014-08-29,0.0116857426930036,0.0
2014-09-01,0.0072831093873421,0.0
2014-09-02,0.0132224239879387,0.0093770689640723
2014-09-03,0.0093770689640723,0.0
2014-09-04,0.0072175878992277,0.009494176959753
2014-09-05,0.009494176959753,-0.0016474370411621
2014-09-09,-0.0016474370411621,-0.00523101360039
2014-09-10,-0.00523101360039,-0.0036913658053479
2014-09-11,-0.0036913658053479,0.0061499001012604
2014-09-12,0.0061499001012604,-0.0004794209874023
2014-09-15,-0.0004794209874023,-0.0198687914642647
2014-09-16,-0.0198687914642647,0.0052583657245481
2014-09-17,0.0052583657245481,0.0030558116640556
2014-09-18,0.0030558116640556,0.0
2014-09-19,0.0068697834152042,-0.0190874113633822
2014-09-22,-0.0190874113633822,0.0
2014-09-23,0.0086350108452574,0.0176714613525865
2014-09-24,0.0176714613525865,-0.0020062542385652
2014-09-25,-0.0020062542385652,9.684176834705313e-05
2014-09-26,9.684176834705313e-05,0.0043484308434142
2014-09-29,0.0043484308434142,0.0013028030487796
2014-09-30,0.0013028030487796,0.011177125306203
2014-10-08,0.011177125306203,0.0014412623069154
2014-10-09,0.0014412623069154,-0.0
2014-10-10,-0.0061105056296345,-0.0048009781136531
2014-10-13,-0.0048009781136531,-0.0034151464024055
2014-10-14,-0.0034151464024055,0.0
2014-10-15,0.0070760520272937,-0.0
2014-10-16,-0.0079058425877296,-0.0
2014-10-17,-0.0010894311271296,0.0
2014-10-20,0.0053154891691634,-0.0086853401479847
2014-10-21,-0.0086853401479847,-0.0060615001863654
2014-10-22,-0.0060615001863654,-0.0093875031474286
2014-10-23,-0.0093875031474286,-0.002182862981315
2014-10-24,-0.002182862981315,-0.0091495984868069
2014-10-27,-0.0091495984868069,0.0201875861183907
2014-10-28,0.0201875861183907,0.0143715295493396
2014-10-29,0.0143715295493396,0.0071555496813229
2014-10-30,0.0071555496813229,0.0159583624451936
2014-10-31,0.0159583624451936,0.0016835936332014
2014-11-03,0.0016835936332014,0.0002483534642921
2014-11-04,0.0002483534642921,-0.0038692138858781
2014-11-05,-0.0038692138858781,0.0
2014-11-06,0.0010461571400724,-0.0
2014-11-07,-0.0015618097999775,0.0254089178399563
2014-11-10,0.0254089178399563,-0.0027742591776998
2014-11-11,-0.0027742591776998,0.0139552225972519
2014-11-12,0.0139552225972519,-0.0056153486195602
2014-11-13,-0.0056153486195602,0.0005205930807248
2014-11-14,0.0005205930807248,-0.0054209592602822
2014-11-17,-0.0054209592602822,-0.0100054497271435
2014-11-18,-0.0100054497271435,-0.0016498676328472
2014-11-19,-0.0016498676328472,-4.887233010255555e-05
2014-11-20,-4.887233010255555e-05,0.0182712617836354
2014-11-21,0.0182712617836354,0.0254709294336459
2014-11-24,0.0254709294336459,0.0137030821460198
2014-11-25,0.0137030821460198,0.0139475513682243
2014-11-26,0.0139475513682243,0.0
2014-11-27,0.0115577642160278,0.0
2014-11-28,0.0197237964196639,0.0039137445310644
2014-12-01,0.0039137445310644,0.0369272845140031
2014-12-02,0.0369272845140031,0.0149144647290983
2014-12-03,0.0149144647290983,0.046099323044034
2014-12-04,0.046099323044034,0.0066145870747219
2014-12-05,0.0066145870747219,0.0409602273363658
2014-12-08,0.0409602273363658,-0.0448734521797753
2014-12-09,-0.0448734521797753,0.0368961087742076
2014-12-10,0.0368961087742076,-0.0119613378173087
2014-12-11,-0.0119613378173087,0.0
2014-12-12,0.0032092244704071,0.0075162210516196
2014-12-15,0.0075162210516196,0.0267851703391863
2014-12-16,0.0267851703391863,0.017314271771949
2014-12-17,0.017314271771949,-0.0043655920761721
2014-12-18,-0.0043655920761721,0.0111299499361461
2014-12-19,0.0111299499361461,0.0033442038184932
2014-12-22,0.0033442038184932,-0.0204912032207575
2014-12-23,-0.0204912032207575,-0.0284334318619011
2014-12-24,-0.0284334318619011,0.0325143906995604
2014-12-25,0.0325143906995604,0.0331052860225357
2014-12-26,0.0331052860225357,0.0027906120976632
2014-12-29,0.0027906120976632,0.0006074453291969
2014-12-30,0.0006074453291969,0.0220245294795106
2014-12-31,0.0220245294795106,0.0305164126603664
2015-01-05,0.0305164126603664,-0.0001323615469384
2015-01-06,-0.0001323615469384,0.000750056508285
2015-01-07,0.000750056508285,-0.0231986475620164
2015-01-08,-0.0231986475620164,-0.0035220814220038
2015-01-09,-0.0035220814220038,-0.0093458102028266
2015-01-12,-0.0093458102028266,0.0001320591898396
2015-01-13,0.0001320591898396,-0.0033058815494417
2015-01-14,-0.0033058815494417,0.0290364698952697
2015-01-15,0.0290364698952697,0.0086082015559411
2015-01-16,0.0086082015559411,-0.0770233162574487
2015-01-19,-0.0770233162574487,0.0122399710296543
2015-01-20,0.0122399710296543,0.044950830658302
2015-01-21,0.044950830658302,0.0052771504289374
2015-01-22,0.0052771504289374,0.0011545534787546
2015-01-23,0.0011545534787546,0.0101499776578982
2015-01-26,0.0101499776578982,-0.0091613462916281
2015-01-27,-0.0091613462916281,-0.0138766314650549
2015-01-28,-0.0138766314650549,-0.0123463864162234
2015-01-29,-0.0123463864162234,-0.0136159535963889
2015-01-30,-0.0136159535963889,-0.0
2015-02-02,-0.0234190059952421,0.0248914715739007
2015-02-03,0.0248914715739007,-0.0103789296992388
2015-02-04,-0.0103789296992388,-0.0102364417561691
2015-02-05,-0.0102364417561691,-0.0161944979218555
2015-02-06,-0.0161944979218555,0.010113753690655
2015-02-09,0.010113753690655,0.0182377288644891
2015-02-10,0.0182377288644891,0.0079781199744168
2015-02-11,0.0079781199744168,0.002547956917106
2015-02-12,0.002547956917106,0.0
2015-02-13,0.0078289243231091,0.0085465331422768
2015-02-16,0.0085465331422768,0.0065263926128516
2015-02-17,0.0065263926128516,-0.0123762109199557
2015-02-25,-0.0123762109199557,0.0251718371853628
2015-02-26,0.0251718371853628,0.0018360791802135
2015-02-27,0.0018360791802135,0.0079550094980384
2015-03-02,0.0079550094980384,-0.0259256122501398
2015-03-03,-0.0259256122501398,0.0065343937968585
2015-03-04,0.0065343937968585,-0.0097648649521273
2015-03-05,-0.0097648649521273,-0.0050978965456488
2015-03-06,-0.0050978965456488,0.0170273564619435
2015-03-09,0.0170273564619435,-0.0048446046215815
2015-03-10,-0.0048446046215815,0.0011480961685343
2015-03-11,0.0011480961685343,0.0193468690393069
2015-03-12,0.0193468690393069,0.0069062280466394
2015-03-13,0.0069062280466394,0.0243290063154134
2015-03-16,0.0243290063154134,0.0
2015-03-17,0.0138843950258941,0.0236705116309771
2015-03-18,0.0236705116309771,-0.0016422022045966
2015-03-19,-0.0016422022045966,0.0137600498367206
2015-03-20,0.0137600498367206,0.0204201641381769
2015-03-23,0.0204201641381769,0.0002479820929234
2015-03-24,0.0002479820929234,-0.0082138490216322
2015-03-25,-0.0082138490216322,0.0024329943163303
2015-03-26,0.0024329943163303,0.005493165947637
2015-03-27,0.005493165947637,0.0293277659398488
2015-03-30,0.0293277659398488,-0.0090441267479057
2015-03-31,-0.0090441267479057,0.0179430608777045
2015-04-01,0.0179430608777045,0.0002136329853207
2015-04-02,0.0002136329853207,0.0110944206424784
2015-04-03,0.0110944206424784,0.0214614996914068
2015-04-07,0.0214614996914068,0.0083940447563452
2015-04-08,0.0083940447563452,-0.0078367187694593
2015-04-09,-0.0078367187694593,0.019304396056627
2015-04-10,0.019304396056627,0.0176449492866245
2015-04-13,0.0176449492866245,0.0038703274069439
2015-04-14,0.0038703274069439,-0.0129942787410346
2015-04-15,-0.0129942787410346,0.0303692741010014
2015-04-16,0.0303692741010014,0.01829825152995
2015-04-17,0.01829825152995,-0.0161476944981611
2015-04-20,-0.0161476944981611,0.0215052503151869
2015-04-21,0.0215052503151869,0.0261194449904789
2015-04-22,0.0261194449904789,0.0002274350850053
2015-04-23,0.0002274350850053,-0.0080683128828921
2015-04-24,-0.0080683128828921,0.0223174594871265
2015-04-27,0.0223174594871265,-0.013672333259561
2015-04-28,-0.013672333259561,0.0068464680849987
2015-04-29,0.0068464680849987,-0.0051190471702182
2015-04-30,-0.0051190471702182,0.0079696649561693
2015-05-04,0.0079696649561693,-0.0398735019291978
2015-05-05,-0.0398735019291978,-0.0094652040087565
2015-05-06,-0.0094652040087565,-0.0182806989263016
2015-05-07,-0.0182806989263016,0.0197568773239191
2015-05-08,0.0197568773239191,0.0289855835507339
2015-05-11,0.0289855835507339,0.0121284749789576
2015-05-12,0.0121284749789576,-0.0061054201849805
2015-05-13,-0.0061054201849805,-0.0037423417420516
2015-05-14,-0.0037423417420516,-0.0177221727977794
2015-05-15,-0.0177221727977794,-0.0091673578821302
2015-05-18,-0.0091673578821302,0.0341152401893711
2015-05-19,0.0341152401893711,0.0050086425874753
2015-05-20,0.0050086425874753,0.018098520710868
2015-05-21,0.018098520710868,0.0227968492304032
2015-05-22,0.0227968492304032,0.0299232429233731
2015-05-25,0.0299232429233731,0.0194966364316466
2015-05-26,0.0194966364316466,-0.0033630074565514
2015-05-27,-0.0033630074565514,-0.0670522870695642
2015-05-28,-0.0670522870695642,0.0014112515765906
2015-05-29,0.0014112515765906,0.0486177057689913
2015-06-01,0.0486177057689913,0.016881004393265
2015-06-02,0.016881004393265,-0.003541352261874
2015-06-03,-0.003541352261874,0.0073540076094712
2015-06-04,0.0073540076094712,0.0094831219882749
2015-06-05,0.0094831219882749,0.0235537281724759
2015-06-08,0.0235537281724759,-0.006778425070572
2015-06-09,-0.006778425070572,-0.0015701102462246
2015-06-10,-0.0015701102462246,-0.0004750323594604
2015-06-11,-0.0004750323594604,0.0053754105743989
2015-06-12,0.0053754105743989,-0.0213582271167869
2015-06-15,-0.0213582271167869,-0.0299445152725928
2015-06-16,-0.0299445152725928,0.0146124605543824
2015-06-17,0.0146124605543824,-0.0405309324551206
2015-06-18,-0.0405309324551206,-0.0595263111769843
2015-06-19,-0.0595263111769843,0.0321408752030952
2015-06-23,0.0321408752030952,0.019647664003686
2015-06-24,0.019647664003686,-0.0355749413934201
2015-06-25,-0.0355749413934201,-0.0786826620515614
2015-06-26,-0.0786826620515614,-0.0
2015-06-29,-0.0333578425341463,0.0
2015-06-30,0.067146781979338,-0.0491787878446435
2015-07-01,-0.0491787878446435,-0.0340992673208054
2015-07-02,-0.0340992673208054,-0.0
2015-07-03,-0.0540602265907701,0.0
2015-07-06,0.0289816027717936,-0.0176400768581107
2015-07-07,-0.0176400768581107,-0.0
2015-07-08,-0.0674554051327615,0.0
2015-07-09,0.0640421508106318,0.0
2015-07-10,0.0536043694081189,0.0256310878110249
2015-07-13,0.0256310878110249,-0.0
2015-07-14,-0.0236626918450008,-0.0353562837998469
2015-07-15,-0.0353562837998469,0.0077133508379701
2015-07-16,0.0077133508379701,0.038560518322676
2015-07-17,0.038560518322676,0.0021959315095985
2015-07-20,0.0021959315095985,0.0012963717837663
2015-07-21,0.0012963717837663,-0.0021232088088597
2015-07-22,-0.0021232088088597,0.0225260973812799
2015-07-23,0.0225260973812799,-0.0175322791800612
2015-07-24,-0.0175322791800612,-0.0856138504357958
2015-07-27,-0.0856138504357958,-0.002000350168645
2015-07-28,-0.002000350168645,0.0312998167507134
2015-07-29,0.0312998167507134,-0.0292509442664195
2015-07-30,-0.0292509442664195,0.000337447192463
2015-07-31,0.000337447192463,0.0
2015-08-03,0.0032845396020587,0.0310558081647318
2015-08-04,0.0310558081647318,-0.0205806488771946
2015-08-05,-0.0205806488771946,-0.0
2015-08-06,-0.0090636431799965,0.0
2015-08-07,0.019597105482895,0.045411391530282
2015-08-10,0.045411391530282,-0.004332473158738
2015-08-11,-0.004332473158738,-0.0
2015-08-12,-0.0124285988149711,0.0
2015-08-13,0.0147746353189797,-0.0004718482292687
2015-08-14,-0.0004718482292687,0.0010634730480123
2015-08-17,0.0010634730480123,-0.0
2015-08-18,-0.0619097151183333,0.0
2015-08-19,0.015873714210458,-0.032083696922884
2015-08-20,-0.032083696922884,-0.0457052765843932
2015-08-21,-0.0457052765843932,-0.0
2015-08-24,-0.0874769378257768,-0.0
2015-08-25,-0.071013638019716,-0.0056638237675531
2015-08-26,-0.0056638237675531,0.0
2015-08-27,0.0594725107512594,0.0
2015-08-28,0.0426276520660868,0.0
2015-08-31,0.0072553928129973,-0.0
2015-09-01,-0.0013227840522953,0.0
2015-09-02,0.0011151123676999,-0.0
2015-09-07,-0.0342699240051151,0.0257002570385649
2015-09-08,0.0257002570385649,0.0
2015-09-09,0.0195805770163634,-0.0
2015-09-10,-0.0122802734935201,-0.0030895045540497
2015-09-11,-0.0030895045540497,-0.0197348054387627
2015-09-14,-0.0197348054387627,-0.0
2015-09-15,-0.0392851649325748,0.0
2015-09-16,0.0498112147142473,-0.0
2015-09-17,-0.0218326916770587,0.004409825818275
2015-09-18,0.004409825818275,0.0
2015-09-21,0.0175234428161866,0.0
2015-09-22,0.0093050194835832,-0.0227618499983528
2015-09-23,-0.0227618499983528,0.0067335013266053
2015-09-24,0.0067335013266053,-0.0
2015-09-25,-0.0161484671335222,0.0033419438175957
2015-09-28,0.0033419438175957,-0.0197048655333659
2015-09-29,-0.0197048655333659,0.0
2015-09-30,0.0075791769512941,0.0292026328873638
2015-10-08,0.0292026328873638,0.0
2015-10-09,0.0132365048557825,0.0
2015-10-12,0.032207714708343,-0.0
2015-10-13,-0.0007687168470375,-0.0
2015-10-14,-0.0113007294451554,0.0
2015-10-15,0.0236937039878552,0.0
2015-10-16,0.013551134774859,0.0
2015-10-19,3.304975717335631e-05,0.0
2015-10-20,0.012314192865161,-0.0
2015-10-21,-0.0291942368492496,0.0147641071152173
2015-10-22,0.0147641071152173,0.0132520217779719
2015-10-23,0.0132520217779719,0.0
2015-10-26,0.0050458648675386,0.0
2015-10-27,0.0010080904952831,-0.0
2015-10-28,-0.0189150518105338,0.0
2015-10-29,0.0023792313692008,0.0
2015-10-30,0.0002185771316469,-0.0
2015-11-02,-0.0164445965381416,-0.0
2015-11-03,-0.0030120004466102,0.0470481441210365
2015-11-04,0.0470481441210365,0.0213397259176886
2015-11-05,0.0213397259176886,0.0235847044297204
2015-11-06,0.0235847044297204,0.0
2015-11-09,0.0123849642135197,-0.0
2015-11-10,-0.0018531621571308,0.0001063852572259
2015-11-11,0.0001063852572259,-0.0
2015-11-12,-0.009996124576666,-0.0
2015-11-13,-0.0129322025489205,0.0
2015-11-16,0.0047738504467223,-0.0
2015-11-17,-0.0015247363385425,-0.0113898066215588
2015-11-18,-0.0113898066215588,0.0
2015-11-19,0.0159838857980596,-0.0001551535919897
2015-11-20,-0.0001551535919897,-0.0055765931350957
2015-11-23,-0.0055765931350957,0.0001474954900776
2015-11-24,0.0001474954900776,0.0073838630324868
2015-11-25,0.0073838630324868,-0.0
2015-11-26,-0.005864781979322,-0.0538475980099742
2015-11-27,-0.0538475980099742,0.0
2015-11-30,0.0026482485596539,0.0
2015-12-01,0.0070894216882725,0.0362665715583946
2015-12-02,0.0362665715583946,0.0073466776662638
2015-12-03,0.0073466776662638,-0.0
2015-12-04,-0.0191252576982067,0.002723276387197
2015-12-07,0.002723276387197,-0.0175146361164867
2015-12-08,-0.0175146361164867,0.0
2015-12-09,0.003565533529181,-0.0
2015-12-10,-0.0035352636081659,-0.0041471572755608
2015-12-11,-0.0041471572755608,0.0286201829255161
2015-12-14,0.0286201829255161,-0.0045626598823815
2015-12-15,-0.0045626598823815,-0.0024222411909304
2015-12-16,-0.0024222411909304,0.0191153034164335
2015-12-17,0.0191153034164335,0.0032015597056791
2015-12-18,0.0032015597056791,0.026022948301776
2015-12-21,0.026022948301776,0.002785203694291
2015-12-22,0.002785203694291,-0.0
2015-12-23,-0.0026700578386566,-0.0
2015-12-24,-0.0095642918207707,0.0022976954470857
2015-12-25,0.0022976954470857,-0.028807610648843
2015-12-28,-0.028807610648843,0.0
2015-12-29,0.0091862350345993,0.0
2015-12-30,0.0008774083239619,-0.0090754076994877
2015-12-31,-0.0090754076994877,-0.0702058885104057
2016-01-04,-0.0702058885104057,0.0028000330463569
2016-01-05,0.0028000330463569,0.0
2016-01-06,0.0175430769588542,-0.0693326548031614
2016-01-07,-0.0693326548031614,0.0203920678461305
2016-01-08,0.0203920678461305,-0.0
2016-01-11,-0.0503079341182697,0.0072859404935375
2016-01-12,0.0072859404935375,-0.0
2016-01-13,-0.0186059072057462,0.0
2016-01-14,0.0208159774962198,-0.0
2016-01-15,-0.0319227132448467,0.0038473351701706
2016-01-18,0.0038473351701706,0.0
2016-01-19,0.029512679938528,-0.0151241414737517
2016-01-20,-0.0151241414737517,-0.0
2016-01-21,-0.0293073783491638,0.0
2016-01-22,0.010423109333994,0.004953777186853
2016-01-25,0.004953777186853,-0.0
2016-01-26,-0.0602059327185458,-0.0
2016-01-27,-0.0034540284443999,-0.0261387378082476
2016-01-28,-0.0261387378082476,0.0
2016-01-29,0.0323552516504389,-0.0152889073117992
2016-02-01,-0.0152889073117992,0.0
2016-02-02,0.020780768272097,-0.0042869535439386
2016-02-03,-0.0042869535439386,0.0
2016-02-04,0.0122501279064852,-0.0070258249926844
2016-02-05,-0.0070258249926844,-0.0
2016-02-15,-0.0057638373360806,0.0
2016-02-16,0.0306541207733406,0.0
2016-02-17,0.0086546903159143,-0.0
2016-02-18,-0.0031408407590731,-0.0
2016-02-19,-0.0006921115493228,0.0220483781379184
2016-02-22,0.0220483781379184,-0.0094599401866222
2016-02-23,-0.0094599401866222,0.0
2016-02-24,0.0065328026177045,-0.0613579399741196
2016-02-25,-0.0613579399741196,0.0
2016-02-26,0.0100318626113279,-0.0239359794976347
2016-02-29,-0.0239359794976347,0.0
2016-03-01,0.0184979036767966,0.0411639742495096
2016-03-02,0.0411639742495096,0.0
2016-03-03,0.0023233126954657,0.0115966995920348
2016-03-04,0.0115966995920348,0.0
2016-03-07,0.0035392989956492,0.0
2016-03-08,0.0009124464622119,-0.0115088374654125
2016-03-09,-0.0115088374654125,-0.0
2016-03-10,-0.0191286064324213,0.0
2016-03-11,0.0017054269894748,0.0
2016-03-14,0.015706273404852,0.0029648134071202
2016-03-15,0.0029648134071202,0.0049607458043497
2016-03-16,0.0049607458043497,0.0110584910296097
2016-03-17,0.0110584910296097,0.0
2016-03-18,0.0152868063444899,0.0244246859121621
2016-03-21,0.0244246859121621,-0.0
2016-03-22,-0.0072772294229904,0.0
2016-03-23,0.0031936669906905,-0.0
2016-03-24,-0.0167614806054363,0.0
2016-03-25,0.0050178972885182,-0.0
2016-03-28,-0.0087836798911155,-0.0108269532123621
2016-03-29,-0.0108269532123621,0.0
2016-03-30,0.0257910465164712,0.0
2016-03-31,0.0005635711594713,0.0011829695515775
2016-04-01,0.0011829695515775,0.013219239808823
2016-04-05,0.013219239808823,-0.0
2016-04-06,-0.0021314842294612,-0.0148079789101403
2016-04-07,-0.0148079789101403,-0.0
2016-04-08,-0.0073425581768827,0.0
2016-04-11,0.0139277209607932,-0.0036054659309319
2016-04-12,-0.0036054659309319,0.0
2016-04-13,0.013339776601138,0.0
2016-04-14,0.0044303289607406,-0.0011071385496222
2016-04-15,-0.0011071385496222,-0.0
2016-04-18,-0.0133708603185747,0.0
2016-04-19,0.0030509348269609,-0.0176871965868294
2016-04-20,-0.0176871965868294,-0.0
2016-04-21,-0.0064202862321419,0.0
2016-04-22,0.004523788227393,-0.0040530710058
2016-04-25,-0.0040530710058,0.0
2016-04-26,0.0054165783400559,-0.0041661627338412
2016-04-27,-0.0041661627338412,-0.0
2016-04-28,-0.0016850417616944,-0.0012136376575584
2016-04-29,-0.0012136376575584,0.0
2016-05-03,0.0179915065045954,-0.0012690989938601
2016-05-04,-0.0012690989938601,0.0
2016-05-05,0.0013891738969036,-0.0
2016-05-06,-0.0260011147135308,-0.0206810449321648
2016-05-09,-0.0206810449321648,0.0
2016-05-10,0.0011407171297481,0.0
2016-05-11,0.0044625931588559,0.0
2016-05-12,0.002377247812271,-0.0049195550281715
2016-05-13,-0.0049195550281715,0.0
2016-05-16,0.006625635773581,-0.0029992487017045
2016-05-17,-0.0029992487017045,-0.0
2016-05-18,-0.0058292141453556,-0.0018042814233132
2016-05-19,-0.0018042814233132,0.0
2016-05-20,0.0051324404811467,0.0
2016-05-23,0.0029251336722934,-0.007666081728803
2016-05-24,-0.007666081728803,-0.0
2016-05-25,-0.0014132924501191,0.001629562563523
2016-05-26,0.001629562563523,-0.0
2016-05-27,-0.0005586429733904,0.0013747594979042
2016-05-30,0.0013747594979042,0.0
2016-05-31,0.0335376728705474,-0.0
2016-06-01,-0.0028435494417868,0.0020732803530528
2016-06-02,0.0020732803530528,0.0070177140302844
2016-06-03,0.0070177140302844,-0.0033038960745774
2016-06-06,-0.0033038960745774,-0.0
2016-06-07,-0.0005457110811688,-0.0
2016-06-08,-0.0041129932463211,-0.0308614158392083
2016-06-13,-0.0308614158392083,0.0
2016-06-14,0.0031444966677388,0.0
2016-06-15,0.0131290695521958,-0.0069611158270707
2016-06-16,-0.0069611158270707,0.0050675437690577
2016-06-17,0.0050675437690577,0.0007449948192445
2016-06-20,0.0007449948192445,-0.0
2016-06-21,-0.0020422630776928,0.0
2016-06-22,0.0088991547064972,-0.0
2016-06-23,-0.0053109465844997,-0.0128833232477366
2016-06-24,-0.0128833232477366,0.0
2016-06-27,0.0141003278547453,0.0050814853037016
2016-06-28,0.0050814853037016,0.0047788846408142
2016-06-29,0.0047788846408142,0.000803201178096
2016-06-30,0.000803201178096,8.85564349900167e-05
2016-07-01,8.85564349900167e-05,0.0160090974564931
2016-07-04,0.0160090974564931,0.0008383009909021
2016-07-05,0.0008383009909021,0.0029372235499056
2016-07-06,0.0029372235499056,-0.0
2016-07-07,-0.0021292254873509,-0.0055059352560232
2016-07-08,-0.0055059352560232,0.0034612874232476
2016-07-11,0.0034612874232476,0.0218062155198631
2016-07-12,0.0218062155198631,0.0029591385728806
2016-07-13,0.0029591385728806,-0.0
2016-07-14,-0.0018594716004581,-0.0
2016-07-15,-0.0001483781085587,-0.004351066110853
2016-07-18,-0.004351066110853,-0.0
2016-07-19,-0.0042268565799459,-0.0032722395223915
2016-07-20,-0.0032722395223915,0.0046076033176497
2016-07-21,0.0046076033176497,-0.0084121165395709
2016-07-22,-0.0084121165395709,0.0017744534453013
2016-07-25,0.0017744534453013,0.0119791326525085
2016-07-26,0.0119791326525085,-0.0157038736560158
2016-07-27,-0.0157038736560158,0.0008990930765638
2016-07-28,0.0008990930765638,-0.0
2016-07-29,-0.0053416239889243,-0.0084650091025698
2016-08-01,-0.0084650091025698,0.0
2016-08-02,0.0038541189018881,0.0013967783350348
2016-08-03,0.0013967783350348,0.0024366626623961
2016-08-04,0.0024366626623961,0.0
2016-08-05,0.0011936754971935,0.0090708896396414
2016-08-08,0.0090708896396414,0.0070490748004294
2016-08-09,0.0070490748004294,-0.0
2016-08-10,-0.0041880498362086,-0.0
2016-08-11,-0.0030772281754286,0.0
2016-08-12,0.0188266362141381,0.0301102499194272
2016-08-15,0.0301102499194272,-0.0
2016-08-16,-0.0044730043894603,-0.0015385206952569
2016-08-17,-0.0015385206952569,-0.002538505534283
2016-08-18,-0.002538505534283,0.0
2016-08-19,0.0001588950416216,-0.0083877072101539
2016-08-22,-0.0083877072101539,0.0015089030494502
2016-08-23,0.0015089030494502,-0.0035808825452451
2016-08-24,-0.0035808825452451,-0.0
2016-08-25,-0.0062738314977573,-0.0005687264634234
2016-08-26,-0.0005687264634234,0.000208945011539
2016-08-29,0.000208945011539,0.0012715472232565
2016-08-30,0.0012715472232565,0.0047725425991984
2016-08-31,0.0047725425991984,-0.0078782225028485
2016-09-01,-0.0078782225028485,0.0
2016-09-02,0.0037974280591451,0.0016795136389687
2016-09-05,0.0016795136389687,0.0069119908926169
2016-09-06,0.0069119908926169,-0.0005411015333783
2016-09-07,-0.0005411015333783,-0.000375117800519
2016-09-08,-0.000375117800519,-0.0064439549593899
2016-09-09,-0.0064439549593899,-0.0
2016-09-12,-0.0167085487715051,-0.0006961616522113
2016-09-13,-0.0006961616522113,-0.0066260409596198
2016-09-14,-0.0066260409596198,0.007532057551326
2016-09-19,0.007532057551326,-0.0
2016-09-20,-0.0017531664899546,0.0028344355507211
2016-09-21,0.0028344355507211,0.0074954166155564
2016-09-22,0.0074954166155564,-0.0046958466523763
2016-09-23,-0.0046958466523763,-0.0
2016-09-26,-0.0169073072609802,0.0
2016-09-27,0.0063568310345815,-0.0030437972686978
2016-09-28,-0.0030437972686978,0.0041774861815182
2016-09-29,0.0041774861815182,0.0027423975324277
2016-09-30,0.0027423975324277,0.0124748070012192
2016-10-10,0.0124748070012192,0.0038521265979954
2016-10-11,0.0038521265979954,-0.0019801259757391
2016-10-12,-0.0019801259757391,0.0
2016-10-13,0.0007986642706738,0.0
2016-10-14,0.0009697074663326,-0.0084605823237915
2016-10-17,-0.0084605823237915,0.0
2016-10-18,0.0132566528468547,-0.0015330293348536
2016-10-19,-0.0015330293348536,0.0007127649087716
2016-10-20,0.0007127649087716,0.0027528439364449
2016-10-21,0.0027528439364449,0.0119714280562785
2016-10-24,0.0119714280562785,-0.0
2016-10-25,-3.655446356733008e-05,-0.0037578530752024
2016-10-26,-0.0037578530752024,-0.0
2016-10-27,-0.002714110881652,-0.0
2016-10-28,-0.0016644673229329,-0.0011521720346974
2016-10-31,-0.0011521720346974,0.0
2016-11-01,0.0068260802502717,-0.0076507013959148
2016-11-02,-0.0076507013959148,0.0
2016-11-03,0.0095197255471698,-0.0032421469294237
2016-11-04,-0.0032421469294237,0.0007205050637044
2016-11-07,0.0007205050637044,0.0
2016-11-08,0.0043276340201767,-0.0053581635550724
2016-11-09,-0.0053581635550724,0.0
2016-11-10,0.0112008909368522,0.0078479049755002
2016-11-11,0.0078479049755002,0.0038121911397538
2016-11-14,0.0038121911397538,-0.0
2016-11-15,-0.0001103418697223,-8.093601923138589e-05
2016-11-16,-8.093601923138589e-05,0.0
2016-11-17,0.0020244098416251,-0.0055519876852701
2016-11-18,-0.0055519876852701,0.0069218752642683
2016-11-21,0.0069218752642683,0.0
2016-11-22,0.0079198558744377,0.0018352169929584
2016-11-23,0.0018352169929584,0.0040323433577796
2016-11-24,0.0040323433577796,0.0093323658780897
2016-11-25,0.0093323658780897,0.0039139824105789
2016-11-28,0.0039139824105789,0.0081920902116887
2016-11-29,0.0081920902116887,-0.0
2016-11-30,-0.0073061461368394,0.0
2016-12-01,0.0076413206214469,-0.0101208795647506
2016-12-02,-0.0101208795647506,-0.0168739485377922
2016-12-05,-0.0168739485377922,-0.0
2016-12-06,-0.0029555480557154,0.0
2016-12-07,0.0047971276670507,-0.0016125165370911
2016-12-08,-0.0016125165370911,0.0067887123716472
2016-12-09,0.0067887123716472,-0.0
2016-12-12,-0.02419240069927,-0.0
2016-12-13,-0.0012155124485382,-0.0076622402321503
2016-12-14,-0.0076622402321503,-0.0
2016-12-15,-0.011397491400645,0.0
2016-12-16,0.0016754410759465,-0.0050949326373444
2016-12-19,-0.0050949326373444,-0.0059833894600894
2016-12-20,-0.0059833894600894,0.0
2016-12-21,0.0089064155632403,-0.0
2016-12-22,-0.0008578610504724,-0.0
2016-12-23,-0.0084159653587043,0.0044749981943095
2016-12-26,0.0044749981943095,-0.0
2016-12-27,-0.0018105583053409,-0.0043711749768996
2016-12-28,-0.0043711749768996,-0.0012489518498912
2016-12-29,-0.0012489518498912,0.003734650815607
2016-12-30,0.003734650815607,0.0097116662529807
2017-01-03,0.0097116662529807,0.0078045262751737
2017-01-04,0.0078045262751737,-0.0
2017-01-05,-0.0001551222233975,-0.0
2017-01-06,-0.0059750473693544,0.0048496168898545
2017-01-09,0.0048496168898545,-0.0
2017-01-10,-0.0016735924542854,-0.0
2017-01-11,-0.0070798919301226,-0.0
2017-01-12,-0.0050596261131443,0.0006896803046494
2017-01-13,0.0006896803046494,-0.0001405760067993
2017-01-16,-0.0001405760067993,0.0020819139823202
2017-01-17,0.0020819139823202,0.0039108859144163
2017-01-18,0.0039108859144163,-0.0
2017-01-19,-0.0030173997435979,0.0076893292324778
2017-01-20,0.0076893292324778,0.0027397925016359
2017-01-23,0.0027397925016359,0.0
2017-01-24,0.0001100151934518,0.0
2017-01-25,0.0034042107732944,0.0
2017-01-26,0.0035713098730704,-0.0069269695757382
2017-02-03,-0.0069269695757382,0.0025896329143033
2017-02-06,0.0025896329143033,-0.0022293930481724
2017-02-07,-0.0022293930481724,0.0
2017-02-08,0.0052301093307932,0.0038437758679588
2017-02-09,0.0038437758679588,0.0050626971929744
2017-02-10,0.0050626971929744,0.0066759303126644
2017-02-13,0.0066759303126644,-0.000137008824963
2017-02-14,-0.000137008824963,-0.0041012523356249
2017-02-15,-0.0041012523356249,0.0056170694147327
2017-02-16,0.0056170694147327,-0.0056645100132869
2017-02-17,-0.0056645100132869,0.014599312646519
2017-02-20,0.014599312646519,0.0032927419387826
2017-02-21,0.0032927419387826,0.0019908275556926
2017-02-22,0.0019908275556926,-0.0047089529192679
2017-02-23,-0.0047089529192679,0.0001520445719483
2017-02-24,0.0001520445719483,-0.0079533907564333
2017-02-27,-0.0079533907564333,0.0
2017-02-28,0.0019115130919568,0.0
2017-03-01,0.0016297738685499,-0.0
2017-03-02,-0.006749088085325,-0.0021057633813643
2017-03-03,-0.0021057633813643,0.0054323061004658
2017-03-06,0.0054323061004658,0.0021681516583276
2017-03-07,0.0021681516583276,-0.0015128158099269
2017-03-08,-0.0015128158099269,-0.0063175405981903
2017-03-09,-0.0063175405981903,0.0002765729627663
2017-03-10,0.0002765729627663,0.0088119472622763
2017-03-13,0.0088119472622763,-0.0004061770372036
2017-03-14,-0.0004061770372036,0.0020106498308469
2017-03-15,0.0020106498308469,0.0051572858131247
2017-03-16,0.0051572858131247,-0.0102546121842768
2017-03-17,-0.0102546121842768,0.0011049667318676
2017-03-20,0.0011049667318676,0.0048510374759182
2017-03-21,0.0048510374759182,-0.0047013761000485
2017-03-22,-0.0047013761000485,0.0034573409975309
2017-03-23,0.0034573409975309,0.0079785308873407
2017-03-24,0.0079785308873407,-0.003313044759833
2017-03-27,-0.003313044759833,-0.0
2017-03-28,-0.0023660462642952,-0.0013303324767732
2017-03-29,-0.0013303324767732,-0.0
2017-03-30,-0.0082059780041708,0.0056121204926271
2017-03-31,0.0056121204926271,0.0138446383301376
2017-04-05,0.0138446383301376,0.002897833758175
2017-04-06,0.002897833758175,0.0009722408656527
2017-04-07,0.0009722408656527,-0.0035037180486369
2017-04-10,-0.0035037180486369,0.003477408258137
2017-04-11,0.003477408258137,-0.0022429810356042
2017-04-12,-0.0022429810356042,0.0014610598555261
2017-04-13,0.0014610598555261,-0.0
2017-04-14,-0.0079843993264375,-0.0
2017-04-17,-0.0018823437629293,-0.0049422667052151
2017-04-18,-0.0049422667052151,-0.0048709362742467
2017-04-19,-0.0048709362742467,0.0045480451255923
2017-04-20,0.0045480451255923,0.0
2017-04-21,0.0015133113418242,-0.0102480495986702
2017-04-24,-0.0102480495986702,0.0
2017-04-25,0.0028314973744183,0.0012231710071185
2017-04-26,0.0012231710071185,0.0004461301216145
2017-04-27,0.0004461301216145,-0.0
2017-04-28,-0.002021399938411,-0.0038306238849127
2017-05-02,-0.0038306238849127,-0.0
2017-05-03,-0.0039247335080732,-0.0
2017-05-04,-0.0025612281425585,-0.0064141367736634
2017-05-05,-0.0064141367736634,-0.0070176933368202
2017-05-08,-0.0070176933368202,-0.0
2017-05-09,-0.0018697381887199,-0.004424028832652
2017-05-10,-0.004424028832652,0.0056761230867705
2017-05-11,0.0056761230867705,0.0085599735140368
2017-05-12,0.0085599735140368,0.0040807842265917
2017-05-15,0.0040807842265917,0.0
2017-05-16,0.0086654079171776,-0.0054492307188857
2017-05-17,-0.0054492307188857,-0.0
2017-05-18,-0.0034759588190566,0.0
2017-05-19,0.0016881429506443,0.0021709246108786
2017-05-22,0.0021709246108786,0.0
2017-05-23,0.0037978286304034,-0.0
2017-05-24,-7.914271212376163e-06,0.0179580031569138
2017-05-25,0.0179580031569138,-0.0014985979261707
2017-05-26,-0.0014985979261707,0.0035771395784061
2017-05-31,0.0035771395784061,0.0013895964782115
2017-06-01,0.0013895964782115,-0.0032108749591378
2017-06-02,-0.0032108749591378,-0.0
2017-06-05,-0.0050920872848283,0.0069557545421644
2017-06-06,0.0069557545421644,0.0
2017-06-07,0.0117353534113494,0.007670566883609
2017-06-08,0.007670566883609,0.0
2017-06-09,0.0042661587463626,-0.0
2017-06-12,-0.0004979908255488,0.0
2017-06-13,0.002204012802858,-0.0
2017-06-14,-0.0131114444443763,-0.0
2017-06-15,-0.0018403254016413,-0.0
2017-06-16,-0.0028427570382005,0.0099194571634885
2017-06-19,0.0099194571634885,-0.0
2017-06-20,-0.002018000963681,0.0116907007314829
2017-06-21,0.0116907007314829,0.0
2017-06-22,0.0006654208316437,0.0090633693025107
2017-06-23,0.0090633693025107,0.0124786803085089
2017-06-26,0.0124786803085089,0.0018056526882546
2017-06-27,0.0018056526882546,-0.0077689285961535
2017-06-28,-0.0077689285961535,0.0062151027328263
2017-06-29,0.0062151027328263,-0.0005533647408209
2017-06-30,-0.0005533647408209,-0.0
2017-07-03,-0.0043502263569108,-0.0084534372208438
2017-07-04,-0.0084534372208438,0.0109656282744446
2017-07-05,0.0109656282744446,0.0001139990537422
2017-07-06,0.0001139990537422,-0.0011386037969981
2017-07-07,-0.0011386037969981,-0.0006133871352489
2017-07-10,-0.0006133871352489,0.0
2017-07-11,0.0046861706920253,-0.0032649482187656
2017-07-12,-0.0032649482187656,0.0
2017-07-13,0.0076792168936485,0.0043867232830216
2017-07-14,0.0043867232830216,-0.0106766125839636
2017-07-17,-0.0106766125839636,0.0009889840680813
2017-07-18,0.0009889840680813,0.0170610354706546
2017-07-19,0.0170610354706546,0.0048629845255439
2017-07-20,0.0048629845255439,-0.0051460233177422
2017-07-21,-0.0051460233177422,0.0039883628096526
2017-07-24,0.0039883628096526,-0.0063870176445449
2017-07-25,-0.0063870176445449,-0.0
2017-07-26,-0.0038097527153085,0.0
2017-07-27,0.001836865468678,0.0
2017-07-28,0.0026121205334407,0.0
2017-07-31,0.0042939995508735,0.0086973522804358
2017-08-01,0.0086973522804358,-0.002527674378315
2017-08-02,-0.002527674378315,-0.0087815462052819
2017-08-03,-0.0087815462052819,-0.0054312614986577
2017-08-04,-0.0054312614986577,0.0051826803664579
2017-08-07,0.0051826803664579,0.0
2017-08-08,0.0014538230009336,-0.0003131922083009
2017-08-09,-0.0003131922083009,-0.0040533427105121
2017-08-10,-0.0040533427105121,-0.018453165094369
2017-08-11,-0.018453165094369,0.0129773112278247
2017-08-14,0.0129773112278247,0.0
2017-08-15,0.0030783424970871,-0.0
2017-08-16,-0.001250898326809,0.0
2017-08-17,0.0053645077415814,0.0009130736572417
2017-08-18,0.0009130736572417,0.0043814026395002
2017-08-21,0.0043814026395002,0.0030216299993629
2017-08-22,0.0030216299993629,0.0010101543107717
2017-08-23,0.0010101543107717,-0.0057087580792827
2017-08-24,-0.0057087580792827,0.0163626226615653
2017-08-25,0.0163626226615653,0.0123710585700697
2017-08-28,0.0123710585700697,-0.0021272216634298
2017-08-29,-0.0021272216634298,-6.183274875183968e-05
2017-08-30,-6.183274875183968e-05,-0.0031838141011639
2017-08-31,-0.0031838141011639,0.0022096533082609
2017-09-01,0.0022096533082609,0.0039362613865523
2017-09-04,0.0039362613865523,0.0029722414064034
2017-09-05,0.0029722414064034,-0.0019695122153573
2017-09-06,-0.0019695122153573,-0.0050860773639371
2017-09-07,-0.0050860773639371,-0.0010135588629308
2017-09-08,-0.0010135588629308,-8.996365515378458e-05
2017-09-11,-8.996365515378458e-05,0.0032122162501577
2017-09-12,0.0032122162501577,0.0012173215793361
2017-09-13,0.0012173215793361,-0.0032922187887017
2017-09-14,-0.0032922187887017,0.0003501607355532
2017-09-15,0.0003501607355532,0.0030919820483745
2017-09-18,0.0030919820483745,-0.00286918820711
2017-09-19,-0.00286918820711,0.0026928202932056
2017-09-20,0.0026928202932056,-0.0012017638917694
2017-09-21,-0.0012017638917694,-2.2721246575120946e-05
2017-09-22,-2.2721246575120946e-05,-0.0051954926276218
2017-09-25,-0.0051954926276218,0.0007832014922763
2017-09-26,0.0007832014922763,0.0001095063900014
2017-09-27,0.0001095063900014,0.0003503088035172
2017-09-28,0.0003503088035172,0.0036527296284202
2017-09-29,0.0036527296284202,0.0119135369509715
2017-10-09,0.0119135369509715,0.0019720995858129
2017-10-10,0.0019720995858129,0.0032965422413129
2017-10-11,0.0032965422413129,0.0026307004702503
2017-10-12,0.0026307004702503,0.0020567839087077
2017-10-13,0.0020567839087077,-0.0019269310696804
2017-10-16,-0.0019269310696804,-9.643674161148613e-05
2017-10-17,-9.643674161148613e-05,0.0079461419129661
2017-10-18,0.0079461419129661,-0.0032739775991994
2017-10-19,-0.0032739775991994,-0.0011186010961654
2017-10-20,-0.0011186010961654,0.0010049016362216
2017-10-23,0.0010049016362216,0.0072751637892569
2017-10-24,0.0072751637892569,0.0044334295188964
2017-10-25,0.0044334295188964,0.0041806419946547
2017-10-26,0.0041806419946547,0.0071095193099155
2017-10-27,0.0071095193099155,-0.0030447286547012
2017-10-30,-0.0030447286547012,-0.0007491542181304
2017-10-31,-0.0007491542181304,-0.0025197181962823
2017-11-01,-0.0025197181962823,0.0001281582264182
2017-11-02,0.0001281582264182,-0.0011098951566376
2017-11-03,-0.0011098951566376,0.0
2017-11-06,0.0070608146937437,0.0082959004892848
2017-11-07,0.0082959004892848,-0.0015393242616106
2017-11-08,-0.0015393242616106,0.006890825277247
2017-11-09,0.006890825277247,0.0
2017-11-10,0.0088352024748006,0.0039305566715546
2017-11-13,0.0039305566715546,-0.0069577979635197
2017-11-14,-0.0069577979635197,-0.0
2017-11-15,-0.0062647477612918,0.0076939474914705
2017-11-16,0.0076939474914705,0.0038583563771138
2017-11-17,0.0038583563771138,0.0055771492624776
2017-11-20,0.0055771492624776,0.0178260303611626
2017-11-21,0.0178260303611626,0.0023389753874236
2017-11-22,0.0023389753874236,-0.0296080492262381
2017-11-23,-0.0296080492262381,0.0
2017-11-24,0.0004404254820219,-0.0132195933564111
2017-11-27,-0.0132195933564111,0.0014508830052734
2017-11-28,0.0014508830052734,-0.0005105251744805
2017-11-29,-0.0005105251744805,-0.0117554279147108
2017-11-30,-0.0117554279147108,-0.0019876691523846
2017-12-01,-0.0019876691523846,0.0
2017-12-04,0.0051825644272025,0.0053033236737877
2017-12-05,0.0053033236737877,-0.0060268002557515
2017-12-06,-0.0060268002557515,-0.0111469607049975
2017-12-07,-0.0111469607049975,0.0081394703762617
2017-12-08,0.0081394703762617,0.016516172137778
2017-12-11,0.016516172137778,-0.0131425000473645
2017-12-12,-0.0131425000473645,0.0084851249234223
2017-12-13,0.0084851249234223,-0.0059112474141641
2017-12-14,-0.0059112474141641,-0.0112503960357579
2017-12-15,-0.0112503960357579,0.0011142327737669
2017-12-18,0.0011142327737669,0.0125556690785522
2017-12-19,0.0125556690785522,-0.0011993072981849
2017-12-20,-0.0011993072981849,0.0092690223406594
2017-12-21,0.0092690223406594,-0.0032572746993896
2017-12-22,-0.0032572746993896,-0.00322061489493
2017-12-25,-0.00322061489493,0.0029895286700235
2017-12-26,0.0029895286700235,-0.0153973147572897
2017-12-27,-0.0153973147572897,0.0
2017-12-28,0.0069377249867364,0.0029753185537903
2017-12-29,0.0029753185537903,0.0140283640574608
2018-01-02,0.0140283640574608,0.0
2018-01-03,0.005869573067601,0.0042368613553679
2018-01-04,0.0042368613553679,0.0
2018-01-05,0.0024071331513068,0.0
2018-01-08,0.0051728172548694,0.0
2018-01-09,0.00700410645313,0.0044197145502453
2018-01-10,0.0044197145502453,-0.0005292297671388
2018-01-11,-0.0005292297671388,0.0046164074673726
2018-01-12,0.0046164074673726,5.640235351423138e-05
2018-01-15,5.640235351423138e-05,0.0078655190014917
2018-01-16,0.0078655190014917,-0.0024319985121427
2018-01-17,-0.0024319985121427,0.0054848779567339
2018-01-18,0.0054848779567339,0.0032724973128355
2018-01-19,0.0032724973128355,0.0119481168013681
2018-01-22,0.0119481168013681,0.010610968866974
2018-01-23,0.010610968866974,0.0016593753922459
2018-01-24,0.0016593753922459,-0.005650694335909
2018-01-25,-0.005650694335909,0.0037159003339093
2018-01-26,0.0037159003339093,-0.0180954299495976
2018-01-29,-0.0180954299495976,-0.0106731303617714
2018-01-30,-0.0106731303617714,0.0046513216870432
2018-01-31,0.0046513216870432,-0.0070162561853082
2018-02-01,-0.0070162561853082,0.0059668887932254
2018-02-02,0.0059668887932254,0.0006821918338044
2018-02-05,0.0006821918338044,-0.0293066236570651
2018-02-06,-0.0293066236570651,-0.0237144162278178
2018-02-07,-0.0237144162278178,-0.0094926617897673
2018-02-08,-0.0094926617897673,-0.0427199610213957
2018-02-09,-0.0427199610213957,0.0
2018-02-12,0.0128759103888773,0.0117034899267232
2018-02-13,0.0117034899267232,0.0079603471096538
2018-02-14,0.0079603471096538,0.021621536322486
2018-02-22,0.021621536322486,0.0045292149998919
2018-02-23,0.0045292149998919,0.0116258085152598
2018-02-26,0.0116258085152598,-0.0
2018-02-27,-0.0144322386267389,-0.0
2018-02-28,-0.0087063978576294,0.0063238238297322
2018-03-01,0.0063238238297322,-0.0080574474295596
2018-03-02,-0.0080574474295596,0.0
2018-03-05,0.000407323760893,0.0120623519043964
2018-03-06,0.0120623519043964,-0.0073553729515233
2018-03-07,-0.0073553729515233,0.0101436744535126
2018-03-08,0.0101436744535126,0.0076675248266744
2018-03-09,0.0076675248266744,0.0045757159422021
2018-03-12,0.0045757159422021,-0.0088216677986218
2018-03-13,-0.0088216677986218,-0.0
2018-03-14,-0.0043772894726414,0.0056017846955107
2018-03-15,0.0056017846955107,-0.0097017874802678
2018-03-16,-0.0097017874802678,0.0
2018-03-19,0.0043943399782852,0.0008483038059613
2018-03-20,0.0008483038059613,-0.0040841364629669
2018-03-21,-0.0040841364629669,-0.0100223336318275
2018-03-22,-0.0100223336318275,-0.0287073336170566
2018-03-23,-0.0287073336170566,-0.0
2018-03-26,-0.006413038064265,0.0
2018-03-27,0.0086022733101144,-0.0180292747068825
2018-03-28,-0.0180292747068825,0.0
2018-03-29,0.01335886042045,0.0011422298708147
2018-03-30,0.0011422298708147,-0.0029700671620249
2018-04-02,-0.0029700671620249,-0.0
2018-04-03,-0.0062875765172255,-0.0019720751405392
2018-04-04,-0.0019720751405392,-0.0005015224278427
2018-04-09,-0.0005015224278427,0.0192694171489058
2018-04-10,0.0192694171489058,0.0028444125798485
2018-04-11,0.0028444125798485,-0.0
2018-04-12,-0.0100824118079698,-0.0070514672903242
2018-04-13,-0.0070514672903242,-0.0160886020187881
2018-04-16,-0.0160886020187881,-0.0
2018-04-17,-0.0158109651095352,0.0
2018-04-18,0.004705918507218,0.0120970761084803
2018-04-19,0.0120970761084803,-0.0133763903707471
2018-04-20,-0.0133763903707471,0.0
2018-04-23,0.0014548290264794,0.0204875802429939
2018-04-24,0.0204875802429939,-0.0
2018-04-25,-0.0038473120487465,-0.0
2018-04-26,-0.0191206862169851,0.0
2018-04-27,0.0003681006981211,0.0018019224214583
2018-05-02,0.0018019224214583,0.0077993518040923
2018-05-03,0.0077993518040923,-0.0
2018-05-04,-0.0048515685512373,0.0157870052443463
2018-05-07,0.0157870052443463,0.01160323997701
2018-05-08,0.01160323997701,-0.0018205951529808
2018-05-09,-0.0018205951529808,0.0
2018-05-10,0.0055380762013745,-0.0051934000957859
2018-05-11,-0.0051934000957859,0.0094129930495677
2018-05-14,0.0094129930495677,0.0037869248643994
2018-05-15,0.0037869248643994,-0.0079644555213013
2018-05-16,-0.0079644555213013,-0.0
2018-05-17,-0.0073965200045766,0.0100963996150465
2018-05-18,0.0100963996150465,0.0046574694643082
2018-05-21,0.0046574694643082,-0.0
2018-05-22,-0.0038339892351967,-0.0
2018-05-23,-0.0132162953632705,-0.0
2018-05-24,-0.0070994718623871,-0.0028007296163243
2018-05-25,-0.0028007296163243,0.0043919582821738
2018-05-28,0.0043919582821738,-0.0
2018-05-29,-0.0076307374827362,-0.021197871414247
2018-05-30,-0.021197871414247,0.0
2018-05-31,0.0212182643884881,-0.0
2018-06-01,-0.0083597205631352,0.0
2018-06-04,0.0098098729453177,0.0
2018-06-05,0.0099113659677788,-0.0020714290246701
2018-06-06,-0.0020714290246701,-0.0
2018-06-07,-0.0016517383567012,-0.0134160084247173
2018-06-08,-0.0134160084247173,0.0
2018-06-11,9.680877890270224e-05,0.0
2018-06-12,0.0121618574988905,-0.0098313534085385
2018-06-13,-0.0098313534085385,-0.0
2018-06-14,-0.0039525500766286,-0.0
2018-06-15,-0.0052822076207566,-0.0352523068343445
2018-06-19,-0.0352523068343445,0.0
2018-06-20,0.0039565144077382,-0.0
2018-06-21,-0.0116845713133879,0.0
2018-06-22,0.0044363360066128,-0.0
2018-06-25,-0.0134187254492678,-0.0082479101048716
2018-06-26,-0.0082479101048716,-0.0
2018-06-27,-0.0203474475683461,-0.0103307002958809
2018-06-28,-0.0103307002958809,0.0
2018-06-29,0.0255464724886669,-0.0293423966981341
2018-07-02,-0.0293423966981341,0.0003862423656025
2018-07-03,0.0003862423656025,-0.0133555468205736
2018-07-04,-0.0133555468205736,-0.0063350180912817
2018-07-05,-0.0063350180912817,0.0
2018-07-06,0.0067869024582326,0.0279517296650134
2018-07-09,0.0279517296650134,0.0
2018-07-10,0.0024086029313794,-0.0
2018-07-11,-0.0172993603056712,0.0
2018-07-12,0.0215775668807816,0.0
2018-07-13,0.003342031939217,-0.005899121241718
2018-07-16,-0.005899121241718,-0.0
2018-07-17,-0.0065403335787285,-0.0052341621196382
2018-07-18,-0.0052341621196382,-0.0
2018-07-19,-0.000868382329648,0.0188285711202175
2018-07-20,0.0188285711202175,0.0
2018-07-23,0.0094066701942098,0.0
2018-07-24,0.0158704942888326,-0.0
2018-07-25,-0.0011038036988913,-0.0
2018-07-26,-0.0116013065410174,-0.0
2018-07-27,-0.0042470749203618,-0.0017458403489988
2018-07-30,-0.0017458403489988,0.0
2018-07-31,0.0007332409048854,-0.0199759680933058
2018-08-01,-0.0199759680933058,-0.0221704941729509
2018-08-02,-0.0221704941729509,-0.0
2018-08-03,-0.0165157802771728,-0.0
2018-08-06,-0.0126719464357184,0.0
2018-08-07,0.0292052345896741,-0.0161365704429927
2018-08-08,-0.0161365704429927,0.0
2018-08-09,0.0250481557214758,0.0
2018-08-10,0.0022043368096433,-0.0
2018-08-13,-0.0043098142973706,-0.0
2018-08-14,-0.0051411890610158,-0.0239963744106467
2018-08-15,-0.0239963744106467,-0.0
2018-08-16,-0.0046319900266587,-0.0143764773123039
2018-08-17,-0.0143764773123039,0.0
2018-08-20,0.0116515262880169,0.0181801526164299
2018-08-21,0.0181801526164299,-0.0
2018-08-22,-0.0056195891306715,0.0
2018-08-23,0.0036491432998852,0.0
2018-08-24,0.0015990840070905,0.0
2018-08-27,0.0244302626138656,-0.0018796013061217
2018-08-28,-0.0018796013061217,-0.0
2018-08-29,-0.0039988877028372,-0.0104764886846103
2018-08-30,-0.0104764886846103,-0.0049508008458849
2018-08-31,-0.0049508008458849,-0.0
2018-09-03,-0.0038023050867301,0.0126658094671339
2018-09-04,0.0126658094671339,-0.0
2018-09-05,-0.0195479150024269,-0.0106909916409886
2018-09-06,-0.0106909916409886,0.0
2018-09-07,0.0045245293668098,-0.0
2018-09-10,-0.0145152136421901,-0.0
2018-09-11,-0.0018131196676626,-0.006881310147262
2018-09-12,-0.006881310147262,0.0
2018-09-13,0.010787361796823,0.0
2018-09-14,0.0017067471074745,-0.0
2018-09-17,-0.0114641474194641,0.0
2018-09-18,0.0201282564595012,0.0131675475485511
2018-09-19,0.0131675475485511,-0.0
2018-09-20,-0.0007114000277074,0.0303190289625851
2018-09-21,0.0303190289625851,-0.0
2018-09-25,-0.0089961675838772,0.0
2018-09-26,0.0110766768359932,-0.0039947720402419
2018-09-27,-0.0039947720402419,0.0103639680241175
2018-09-28,0.0103639680241175,-0.0
2018-10-08,-0.0430275990196649,-0.0
2018-10-09,-0.0006710020982717,-0.0
2018-10-10,-0.0021567246246879,-0.0479900065754554
2018-10-11,-0.0479900065754554,0.0
2018-10-12,0.014920166643092,-0.0139635519459233
2018-10-15,-0.0139635519459233,-0.0
2018-10-16,-0.0081491106403181,0.0055700244871464
2018-10-17,0.0055700244871464,-0.0
2018-10-18,-0.0236846268365651,0.0
2018-10-19,0.0297444303982161,0.0431674809019806
2018-10-22,0.0431674809019806,-0.0
2018-10-23,-0.0265566497624725,0.0
2018-10-24,0.0015003020174147,0.0
2018-10-25,0.0019153743655749,-0.0
2018-10-26,-0.0064719486697025,-0.0
2018-10-29,-0.0304843184550209,0.0
2018-10-30,0.0108458904707283,0.0
2018-10-31,0.014006190156741,0.0
2018-11-01,0.0073594482176776,0.0
2018-11-02,0.0356344021269146,-0.0083308069261093
2018-11-05,-0.0083308069261093,-0.0
2018-11-06,-0.0060330048551947,-0.0
2018-11-07,-0.0065492799840549,-0.0
2018-11-08,-0.0028357091651936,-0.0
2018-11-09,-0.0141091481170928,0.0
2018-11-12,0.0119012357029052,0.0
2018-11-13,0.010059339984669,-0.0
2018-11-14,-0.0100203179587409,0.0
2018-11-15,0.0116784615213245,0.0047193851784102
2018-11-16,0.0047193851784102,0.0
2018-11-19,0.0113361882337195,-0.0
2018-11-20,-0.0231273685136761,0.0
2018-11-21,0.0025118633202332,-0.0
2018-11-22,-0.0037392005769238,-0.0
2018-11-23,-0.022073014374909,-0.0
2018-11-26,-0.0007099785613069,-0.0012740496327026
2018-11-27,-0.0012740496327026,0.0
2018-11-28,0.0132891594918121,-0.012984987476614
2018-11-29,-0.012984987476614,0.0111662400528395
2018-11-30,0.0111662400528395,0.0
2018-12-03,0.0278187279564029,0.0020728007437831
2018-12-04,0.0020728007437831,-0.0
2018-12-05,-0.0048062411912686,-0.0
2018-12-06,-0.0216270022537795,-0.0
2018-12-07,-3.407012599962959e-05,-0.0
2018-12-10,-0.0115671075797109,0.0
2018-12-11,0.0047865926689357,0.0
2018-12-12,0.0034158320241325,0.0
2018-12-13,0.0154806842798538,-0.0
2018-12-14,-0.0167039248842529,-0.0014890817047313
2018-12-17,-0.0014890817047313,-0.0
2018-12-18,-0.010366359371638,-0.0119232463987886
2018-12-19,-0.0119232463987886,-0.0
2018-12-20,-0.0076698924065036,-0.0123953806213951
2018-12-21,-0.0123953806213951,0.0
2018-12-24,0.0029058606452489,-0.0068845412022343
2018-12-25,-0.0068845412022343,-0.0
2018-12-26,-0.0050538207986228,-0.0
2018-12-27,-0.0038397316591521,0.006737288613093
2018-12-28,0.006737288613093,-0.0
2019-01-02,-0.0136575991339555,-0.0
2019-01-03,-0.0015804493046437,0.0
2019-01-04,0.0239581055598205,0.0060703768973818
2019-01-07,0.0060703768973818,-0.0
2019-01-08,-0.0021607221025549,0.0100969139550483
2019-01-09,0.0100969139550483,-0.0018806384029187
2019-01-10,-0.0018806384029187,0.0
2019-01-11,0.0071897346894886,-0.0
2019-01-14,-0.0087223375167887,0.0
2019-01-15,0.0196252050950775,0.0
2019-01-16,0.0002114136923181,-0.0
2019-01-17,-0.0055087308056693,0.0
2019-01-18,0.0182415612077429,0.0055118502175654
2019-01-21,0.0055118502175654,-0.0
2019-01-22,-0.0132844099847677,-0.0
2019-01-23,-0.0007202264130463,0.0
2019-01-24,0.0056441259893338,0.0
2019-01-25,0.0081322175571676,-0.0
2019-01-28,-0.0002172732313097,0.0
2019-01-29,0.0032012599372122,-0.0
2019-01-30,-0.007979693483639,0.0104624834806588
2019-01-31,0.0104624834806588,0.0
2019-02-01,0.0142939551693165,0.0
2019-02-11,0.0181916156789078,0.0072169963609255
2019-02-12,0.0072169963609255,0.0200257013160205
2019-02-13,0.0200257013160205,0.0015050510628763
2019-02-14,0.0015050510628763,-0.0186457918857726
2019-02-15,-0.0186457918857726,0.0
2019-02-18,0.0320603676030408,-0.0
2019-02-19,-0.0017810372956232,0.0
2019-02-20,0.003581658350699,-0.002671464141206
2019-02-21,-0.002671464141206,0.02248597730808
2019-02-22,0.02248597730808,0.0
2019-02-25,0.059476667573265,-0.0120095999362485
2019-02-26,-0.0120095999362485,-0.0017101558107885
2019-02-27,-0.0017101558107885,-0.0024526477207255
2019-02-28,-0.0024526477207255,0.0218958549917952
2019-03-01,0.0218958549917952,0.0118381552429206
2019-03-04,0.0118381552429206,0.0
2019-03-05,0.0057745385998907,0.0084059195602363
2019-03-06,0.0084059195602363,-0.0101974218224555
2019-03-07,-0.0101974218224555,-0.0397155865719773
2019-03-08,-0.0397155865719773,0.0197878432700974
2019-03-11,0.0197878432700974,0.0068090104903689
2019-03-12,0.0068090104903689,-0.0082969055443246
2019-03-13,-0.0082969055443246,-0.0069030505150094
2019-03-14,-0.0069030505150094,0.0125779041790562
2019-03-15,0.0125779041790562,0.0285027389816568
2019-03-18,0.0285027389816568,-0.0046174621137587
2019-03-19,-0.0046174621137587,0.0
2019-03-20,0.0003852671906606,0.0003784702963782
2019-03-21,0.0003784702963782,-0.0008053394684388
2019-03-22,-0.0008053394684388,-0.0237299987351978
2019-03-25,-0.0237299987351978,-0.0
2019-03-26,-0.011324707336052,0.0116064613742564
2019-03-27,0.0116064613742564,-0.0040050619388137
2019-03-28,-0.0040050619388137,0.0386080038240579
2019-03-29,0.0386080038240579,0.0262339485993641
2019-04-01,0.0262339485993641,-0.0006650346961495
2019-04-02,-0.0006650346961495,0.012809807767017
2019-04-03,0.012809807767017,0.0
2019-04-04,0.009963386308728,-0.0012314169536744
2019-04-08,-0.0012314169536744,0.0044861904010043
2019-04-09,0.0044861904010043,0.0025560247003132
2019-04-10,0.0025560247003132,-0.0216036479094787
2019-04-11,-0.0216036479094787,-0.0022416074053643
2019-04-12,-0.0022416074053643,-0.0032824411710846
2019-04-15,-0.0032824411710846,0.0277358881258533
2019-04-16,0.0277358881258533,0.0003550599319969
2019-04-17,0.0003550599319969,-0.0037102056013449
2019-04-18,-0.0037102056013449,0.0119183699770973
2019-04-19,0.0119183699770973,-0.0230540989608376
2019-04-22,-0.0230540989608376,-0.001640893808192
2019-04-23,-0.001640893808192,0.0027577470475094
2019-04-24,0.0027577470475094,-0.0
2019-04-25,-0.0219034136891329,-0.013329186344568
2019-04-26,-0.013329186344568,0.0028434864000867
2019-04-29,0.0028434864000867,0.0033015378503875
2019-04-30,0.0033015378503875,-0.0584160169231866
2019-05-06,-0.0584160169231866,0.0
2019-05-07,0.0097843553229199,-0.0143014626081701
2019-05-08,-0.0143014626081701,-0.0184752793583913
2019-05-09,-0.0184752793583913,0.0
2019-05-10,0.0363228036691168,-0.0165464698600944
2019-05-13,-0.0165464698600944,-0.0
2019-05-14,-0.0064259918056012,0.0224797314941993
2019-05-15,0.0224797314941993,0.0
2019-05-16,0.0045266386346267,-0.0254282927704823
2019-05-17,-0.0254282927704823,-0.0
2019-05-20,-0.0084874018464735,0.0135396934329343
2019-05-21,0.0135396934329343,-0.0047443855449916
2019-05-22,-0.0047443855449916,-0.0
2019-05-23,-0.0179249645610997,0.0027760597858584
2019-05-24,0.0027760597858584,0.0120434716034793
2019-05-27,0.0120434716034793,0.0096402254362294
2019-05-28,0.0096402254362294,-0.0022742123005706
2019-05-29,-0.0022742123005706,-0.0062025830881716
2019-05-30,-0.0062025830881716,-0.0
2019-05-31,-0.0031292025314958,0.0006125424415131
2019-06-03,0.0006125424415131,-0.0092362287169315
2019-06-04,-0.0092362287169315,-0.0003783833925261
2019-06-05,-0.0003783833925261,-0.0090148049612118
2019-06-06,-0.0090148049612118,0.0129228229266611
2019-06-10,0.0129228229266611,0.0300581860771888
2019-06-11,0.0300581860771888,-0.0075767974083343
2019-06-12,-0.0075767974083343,-0.001544907112541
2019-06-13,-0.001544907112541,-0.0082795505163588
2019-06-14,-0.0082795505163588,-1.507573477312854e-05
2019-06-17,-1.507573477312854e-05,0.0
2019-06-18,0.0035004961113321,0.0131746527071994
2019-06-19,0.0131746527071994,0.0
2019-06-20,0.0302965757152952,0.0014156912871487
2019-06-21,0.0014156912871487,0.0019112461981978
2019-06-24,0.0019112461981978,-0.0104018053006952
2019-06-25,-0.0104018053006952,-0.0018358935122835
2019-06-26,-0.0018358935122835,0.0106701813837537
2019-06-27,0.0106701813837537,-0.0024068683117411
2019-06-28,-0.0024068683117411,0.0288123865321279
2019-07-01,0.0288123865321279,0.000344909802085
2019-07-02,0.000344909802085,-0.011082836142344
2019-07-03,-0.011082836142344,-0.0052477259670076
2019-07-04,-0.0052477259670076,0.0051897937412903
2019-07-05,0.0051897937412903,-0.0232232461578867
2019-07-08,-0.0232232461578867,-0.0025402403924676
2019-07-09,-0.0025402403924676,-0.0
2019-07-10,-0.0016848092486792,-0.0004008726241761
2019-07-11,-0.0004008726241761,0.0
2019-07-12,0.0062110244025381,0.0040582282114902
2019-07-15,0.0040582282114902,-0.0
2019-07-16,-0.0045350544761426,-0.0
2019-07-17,-0.0005796138424237,-0.0
2019-07-18,-0.0095242953969028,0.010496014238821
2019-07-19,0.010496014238821,-0.0
2019-07-22,-0.0068992147517706,0.0
2019-07-23,0.0021763589292725,0.0
2019-07-24,0.0078943754257187,0.0081767983281989
2019-07-25,0.0081767983281989,0.0019481096989626
2019-07-26,0.0019481096989626,-0.0011139881709508
2019-07-29,-0.0011139881709508,0.0
2019-07-30,0.0041634857793059,-0.0090325145409254
2019-07-31,-0.0090325145409254,-0.0
2019-08-01,-0.00831460648963,-0.0147316815536888
2019-08-02,-0.0147316815536888,-0.0191462812499174
2019-08-05,-0.0191462812499174,-0.0107080621959141
2019-08-06,-0.0107080621959141,-0.004096961636226
2019-08-07,-0.004096961636226,0.0132164881782919
2019-08-08,0.0132164881782919,-0.0097468351946543
2019-08-09,-0.0097468351946543,0.0
2019-08-12,0.0180472177796487,-0.0090165601422419
2019-08-13,-0.0090165601422419,0.0
2019-08-14,0.0045420427434865,0.0
2019-08-15,0.0031498737983894,0.0
2019-08-16,0.0044769889858707,0.0
2019-08-19,0.0217100557854323,-0.0
2019-08-20,-0.0008868678718805,-0.0
2019-08-21,-0.0015773289580857,0.0031065447103316
2019-08-22,0.0031065447103316,0.0
2019-08-23,0.0072117189952587,-0.0143824283922395
2019-08-26,-0.0143824283922395,0.0
2019-08-27,0.0135519418212408,-0.0037625631529123
2019-08-28,-0.0037625631529123,-0.0032603352604086
2019-08-29,-0.0032603352604086,0.0
2019-08-30,0.002479983373906,0.0128260016097016
2019-09-02,0.0128260016097016,0.0
2019-09-03,0.0013748337651147,0.0
2019-09-04,0.0084052602512563,0.0
2019-09-05,0.0101188337255273,0.0059063929261363
2019-09-06,0.0059063929261363,0.0
2019-09-09,0.0061899084654138,-0.0034441423905732
2019-09-10,-0.0034441423905732,-0.0
2019-09-11,-0.0073662914707653,0.0107579962534793
2019-09-12,0.0107579962534793,-0.0036916156986898
2019-09-16,-0.0036916156986898,-0.0
2019-09-17,-0.0168012586251148,0.0
2019-09-18,0.0048475532408749,0.0036568526653278
2019-09-19,0.0036568526653278,0.0028714837491749
2019-09-20,0.0028714837491749,-0.0114312724519711
2019-09-23,-0.0114312724519711,0.0026767169881852
2019-09-24,0.0026767169881852,-0.00771379525617
2019-09-25,-0.00771379525617,-0.0
2019-09-26,-0.0077099007159343,0.0
2019-09-27,0.002997704743187,-0.0098958291965739
2019-09-30,-0.0098958291965739,0.006069138511022
2019-10-08,0.006069138511022,0.0014488183756688
2019-10-09,0.0014488183756688,0.008170165416714
2019-10-10,0.008170165416714,0.0095715237065563
2019-10-11,0.0095715237065563,0.0
2019-10-14,0.0106131685678439,-0.0042980682357066
2019-10-15,-0.0042980682357066,-0.0034460211341262
2019-10-16,-0.0034460211341262,0.0
2019-10-17,0.0006465468783196,-0.0
2019-10-18,-0.014226941989721,0.0
2019-10-21,0.0029622592800904,0.0
2019-10-22,0.0038757332884495,-0.0
2019-10-23,-0.0063646966209875,-0.0
2019-10-24,-0.0001077217424944,0.0067493521402172
2019-10-25,0.0067493521402172,0.0
2019-10-28,0.0076454421242825,-0.0
2019-10-29,-0.0041662156810561,-0.0
2019-10-30,-0.0048591820523929,-0.0011496635186009
2019-10-31,-0.0011496635186009,0.0168869281314302
2019-11-01,0.0168869281314302,0.0
2019-11-04,0.0065111029607625,0.0
2019-11-05,0.0062067484312194,-0.0044796499101831
2019-11-06,-0.0044796499101831,0.0017549580394056
2019-11-07,0.0017549580394056,-0.004725649092861
2019-11-08,-0.004725649092861,-0.0
2019-11-11,-0.0176270353361997,0.0001820404689412
2019-11-12,0.0001820404689412,-0.0009496914815545
2019-11-13,-0.0009496914815545,0.0
2019-11-14,0.0015065456079727,-0.0
2019-11-15,-0.0073652978078818,0.0079543952715867
2019-11-18,0.0079543952715867,0.0100078837151882
2019-11-19,0.0100078837151882,-0.0099251864536841
2019-11-20,-0.0099251864536841,-0.0
2019-11-21,-0.0046741901797454,-0.0101818234172271
2019-11-22,-0.0101818234172271,0.0073276202866559
2019-11-25,0.0073276202866559,0.0034673763212326
2019-11-26,0.0034673763212326,-0.0
2019-11-27,-0.0041202796765066,-0.0
2019-11-28,-0.003435761196935,-0.0087078359390197
2019-11-29,-0.0087078359390197,0.0
2019-12-02,0.0019297298649823,0.0
2019-12-03,0.0039176666447953,-0.0003293355619334
2019-12-04,-0.0003293355619334,0.0
2019-12-05,0.0076743348193772,0.0059343493384146
2019-12-06,0.0059343493384146,-0.0
2019-12-09,-0.0017780151027116,0.0
2019-12-10,0.0012675054373737,0.0
2019-12-11,0.0006063248690648,-0.0
2019-12-12,-0.0030042924613245,0.0
2019-12-13,0.0198397378253263,0.0
2019-12-16,0.0048700159373679,0.0136056598614124
2019-12-17,0.0136056598614124,-0.0022309369321526
2019-12-18,-0.0022309369321526,-0.0
2019-12-19,-0.0013968270940268,-0.0024575198909302
2019-12-20,-0.0024575198909302,-0.0124852738290523
2019-12-23,-0.0124852738290523,0.0
2019-12-24,0.0065191007972027,-0.0
2019-12-25,-0.000523671911308,0.0
2019-12-26,0.008800293049097,-0.0009836343522046
2019-12-27,-0.0009836343522046,0.0148197881675507
2019-12-30,0.0148197881675507,0.003662430829775
2019-12-31,0.003662430829775,0.0135866189524188
2020-01-02,0.0135866189524188,-0.0017522827674155
2020-01-03,-0.0017522827674155,-0.0037803697686318
2020-01-06,-0.0037803697686318,0.0074908663594277
2020-01-07,0.0074908663594277,-0.0115162454821578
2020-01-08,-0.0115162454821578,0.0126577054902281
2020-01-09,0.0126577054902281,-0.0002845088417582
2020-01-10,-0.0002845088417582,0.0098010059558007
2020-01-13,0.0098010059558007,-0.0033544574802931
2020-01-14,-0.0033544574802931,-0.0055256393359799
2020-01-15,-0.0055256393359799,-0.0
2020-01-16,-0.0042457709807471,0.0014002263750725
2020-01-17,0.0014002263750725,0.0074557150397378
2020-01-20,0.0074557150397378,-0.0170866693500051
2020-01-21,-0.0170866693500051,0.0042832471118779
2020-01-22,0.0042832471118779,-0.0309854634313722
2020-01-23,-0.0309854634313722,-0.0788090106017348
2020-02-03,-0.0788090106017348,0.0
2020-02-04,0.0263748273011907,0.0
2020-02-05,0.01132955780025,0.0
2020-02-06,0.0186097411035762,2.415523910596812e-05
2020-02-07,2.415523910596812e-05,0.0041375489173445
2020-02-10,0.0041375489173445,0.0093102787503959
2020-02-11,0.0093102787503959,0.0080881691961138
2020-02-12,0.0080881691961138,-0.0061523692520829
2020-02-13,-0.0061523692520829,0.0070242349413831
2020-02-14,0.0070242349413831,0.0
2020-02-17,0.0224914438881107,-0.0048837941581794
2020-02-18,-0.0048837941581794,-0.0
2020-02-19,-0.0015280550824411,0.0230407902311713
2020-02-20,0.0230407902311713,0.0011663693882829
2020-02-21,0.0011663693882829,-0.0040129025003384
2020-02-24,-0.0040129025003384,-0.0021739294549791
2020-02-25,-0.0021739294549791,-0.0123280543640933
2020-02-26,-0.0123280543640933,0.0029120195770445
2020-02-27,0.0029120195770445,-0.0354544675396381
2020-02-28,-0.0354544675396381,0.0328974097985791
2020-03-02,0.0328974097985791,0.0053309777593061
2020-03-03,0.0053309777593061,0.0057904685274081
2020-03-04,0.0057904685274081,0.0222774076947355
2020-03-05,0.0222774076947355,-0.0162163912255639
2020-03-06,-0.0162163912255639,-0.0
2020-03-09,-0.0341607959507717,0.0214151019512112
2020-03-10,0.0214151019512112,-0.0133005562574957
2020-03-11,-0.0133005562574957,-0.0192426878875782
2020-03-12,-0.0192426878875782,-0.0140722731017662
2020-03-13,-0.0140722731017662,-0.042993466404033
2020-03-16,-0.042993466404033,-0.0
2020-03-17,-0.0048708101673253,-0.0197929892754695
2020-03-18,-0.0197929892754695,-0.0129704546420198
2020-03-19,-0.0129704546420198,0.0178683882382973
2020-03-20,0.0178683882382973,-0.0336464731876959
2020-03-23,-0.0336464731876959,0.0
2020-03-24,0.026855690518368,0.0268690816008961
2020-03-25,0.0268690816008961,-0.0
2020-03-26,-0.0065737490974187,0.0032485523711
2020-03-27,0.0032485523711,-0.0096897880775798
2020-03-30,-0.0096897880775798,0.0032781537236166
2020-03-31,0.0032781537236166,-0.0030056521495798
2020-04-01,-0.0030056521495798,0.0161778431889758
2020-04-02,0.0161778431889758,-0.0
2020-04-03,-0.0057068216283995,0.0228381670961817
2020-04-07,0.0228381670961817,-0.0
2020-04-08,-0.0046542391783258,0.0
2020-04-09,0.0032975830641889,-0.0
2020-04-10,-0.0062308148535235,-0.0042241568732408
2020-04-13,-0.0042241568732408,0.0
2020-04-14,0.0193012382899692,-0.0074069599462226
2020-04-15,-0.0074069599462226,0.0
2020-04-16,0.0013215225737086,0.0097587548179684
2020-04-17,0.0097587548179684,0.003637985917442
2020-04-20,0.003637985917442,-0.0117836328234368
2020-04-21,-0.0117836328234368,0.0082288891677136
2020-04-22,0.0082288891677136,-0.0
2020-04-23,-0.0025084496640789,-0.0085594042957084
2020-04-24,-0.0085594042957084,0.0
2020-04-27,0.0067940715181973,0.0069001030404923
2020-04-28,0.0069001030404923,0.0046466145157115
2020-04-29,0.0046466145157115,0.0117778182337255
2020-04-30,0.0117778182337255,0.0060514333110155
2020-05-06,0.0060514333110155,-0.0028858148606724
2020-05-07,-0.0028858148606724,0.0098670420347084
2020-05-08,0.0098670420347084,-0.0
2020-05-11,-0.0008682463313792,0.0
2020-05-12,1.4519540941075553e-05,0.0
2020-05-13,0.0020238936156813,-0.0108448733194398
2020-05-14,-0.0108448733194398,-0.0031595190248938
2020-05-15,-0.0031595190248938,0.0025801878386356
2020-05-18,0.0025801878386356,0.0
2020-05-19,0.0084982284969605,-0.0053150085706171
2020-05-20,-0.0053150085706171,-0.0054449532961546
2020-05-21,-0.0054449532961546,-0.0229268273613418
2020-05-22,-0.0229268273613418,0.0013756307425817
2020-05-25,0.0013756307425817,0.0
2020-05-26,0.0113454997088912,-0.0070121900600297
2020-05-27,-0.0070121900600297,0.0028653165483218
2020-05-28,0.0028653165483218,0.0026942676724906
2020-05-29,0.0026942676724906,0.0269760471051738
2020-06-01,0.0269760471051738,0.0
2020-06-02,0.0030789354183255,2.0082500417886015e-05
2020-06-03,2.0082500417886015e-05,-0.0
2020-06-04,-0.0003671509405813,0.0
2020-06-05,0.0047877734262025,0.0
2020-06-08,0.0051743818414386,0.0
2020-06-09,0.0062343811960695,-0.0018097719233216
2020-06-10,-0.0018097719233216,-0.0108474502260079
2020-06-11,-0.0108474502260079,0.0
2020-06-12,0.0018014283996089,-0.012014390209106
2020-06-15,-0.012014390209106,0.0
2020-06-16,0.0150650003187114,0.0007532313172652
2020-06-17,0.0007532313172652,0.0066681947785616
2020-06-18,0.0066681947785616,0.0134322797522549
2020-06-19,0.0134322797522549,0.0008140123128999
2020-06-22,0.0008140123128999,0.0
2020-06-23,0.0048143049788886,0.0041717510218364
2020-06-24,0.0041717510218364,-0.0070725233779886
2020-06-29,-0.0070725233779886,0.0131997672637459
2020-06-30,0.0131997672637459,0.0201298104495962
2020-07-01,0.0201298104495962,0.0207310471449405
2020-07-02,0.0207310471449405,0.0193159602471906
2020-07-03,0.0193159602471906,0.0566792594480648
2020-07-06,0.0566792594480648,0.0060023405520089
2020-07-07,0.0060023405520089,0.0161506510339952
2020-07-08,0.0161506510339952,0.0139855344073639
2020-07-09,0.0139855344073639,-0.0
2020-07-10,-0.0181041194427862,0.0210025458364484
2020-07-13,0.0210025458364484,-0.0
2020-07-14,-0.00953459096273,-0.0129447701871861
2020-07-15,-0.0129447701871861,-0.0
2020-07-16,-0.0481013817205707,0.0062989161015153
2020-07-17,0.0062989161015153,0.0298378064808536
2020-07-20,0.0298378064808536,0.0022942737530371
2020-07-21,0.0022942737530371,0.0
2020-07-22,0.0049888484276149,-0.0004262855605453
2020-07-23,-0.0004262855605453,-0.0438934583234736
2020-07-24,-0.0438934583234736,0.0050735634968697
2020-07-27,0.0050735634968697,0.0087905574755159
2020-07-28,0.0087905574755159,0.0242434664805241
2020-07-29,0.0242434664805241,-0.004885095302252
2020-07-30,-0.004885095302252,0.0083535957793117
2020-07-31,0.0083535957793117,0.0162436314258207
2020-08-03,0.0162436314258207,0.000941376529066
2020-08-04,0.000941376529066,0.0002735665947989
2020-08-05,0.0002735665947989,-0.0030027994547079
2020-08-06,-0.0030027994547079,-0.0115139019479485
2020-08-07,-0.0115139019479485,0.0035989306714281
2020-08-10,0.0035989306714281,-0.0091189816303294
2020-08-11,-0.0091189816303294,-0.0072919003071415
2020-08-12,-0.0072919003071415,-0.0025673219505639
2020-08-13,-0.0025673219505639,0.0148663659606509
2020-08-14,0.0148663659606509,0.0235081883612155
2020-08-17,0.0235081883612155,-0.0005128938805178
2020-08-18,-0.0005128938805178,-0.0149764488391725
2020-08-19,-0.0149764488391725,-0.0129778894092456
2020-08-20,-0.0129778894092456,0.0
2020-08-21,0.0084820240169889,0.0078421764012455
2020-08-24,0.0078421764012455,0.0012829675357025
2020-08-25,0.0012829675357025,-0.0117221919160147
2020-08-26,-0.0117221919160147,0.0
2020-08-27,0.005357884063641,0.0238663842128109
2020-08-28,0.0238663842128109,-0.005790331214732
2020-08-31,-0.005790331214732,0.0053791199907529
2020-09-01,0.0053791199907529,0.0003644476307423
2020-09-02,0.0003644476307423,-0.0055310538829662
2020-09-03,-0.0055310538829662,-0.0097312172696939
2020-09-04,-0.0097312172696939,-0.0211418595246885
2020-09-07,-0.0211418595246885,0.0053586912849035
2020-09-08,0.0053586912849035,-0.0233897724803144
2020-09-09,-0.0233897724803144,-0.0005695603620888
2020-09-10,-0.0005695603620888,0.0098876740446673
2020-09-11,0.0098876740446673,0.0051365135987156
2020-09-14,0.0051365135987156,0.0080480524540402
2020-09-15,0.0080480524540402,-0.0066384377751556
2020-09-16,-0.0066384377751556,-0.0
2020-09-17,-0.0052914544863027,0.0225298810792169
2020-09-18,0.0225298810792169,-0.0096389582065457
2020-09-21,-0.0096389582065457,-0.0118657472337687
2020-09-22,-0.0118657472337687,0.003573631322824
2020-09-23,0.003573631322824,-0.0
2020-09-24,-0.0191864403005351,0.0015243918140385
2020-09-25,0.0015243918140385,0.0026010599162156
2020-09-28,0.0026010599162156,0.0021586637969745
2020-09-29,0.0021586637969745,-0.000959101152352
2020-09-30,-0.000959101152352,0.0204355399675279
2020-10-09,0.0204355399675279,0.030338029538609
2020-10-12,0.030338029538609,0.0033262855301976
2020-10-13,0.0033262855301976,-0.0066330991417798
2020-10-14,-0.0066330991417798,-0.00174034164991
2020-10-15,-0.00174034164991,-0.0
2020-10-16,-0.0014712415629606,-0.0075522844198982
2020-10-19,-0.0075522844198982,0.0079864150216847
2020-10-20,0.0079864150216847,-0.0
2020-10-21,-0.0001332647065989,-0.0030971065018728
2020-10-22,-0.0030971065018728,-0.0124521961090497
2020-10-23,-0.0124521961090497,-0.0057756212207041
2020-10-26,-0.0057756212207041,0.001714537527307
2020-10-27,0.001714537527307,0.0080847718092597
2020-10-28,0.0080847718092597,0.0075250062704865
2020-10-29,0.0075250062704865,-0.0162554585559973
2020-10-30,-0.0162554585559973,0.005430391338737
2020-11-02,0.005430391338737,0.0120168454229661
2020-11-03,0.0120168454229661,0.0075552361363982
2020-11-04,0.0075552361363982,0.0148443083723216
2020-11-05,0.0148443083723216,0.0001240503850906
2020-11-06,0.0001240503850906,0.0195737666223782
2020-11-09,0.0195737666223782,-0.0055153927458655
2020-11-10,-0.0055153927458655,-0.0098867036548111
2020-11-11,-0.0098867036548111,0.0007268040899767
2020-11-12,0.0007268040899767,-0.0105148393702874
2020-11-13,-0.0105148393702874,0.0
2020-11-16,0.0097429995437577,-0.0019137992642834
2020-11-17,-0.0019137992642834,-0.0
2020-11-18,-0.000636268878762,0.0074243536708392
2020-11-19,0.0074243536708392,0.0031045320290988
2020-11-20,0.0031045320290988,0.0124894801804191
2020-11-23,0.0124894801804191,-0.0061421842793943
2020-11-24,-0.0061421842793943,-0.0127828408723222
2020-11-25,-0.0127828408723222,0.0
2020-11-26,0.0018105769034964,0.0
2020-11-27,0.0124347323818288,-0.0041184637299692
2020-11-30,-0.0041184637299692,0.0215405189401771
2020-12-01,0.0215405189401771,9.157114635051798e-06
2020-12-02,9.157114635051798e-06,-0.0
2020-12-03,-0.00199015433682,0.0
2020-12-04,0.0017512150290159,-0.0086225664644321
2020-12-07,-0.0086225664644321,-0.002460358735496
2020-12-08,-0.002460358735496,-0.0134095065696802
2020-12-09,-0.0134095065696802,-0.0
2020-12-10,-0.0004397800019607,-0.0103016786738591
2020-12-11,-0.0103016786738591,0.0092452818303686
2020-12-14,0.0092452818303686,0.0
2020-12-15,0.0020800694620967,0.0017728660694424
2020-12-16,0.0017728660694424,0.0
2020-12-17,0.0128407565241456,-0.0034899203552126
2020-12-18,-0.0034899203552126,0.0
2020-12-21,0.0093744203712671,-0.0162610478050461
2020-12-22,-0.0162610478050461,0.0
2020-12-23,0.0085302596028211,-0.0
2020-12-24,-0.0014195974994424,0.0083996341291269
2020-12-25,0.0083996341291269,0.0
2020-12-28,0.0044428677375469,-0.0042410823900342
2020-12-29,-0.0042410823900342,0.0
2020-12-30,0.0140343638302298,0.0190816433585748
2020-12-31,0.0190816433585748,0.0
2021-01-04,0.0108283392869153,0.0191329144966963
2021-01-05,0.0191329144966963,0.0
2021-01-06,0.0091576334409232,0.0
2021-01-07,0.0177177902587122,-0.0033056464450235
2021-01-08,-0.0033056464450235,-0.0
2021-01-11,-0.0098758958033242,0.0
2021-01-12,0.0285222725462701,-0.0
2021-01-13,-0.0032845322020012,-0.0
2021-01-14,-0.0192748936974592,-0.0022621696109701
2021-01-15,-0.0022621696109701,0.0
2021-01-18,0.0110733603596809,-0.0
2021-01-19,-0.0146773215755925,0.0071558680556667
2021-01-20,0.0071558680556667,0.0
2021-01-21,0.0161666709516937,0.0008637424109419
2021-01-22,0.0008637424109419,0.0100806926526309
2021-01-25,0.0100806926526309,-0.0
2021-01-26,-0.0200776647644247,0.0
2021-01-27,0.0027273150407298,-0.0272902690327577
2021-01-28,-0.0272902690327577,-0.0046824310613888
2021-01-29,-0.0046824310613888,0.0122728390243836
2021-02-01,0.0122728390243836,0.0
2021-02-02,0.0154020884780932,-0.0
2021-02-03,-0.0028886449171043,-0.0
2021-02-04,-0.0020515748484539,0.0017293735462387
2021-02-05,0.0017293735462387,0.0147987731730634
2021-02-08,0.0147987731730634,0.0218684605138179
2021-02-09,0.0218684605138179,0.0213618633946145
2021-02-10,0.0213618633946145,-0.006773347560835
2021-02-18,-0.006773347560835,0.0018134376482108
2021-02-19,0.0018134376482108,-0.0314092858050107
2021-02-22,-0.0314092858050107,-0.003155896021689
2021-02-23,-0.003155896021689,-0.0
2021-02-24,-0.0254674287884614,0.0
2021-02-25,0.0058831628836735,-0.0242793824086419
2021-02-26,-0.0242793824086419,0.0153693975684763
2021-03-01,0.0153693975684763,-0.0127618306669077
2021-03-02,-0.0127618306669077,0.019175606178827
2021-03-03,0.019175606178827,-0.0314563491426645
2021-03-04,-0.0314563491426645,-0.0033915920860427
2021-03-05,-0.0033915920860427,-0.034728917280051
2021-03-08,-0.034728917280051,-0.0214615496153306
2021-03-09,-0.0214615496153306,0.0065605922221597
2021-03-10,0.0065605922221597,0.0249027097843975
2021-03-11,0.0249027097843975,0.0035417777676897
2021-03-12,0.0035417777676897,-0.0215364062022175
2021-03-15,-0.0215364062022175,0.0087018004668055
2021-03-16,0.0087018004668055,0.0042319681698632
2021-03-17,0.0042319681698632,0.0
2021-03-18,0.008020219186258,-0.0
2021-03-19,-0.0261928187698703,0.0
2021-03-22,0.0099980813209555,-0.0094729405008985
2021-03-23,-0.0094729405008985,-0.0160823807831034
2021-03-24,-0.0160823807831034,-0.0004744470092258
2021-03-25,-0.0004744470092258,0.0
2021-03-26,0.0226624316691948,0.001764076581416
2021-03-29,0.001764076581416,0.0094814668864645
2021-03-30,0.0094814668864645,-0.0
2021-03-31,-0.0091012493677042,0.0123636371703787
2021-04-01,0.0123636371703787,0.0099358868499207
2021-04-02,0.0099358868499207,-0.0
2021-04-06,-0.00411021333505,-0.0071199545524385
2021-04-07,-0.0071199545524385,0.001658743461759
2021-04-08,0.001658743461759,-0.0150367886005276
2021-04-09,-0.0150367886005276,-0.0173953586506438
2021-04-12,-0.0173953586506438,-0.0
2021-04-13,-0.001637533568569,0.0082969747737682
2021-04-14,0.0082969747737682,-0.0063553834246481
2021-04-15,-0.0063553834246481,0.0034768822087792
2021-04-16,0.0034768822087792,0.0243316539543835
2021-04-19,0.0243316539543835,-0.0007177291443815
2021-04-20,-0.0007177291443815,0.0030254563246623
2021-04-21,0.0030254563246623,-0.0018634782061758
2021-04-22,-0.0018634782061758,0.0090799153155082
2021-04-23,0.0090799153155082,-0.0113361363575026
2021-04-26,-0.0113361363575026,0.0
2021-04-27,0.0026160487439902,0.0056423710782367
2021-04-28,0.0056423710782367,0.0087761233249741
2021-04-29,0.0087761233249741,-0.0078773948769921
2021-04-30,-0.0078773948769921,-0.0121722911867283
2021-05-06,-0.0121722911867283,-0.0128571627285034
2021-05-07,-0.0128571627285034,-0.0007267137114067
2021-05-10,-0.0007267137114067,0.0
2021-05-11,0.0061368009354979,0.0042779903363676
2021-05-12,0.0042779903363676,-0.0102237700934995
2021-05-13,-0.0102237700934995,0.0235563623426184
2021-05-14,0.0235563623426184,0.0145570665117517
2021-05-17,0.0145570665117517,0.0
2021-05-18,0.0005045337351293,-0.0029549880789798
2021-05-19,-0.0029549880789798,0.0027338082761309
2021-05-20,0.0027338082761309,-0.0100770436286204
2021-05-21,-0.0100770436286204,0.0
2021-05-24,0.0041758045828165,0.0315949443201187
2021-05-25,0.0315949443201187,0.0003976137534084
2021-05-26,0.0003976137534084,0.0033154576932753
2021-05-27,0.0033154576932753,-0.00321160584807
2021-05-28,-0.00321160584807,0.0019697097319521
2021-05-31,0.0019697097319521,0.0
2021-06-01,0.0018962896029717,-0.0
2021-06-02,-0.0096797640322805,-0.0
2021-06-03,-0.0065573295110584,0.0
2021-06-04,0.0051361053552657,-0.0008803210857621
2021-06-07,-0.0008803210857621,-0.0
2021-06-08,-0.0086233072435147,0.0
2021-06-09,0.0008281161170627,0.0066871267138974
2021-06-10,0.0066871267138974,-0.0088709856258013
2021-06-11,-0.0088709856258013,-0.0
2021-06-15,-0.0111285368756847,-0.0
2021-06-16,-0.0166588223107148,0.0042124866319512
2021-06-17,0.0042124866319512,0.0001123700688003
2021-06-18,0.0001123700688003,-0.0
2021-06-21,-0.0023675416377614,0.006241747432326
2021-06-22,0.006241747432326,0.0049267317646156
2021-06-23,0.0049267317646156,0.0016668629472258
2021-06-24,0.0016668629472258,0.0
2021-06-25,0.0162907344486506,0.0
2021-06-28,0.0022503952504752,-0.0
2021-06-29,-0.0116562629170973,0.0
2021-06-30,0.0064533691985494,0.0
2021-07-01,0.0010764080909778,-0.0284046918347071
2021-07-02,-0.0284046918347071,0.0
2021-07-05,0.000920112608306,-0.0
2021-07-06,-0.0005285508704602,0.0112894791476145
2021-07-07,0.0112894791476145,-0.0
2021-07-08,-0.0101611521501092,-0.0036988111016256
2021-07-09,-0.0036988111016256,0.0
2021-07-12,0.0124812106814011,0.0
2021-07-13,0.0018295018022452,-0.0
2021-07-14,-0.0114766749633433,0.0
2021-07-15,0.0134520082479834,-0.0
2021-07-16,-0.0110046222600935,0.0
2021-07-19,0.0036747076076621,-0.0
2021-07-20,-0.0008801026382251,0.0
2021-07-21,0.0068601958260238,0.0014986072821943
2021-07-22,0.0014986072821943,-0.0
2021-07-23,-0.0121363574257665,-0.0
2021-07-26,-0.032211013842924,-0.0
2021-07-27,-0.035324961997231,0.001929908637886
2021-07-28,0.001929908637886,0.0
2021-07-29,0.0188619531977702,-0.0
2021-07-30,-0.0080624507321708,0.0
2021-08-02,0.0254754067592089,0.0
2021-08-03,0.0001464002127394,0.0
2021-08-04,0.0089958405363359,-0.0
2021-08-05,-0.0060611612578082,-0.0
2021-08-06,-0.0054773501479781,0.0
2021-08-09,0.01300358806621,0.0
2021-08-10,0.0115504113507588,-0.0
2021-08-11,-0.0055138972721006,-0.0
2021-08-12,-0.0083722529233607,-0.0055029296243706
2021-08-13,-0.0055029296243706,-0.0009937963999025
2021-08-16,-0.0009937963999025,-0.0209801217858262
2021-08-17,-0.0209801217858262,0.0117490718264265
2021-08-18,0.0117490718264265,-0.0065585280847782
2021-08-19,-0.0065585280847782,-0.0191009743570907
2021-08-20,-0.0191009743570907,0.0139665883303932
2021-08-23,0.0139665883303932,0.0108588342857766
2021-08-24,0.0108588342857766,0.0
2021-08-25,0.0019979992595517,-0.0
2021-08-26,-0.0197110456152773,0.0
2021-08-27,0.0052969531424192,-0.0
2021-08-30,-0.0028532994514468,-0.0
2021-08-31,-0.00159151668669,0.0
2021-09-01,0.013286305240881,-0.0
2021-09-02,-9.73414149716062e-06,-0.0054111058558557
2021-09-03,-0.0054111058558557,0.0
2021-09-06,0.0187203452096756,0.0
2021-09-07,0.0119794243952977,-0.0
2021-09-08,-0.0041453449220594,-0.0
2021-09-09,-0.000426195408634,0.0
2021-09-10,0.0087542220460456,-0.0
2021-09-13,-0.0043606272069938,-0.0
2021-09-14,-0.0149245146874794,-0.0
2021-09-15,-0.0101365387272092,-0.0122492287180619
2021-09-16,-0.0122492287180619,0.0100344077366926
2021-09-17,0.0100344077366926,-0.0070372983588224
2021-09-22,-0.0070372983588224,0.0
2021-09-23,0.0065179832913968,-0.0007763956438022
2021-09-24,-0.0007763956438022,0.0057619376406003
2021-09-27,0.0057619376406003,0.0013241153049334
2021-09-28,0.0013241153049334,-0.0
2021-09-29,-0.0102173745676547,0.0067138979580602
2021-09-30,0.0067138979580602,0.0
2021-10-08,0.0130606870080457,0.0012679462344061
2021-10-11,0.0012679462344061,-0.0106063342190227
2021-10-12,-0.0106063342190227,0.0
2021-10-13,0.0115220882990584,-0.0053635659732117
2021-10-14,-0.0053635659732117,0.0037642571026615
2021-10-15,0.0037642571026615,-0.0116244606464853
2021-10-18,-0.0116244606464853,0.0
2021-10-19,0.009835920026919,-0.0025470861331388
2021-10-20,-0.0025470861331388,0.0
2021-10-21,0.0036314316981076,0.0
2021-10-22,0.00643459813723,0.0
2021-10-25,0.0039917734155201,-0.0
2021-10-26,-0.0032985284636171,-0.0
2021-10-27,-0.0130833593788912,-0.0069467656087655
2021-10-28,-0.0069467656087655,0.0
2021-10-29,0.009175747069676,-0.0036842222454052
2021-11-01,-0.0036842222454052,-0.0
2021-11-02,-0.010395148933224,-0.0
2021-11-03,-0.0038707432346448,0.0098794636979905
2021-11-04,0.0098794636979905,-0.0054215443213368
2021-11-05,-0.0054215443213368,0.0
2021-11-08,0.0012047260234905,-0.0
2021-11-09,-0.00029600801703,-0.0052719718415519
2021-11-10,-0.0052719718415519,0.0
2021-11-11,0.0160666474114028,-0.0
2021-11-12,-0.0020981278342869,-0.0012268289815496
2021-11-15,-0.0012268289815496,0.0
2021-11-16,0.0001931231170419,0.0
2021-11-17,0.0004983903780554,-0.0
2021-11-18,-0.0098522963004444,0.0
2021-11-19,0.0108398378251613,0.0045687601832903
2021-11-22,0.0045687601832903,0.0001927164304038
2021-11-23,0.0001927164304038,0.0006741231336521
2021-11-24,0.0006741231336521,-0.0
2021-11-25,-0.0041117971620518,-0.0
2021-11-26,-0.0074166308855802,-0.0
2021-11-29,-0.0017907970090903,-0.0
2021-11-30,-0.0039982083607221,0.0
2021-12-01,0.0024472136532377,0.0
2021-12-02,0.0025417792578673,0.009236613350911
2021-12-03,0.009236613350911,-0.0
2021-12-06,-0.0017132360780185,0.0
2021-12-07,0.0060255230483931,0.0
2021-12-08,0.0149993452999699,0.016565545016265
2021-12-09,0.016565545016265,-0.0046415314846637
2021-12-10,-0.0046415314846637,0.0
2021-12-13,0.0056741513332272,-0.0067086422172292
2021-12-14,-0.0067086422172292,-0.0
2021-12-15,-0.008673038153411,0.0
2021-12-16,0.0057598044674932,-0.0
2021-12-17,-0.015884102353728,-0.0
2021-12-20,-0.0150041781035645,0.0
2021-12-21,0.0067755469623932,0.0001972327056721
2021-12-22,0.0001972327056721,0.0069762576289243
2021-12-23,0.0069762576289243,-0.0
2021-12-24,-0.0055355516937861,-0.0004106804219309
2021-12-27,-0.0004106804219309,0.0074483001098646
2021-12-28,0.0074483001098646,-0.0
2021-12-29,-0.0146256094979212,0.0
2021-12-30,0.0077875811685452,0.0
2021-12-31,0.0038326441581181,-0.0045761724119106
2022-01-04,-0.0045761724119106,-0.0
2022-01-05,-0.0100950527264893,-0.0102479803189741
2022-01-06,-0.0102479803189741,0.0008586344891088
2022-01-07,0.0008586344891088,0.0
2022-01-10,0.0044949277936824,-0.0095522644906836
2022-01-11,-0.0095522644906836,0.0099640385274544
2022-01-12,0.0099640385274544,-0.0164396463109762
2022-01-13,-0.0164396463109762,-0.0082224224074638
2022-01-14,-0.0082224224074638,0.0085777028554423
2022-01-17,0.0085777028554423,0.0
2022-01-18,0.0096640089785441,-0.0068494539517117
2022-01-19,-0.0068494539517117,0.0
2022-01-20,0.0090224447503989,-0.0091623958996989
2022-01-21,-0.0091623958996989,0.0
2022-01-24,0.0015532563228422,-0.0
2022-01-25,-0.0226222130366573,0.0
2022-01-26,0.0072373952994828,-0.0
2022-01-27,-0.0196155139084732,-0.0
2022-01-28,-0.0121441558015675,0.0
2022-02-07,0.0154078468424803,-0.0
2022-02-08,-0.005463208644269,0.0093925218142122
2022-02-09,0.0093925218142122,-0.0
2022-02-10,-0.0026221496799408,-0.0082905905078006
2022-02-11,-0.0082905905078006,-0.0
2022-02-14,-0.0108027015196891,0.0106366477946928
2022-02-15,0.0106366477946928,0.0
2022-02-16,0.0038883481400686,0.0024200142689805
2022-02-17,0.0024200142689805,0.0
2022-02-18,0.0047677929986898,-0.0
2022-02-21,-0.0036381083926127,-0.0
2022-02-22,-0.0129817268967591,0.0
2022-02-23,0.010689149052676,-0.0202739903221826
2022-02-24,-0.0202739903221826,0.0
2022-02-25,0.0097378438069351,0.0
2022-02-28,0.0017976025712199,0.0
2022-03-01,0.0083027586221797,-0.0
2022-03-02,-0.0088935694376817,-0.0
2022-03-03,-0.0058909701385402,-0.0121271326131794
2022-03-04,-0.0121271326131794,-0.0
2022-03-07,-0.0319481448182635,-0.0
2022-03-08,-0.0200760319129568,-0.0
2022-03-09,-0.0091538384171578,0.0157325252783947
2022-03-10,0.0157325252783947,0.0
2022-03-11,0.0031877051760683,-0.0
2022-03-14,-0.0305963859418147,-0.0
2022-03-15,-0.0457381514620597,0.0
2022-03-16,0.0432422513913809,0.0
2022-03-17,0.0196373939776438,0.0
2022-03-18,0.0066559995484339,-0.0
2022-03-21,-0.001677441371891,-0.0
2022-03-22,-0.0008103089691262,0.0
2022-03-23,0.0049872923028837,-0.0
2022-03-24,-0.0058952876001392,-0.0
2022-03-25,-0.0180490179241621,-0.0
2022-03-28,-0.0062540270574182,-0.0
2022-03-29,-0.003452408423807,0.0
2022-03-30,0.0290156310710116,-0.0
2022-03-31,-0.0074051169802375,0.0
2022-04-01,0.012684422059904,-0.0
2022-04-06,-0.0028803659733809,-0.0
2022-04-07,-0.0128384943801024,0.0
2022-04-08,0.0051476802712066,-0.0
2022-04-11,-0.0308919406550144,0.0
2022-04-12,0.0194880560950381,-0.0
2022-04-13,-0.0096258284174918,0.0
2022-04-14,0.0125204572174512,-0.0
2022-04-15,-0.0006730654806922,-0.0
2022-04-18,-0.0053387800533772,-0.0
2022-04-19,-0.0075563598980448,-0.0
2022-04-20,-0.0155052779126527,-0.0
2022-04-21,-0.018413850936854,0.0
2022-04-22,0.0043594947733011,-0.0
2022-04-25,-0.0494205718268521,-0.0
2022-04-26,-0.0080717181287005,0.0
2022-04-27,0.0294431217531749,0.0
2022-04-28,0.0065642313005391,0.0242619476391273
2022-04-29,0.0242619476391273,-0.0
2022-05-05,-0.0015016031159484,-0.0
2022-05-06,-0.0252842606604511,-0.0
2022-05-09,-0.0080276503236914,0.0
2022-05-10,0.0109433129580151,0.0
2022-05-11,0.0144277037463809,-0.0
2022-05-12,-0.0044469865392342,0.0
2022-05-13,0.0075428545446278,-0.0
2022-05-16,-0.0080385093497211,0.0
2022-05-17,0.012474441669684,-0.0
2022-05-18,-0.0034914808267239,0.0
2022-05-19,0.0019267733924355,0.0
2022-05-20,0.0195023080317264,-0.0
2022-05-23,-0.0057920102899749,-0.0
2022-05-24,-0.0233913700116549,0.0
2022-05-25,0.0060680386247152,0.0
2022-05-26,0.0024769666354889,0.0
2022-05-27,0.002067144454134,0.0
2022-05-30,0.0069275256324271,0.0
2022-05-31,0.0155123907491203,-0.0
2022-06-01,-0.0020384612301313,0.0
2022-06-02,0.0015652027053834,0.018710239384197
2022-06-06,0.018710239384197,0.0
2022-06-07,0.0031308770704389,0.0097349722555792
2022-06-08,0.0097349722555792,-0.0104595886992318
2022-06-09,-0.0104595886992318,0.0
2022-06-10,0.0151637530576795,-0.0
2022-06-13,-0.0117105390298299,0.0
2022-06-14,0.007867253573565,0.0
2022-06-15,0.0132407098159554,-0.0
2022-06-16,-0.0065813386125411,0.0
2022-06-17,0.0138781524426918,0.0049636063160546
2022-06-20,0.0049636063160546,-0.0
2022-06-21,-0.0011239292294293,-0.0
2022-06-22,-0.0127019224329433,0.0
2022-06-23,0.0171533298879341,0.0117163048382963
2022-06-24,0.0117163048382963,0.0112614708161331
2022-06-27,0.0112614708161331,0.0104072802697427
2022-06-28,0.0104072802697427,-0.0
2022-06-29,-0.0154012569511489,0.0
2022-06-30,0.0143968921758636,-0.0
2022-07-01,-0.0040786746823442,0.0065624023402061
2022-07-04,0.0065624023402061,-0.0
2022-07-05,-0.0014439404467537,-0.0
2022-07-06,-0.0146047311813778,0.0
2022-07-07,0.0044086648150266,-0.0
2022-07-08,-0.0033065572843732,-0.0167459849561313
2022-07-11,-0.0167459849561313,-0.0
2022-07-12,-0.0094149044162714,0.0
2022-07-13,0.0018182646847017,0.0
2022-07-14,0.0001417344506374,-0.0170165750509327
2022-07-15,-0.0170165750509327,0.0103702993740913
2022-07-18,0.0103702993740913,-0.0054153140049057
2022-07-19,-0.0054153140049057,0.0
2022-07-20,0.0033875492842558,-0.0
2022-07-21,-0.0111454479451167,0.0
2022-07-22,0.0005137559737735,-0.0
2022-07-25,-0.0060378920550894,0.0079122990712649
2022-07-26,0.0079122990712649,-0.0
2022-07-27,-0.0049317520839378,0.0001509099674589
2022-07-28,0.0001509099674589,-0.0131508983432298
2022-07-29,-0.0131508983432298,
