trade_date,000300.SH,000001.SH,000016.SH,000905.SH,000852.SH,000985.CSI
2014-11-17,0.0,0.0,0.0,0.0,0.0,0.0
2014-11-18,0.0,0.0,0.0,0.0,0.0,0.0
2014-11-19,0.0,0.0,0.0,0.0,0.0,0.0
2014-11-20,0.0,0.0,0.0,0.0,0.0,0.0
2014-11-21,0.0,0.0,0.0,0.0,0.0,0.0
2014-11-24,0.0,0.0,0.0,0.0,0.0,0.0
2014-11-25,0.0,0.0,0.0,0.0,0.0,0.0
2014-11-26,0.0,0.0,0.0,0.0,0.0,0.0
2014-11-27,0.0,0.0,0.0,0.0,0.0,0.0
2014-11-28,0.0,0.0,0.0,0.0,0.0,0.0
2014-12-01,0.0,0.0,0.0,0.0,0.0,0.0
2014-12-02,0.0,0.0,0.0,0.0,0.0,0.0
2014-12-03,0.0,0.0,0.0,0.0,0.0,0.0
2014-12-04,0.0,0.0,0.0,0.0,0.0,0.0
2014-12-05,0.0,0.0,0.0,0.0,0.0,0.0
2014-12-08,0.0,0.0,0.0,0.0,0.0,0.0
2014-12-09,0.0,0.0,0.0,0.0,0.0,0.0
2014-12-10,0.0,0.0,0.0,0.0,0.0,0.0
2014-12-11,0.0,0.0,0.0,0.0,0.0,0.0
2014-12-12,0.0,0.0,0.0,0.0,0.0,0.0
2014-12-15,0.0,0.0,0.0,0.0,0.0,0.0
2014-12-16,0.0,0.0,0.0,0.0,0.0,0.0
2014-12-17,0.0,0.0,0.0,0.0,0.0,0.0
2014-12-18,0.0,0.0,0.0,0.0,0.0,0.0
2014-12-19,0.0,0.0,0.0,0.0,0.0,0.0
2014-12-22,0.0,0.0,0.0,0.0,0.0,0.0
2014-12-23,0.0,0.0,0.0,0.0,0.0,0.0
2014-12-24,0.0,0.0,0.0,0.0,0.0,0.0
2014-12-25,0.02469840419599989,0.0,0.02788033202550011,0.0,0.0,0.0
2014-12-26,0.0023127511161291636,0.025640160957000058,0.0021254192671384953,0.0,0.0,0.0
2014-12-29,0.0,0.01720838779960765,0.0,0.0,0.0,0.0
2014-12-30,0.0,0.0,0.0,0.0,0.0,-0.006353296919700102
2014-12-31,0.0,0.0,0.0203931919530167,0.0,0.0,0.01589313782357893
2015-01-05,0.0,0.0,0.011961763433880446,0.0,0.0,0.005552507840035359
2015-01-06,0.0,0.0,0.004854757732139392,0.0,0.0,0.013579392815359137
2015-01-07,0.0,0.0,-0.007945330512099003,0.0,0.0007067699873999356,-0.003944988342544087
2015-01-08,-0.024995986306369344,-0.023400113565335667,-0.033992582864705634,-0.0071306433562000615,-0.00043029188261145546,-0.01538591331187844
2015-01-09,-0.003428230490240658,-0.005150384197164293,-0.0016418058962602844,-0.006411898964753804,-0.005846423369946008,-0.004821567469144861
2015-01-12,0.0,0.0,0.0,-0.014175660355423392,-0.010707760183622517,-0.011157703069747615
2015-01-13,0.0,0.0034928923014223567,0.0,0.013637103355933045,0.017263115070665247,0.006462818272671367
2015-01-14,-0.005958659116890308,0.0020218752070308987,0.0,-0.0046808014515586915,-0.004504536381135682,0.001133360967777497
2015-01-15,-0.0003506797434417175,0.03469381046443343,0.0,-1.8190791390315653e-05,-0.0005942516811422438,0.0199270608600417
2015-01-16,0.005071680038502002,0.011997720488833297,0.0,0.010968081189288048,0.012643431761849122,0.010443223989141659
2015-01-19,-0.07697171758085553,-0.07702628471235673,0.0,-0.04299058808861844,-0.022801041625232554,-0.05690156056055329
2015-01-20,-0.0056178713133120395,-0.0007244278359215262,0.0,0.035944343778750554,0.037150205115145996,-0.0014841639897757997
2015-01-21,0.03732374892820589,0.04194433660748298,0.0,0.025334059198926395,0.02034066799121903,0.02904557782704198
2015-01-22,0.00045984149616162817,0.0009636650810036507,0.0,0.000900476780209658,0.0008434370261078961,0.0006528582266827065
2015-01-23,0.0,0.0,0.0,0.0,-0.011491885579057448,0.0
2015-01-26,0.0,0.0,0.0,0.0,0.0008714861293075415,0.0
2015-01-27,0.0,0.0,0.0,0.0,0.0,0.0
2015-01-28,0.0,0.0,0.0,0.0,0.0,0.0
2015-01-29,0.0,0.0,0.0,0.0,0.0,0.0
2015-01-30,0.0,0.0,0.0,0.0,0.0,0.0
2015-02-02,0.0,0.0,0.0,0.0,0.0,0.0
2015-02-03,0.0,0.0,0.0,0.0,0.0,0.0
2015-02-04,0.0,0.0,0.0,0.0,0.0,0.0
2015-02-05,0.0,0.0,0.0,0.0,0.0,0.0
2015-02-06,0.0,0.0,0.0,0.0,0.0,0.0
2015-02-09,0.0,0.0,0.0,0.0,0.0,0.0
2015-02-10,0.0,0.0,0.0,0.0,0.0,0.0
2015-02-11,0.0,0.0,0.0,0.0,0.0,0.0
2015-02-12,0.0,0.0,0.0,0.0,0.0,0.0
2015-02-13,0.0,0.0,0.0,0.0,0.0,0.0
2015-02-16,0.0,0.0,0.0,0.0,0.0,0.0
2015-02-17,0.0,0.0,0.0,0.0,0.0,0.0
2015-02-25,0.0,0.0,0.0,0.0,0.0,0.0
2015-02-26,0.0,0.0,0.0,0.0,0.0,0.0
2015-02-27,0.0019823280398652,0.003931436092406315,0.0,0.0,0.0,0.00596701409382927
2015-03-02,0.00840789585645263,0.0066139315631181805,0.0,0.0,0.0,0.0074942532789026295
2015-03-03,-0.020026795108537,-0.01658288684250353,-0.026609294700217667,-0.0010625515419906417,-0.003472289705307885,-0.011342230074382287
2015-03-04,0.001772252794442819,0.0001958318244643653,0.002791911165115346,-0.0007937306973379021,-0.0007753554460553369,0.0005382166152005929
2015-03-05,0.0,0.0,0.0,0.0,0.0,0.0
2015-03-06,-0.006599254611058369,-0.0022574178611393103,0.00016089032331523256,0.0,0.0,0.0
2015-03-09,-0.00840556079194521,-0.005352883609562542,-0.008310148232035797,0.0,0.0,0.0
2015-03-10,-0.0010086081020111992,-0.001064176499324443,-0.007773690104382447,0.009815462668931962,0.0,0.005669667312725446
2015-03-11,0.0009749370832929927,0.0009203088741451815,0.0022842191374508047,-0.00035884968774724246,0.0,0.0006915924043415789
2015-03-12,0.0,0.0,0.0,0.0,0.0,0.0
2015-03-13,0.0,0.0,0.0,0.0,0.0,0.0
2015-03-16,0.0,0.0,0.0,0.0,0.0,0.0
2015-03-17,0.0,0.0,0.0,0.0,0.0,0.0
2015-03-18,0.0,0.0,0.0,0.0,0.0,0.0
2015-03-19,0.0,0.0,0.0,0.0,0.0,0.0
2015-03-20,0.0,0.0,0.0,0.0,0.0,0.0
2015-03-23,0.0,0.0,0.0,0.0,0.0,0.0
2015-03-24,0.0,0.0,0.0,0.0,0.0,0.0
2015-03-25,0.0,0.0,0.0,0.0,0.0,0.0
2015-03-26,0.0,0.0,0.0,0.0,0.0,0.0
2015-03-27,0.0,0.0,0.0,0.0,0.0,0.0
2015-03-30,0.0,0.0,0.0,0.0,0.0,0.0
2015-03-31,0.0,0.0,0.0,0.0,0.0,0.0
2015-04-01,0.0,0.0,0.0,0.0,0.0,0.0
2015-04-02,0.0,0.0,0.0,0.0,0.0,0.0
2015-04-03,0.0,0.0,0.0,0.0,0.0,0.0
2015-04-07,0.0,0.0,0.0,0.0,0.0,0.0
2015-04-08,0.0,0.0,0.0,0.0,0.0,0.0
2015-04-09,0.0,0.0,0.0,0.0,0.0,0.0
2015-04-10,0.0,0.0,0.0,0.0,0.0,0.0
2015-04-13,0.0,0.0,0.0,0.0,0.0,0.0
2015-04-14,0.0,0.0,0.0,0.0,0.0,0.0
2015-04-15,0.0,0.0,0.0,0.0,0.0,0.0
2015-04-16,0.0,0.0,0.0,0.0,0.0,0.0
2015-04-17,0.0,0.0,0.0,0.0,0.0,0.0
2015-04-20,0.0,0.0,0.0,0.0,0.0,0.0
2015-04-21,0.0,0.0,0.0,0.0,0.0,0.0
2015-04-22,0.0,0.0,0.0,0.0,0.0,0.0
2015-04-23,0.0,0.0,0.0,0.0,0.0,0.0
2015-04-24,0.0,0.0,-0.0009014446769974871,0.011580059723033553,0.01310416970583006,0.0
2015-04-27,0.011143114657456765,0.01901128843159694,0.010394196154831059,0.009867773059268004,0.007500675246444155,0.005427110961790049
2015-04-28,0.0006248004801550078,-9.683427010065415e-05,-0.008359547333563255,0.0,0.0,0.0009848393556470825
2015-04-29,0.0,0.0,-0.00435337050309037,0.0,0.029141248793361996,0.0
2015-04-30,0.0,0.0,0.0,0.0,0.0046561658465067435,0.0
2015-05-04,0.0,0.0,0.0,0.0,0.0,0.0
2015-05-05,0.0,0.0,0.0,-0.035591692254924756,-0.025921401376730047,0.0
2015-05-06,-0.015840334015538304,-0.019232645549559058,-0.011720514749144928,0.0024380089543456496,0.0023124941432153268,-0.013948150060575482
2015-05-07,-0.007257762404586532,-0.007558347549190159,-0.007209107753716748,0.0,0.0,-0.005952755812508315
2015-05-08,0.0,0.0,0.0,0.0,0.0,0.0
2015-05-11,0.0,0.0,0.0,0.0,0.0,0.0
2015-05-12,0.0,0.0,0.0,0.0,0.0,0.0
2015-05-13,0.0,0.0,-0.014769379952418893,0.0,0.0,0.0
2015-05-14,-0.003783802867375452,0.001103510189183865,-0.0017891317910699867,0.0,0.0,-0.0004414226323816717
2015-05-15,-0.00227801211846701,-0.00276628784608679,0.0,0.0,0.0,-0.0029190021342992978
2015-05-18,-0.0016522059108147191,0.0011563834884711355,-0.01145787959637945,0.0,0.0,0.0
2015-05-19,0.00039393908872553673,0.00038307968025241834,-0.0006658065612398234,0.0,0.0,0.0
2015-05-20,0.0,0.0,0.0,0.0,0.0,0.0
2015-05-21,0.0,0.0,0.0,0.0,0.0,0.0
2015-05-22,0.0,0.0,0.0,0.0,0.0,0.0
2015-05-25,0.0,0.0,0.0,0.0,0.0,0.0
2015-05-26,0.0,0.0,0.0,0.0,0.0,0.0
2015-05-27,0.0,0.0,0.0,0.0,0.0,0.0
2015-05-28,0.0,0.0,0.0,0.0,0.0,0.0
2015-05-29,0.0,0.0,0.0,0.0,0.0,0.0
2015-06-01,0.0,0.0,0.0,0.0,0.0,0.0
2015-06-02,0.0,0.0,0.0,0.0,0.0,0.0
2015-06-03,0.0,0.0,0.0,0.0,0.0,0.0
2015-06-04,0.0,0.0,0.0,0.0,0.0,0.0
2015-06-05,0.0,0.0,-0.013746021090193516,0.0,0.0,0.0
2015-06-08,0.0,0.0,0.00887439377088195,0.0,0.0,0.0
2015-06-09,0.0,0.0,0.0,0.0,0.0,0.0
2015-06-10,0.0,0.0,0.0,0.0,0.0,0.0
2015-06-11,0.0,0.0,0.0,0.0,0.0,0.0
2015-06-12,0.0009408113234317117,0.004318307988995462,-0.0043589999183886174,0.0,0.0,0.00703896285076433
2015-06-15,0.0033763128544390675,0.0014100879323017956,0.002666886135017199,0.0,0.0,0.003309496528191902
2015-06-16,0.0,0.0,0.0,0.0,0.0,0.0
2015-06-17,0.012948340127267421,0.01562873874022852,0.004083627176692195,0.02139291343812011,0.024301563288309902,0.018415148697354278
2015-06-18,-0.006201026076863236,-0.005246312129148389,-0.009000256581782495,-0.0007991857801854518,-0.0011856236653814411,-0.0032652406220425867
2015-06-19,-0.043277658667664864,-0.045148573621328514,0.0,-0.046382458806654925,-0.03947671423107846,-0.04271197362486323
2015-06-23,0.0007892729593044212,-0.0016532842970604644,0.03279555684201019,-0.0036837646731265883,-0.005381240626084582,-0.0024481536403178072
2015-06-24,0.0,0.0,0.0020430901413790448,0.0,0.0,0.0
2015-06-25,0.0,0.0,-0.04091147505273729,-0.038033069442363066,-0.04452939662253974,-0.040503112796532736
2015-06-26,0.0,0.0,-0.023484859556248128,-0.03371519059828276,-0.035223604179877244,-0.031881817351241404
2015-06-29,0.0,0.0,0.0,-0.0839917389193574,-0.08542981829614016,-0.07186129340435177
2015-06-30,0.0,0.0,0.0,-0.02149179811440516,-0.03339753749320562,-0.01930472461364585
2015-07-01,-0.03537168619697029,-0.03809418858058089,-0.030959403771677607,-0.045123159062378404,0.0,-0.04069302880121051
2015-07-02,0.007976471946857355,0.0010610115782607732,0.0112152320462513,-0.005186379837082811,-0.05861237207835168,-0.0009888654467472557
2015-07-03,0.0,0.0,0.0,0.0,-0.04560646970857585,0.0
2015-07-06,0.0,0.0,0.0,0.0,0.0,0.0
2015-07-07,0.0,0.019626767513904575,0.0,0.0,0.0,0.0
2015-07-08,0.0,-0.0697707240934835,0.0,0.024201718699983665,0.006979860549672923,0.008310575303864587
2015-07-09,0.0,0.0,0.0,-0.011794003024336419,-0.020241060371106956,-0.014566078528424953
2015-07-10,0.04826685957746313,0.0,0.054082501019095064,0.0,0.0,0.03338305310787604
2015-07-13,0.006081474514752383,0.012927667552549815,-0.014866754165239082,0.0,0.0,0.022006463749398852
2015-07-14,0.0,-0.00316706867409533,-0.021012697574660844,0.0004927078571654864,0.0027021820963923915,-0.007090173611192463
2015-07-15,0.0,-0.017989192593018344,-0.013589293307288863,-0.057562252451506035,-0.04216751461993862,-0.04180576922477508
2015-07-16,0.0,-0.012526833989853103,0.0,0.02334884914649593,0.010951133210832964,0.011599391366405865
2015-07-17,0.0,0.0,0.0,0.0065607039325066285,0.004909717754671528,0.005949322030568194
2015-07-20,0.0,0.010901376880288804,0.0,0.011190051876494245,0.01858748187390291,0.00853685422559236
2015-07-21,0.0,-0.01321256144298344,0.0,0.012756990914634558,0.02249964819684691,0.01069178451251962
2015-07-22,0.0,0.0,0.0,-0.0017592514574860108,0.0018305744300763926,-0.0016720790342157343
2015-07-23,0.02191370352641142,0.0,0.0,0.02616552915221182,0.029169994782981767,0.025384458634676088
2015-07-24,0.0008822985738661249,-0.013183344245041084,0.0,-0.014691770047560837,-0.009771639512045738,-0.014338491683731358
2015-07-27,-0.06808841127498488,-0.08470829348349662,0.0,-0.02180891832702736,-0.020566783192730087,-0.019947302203530026
2015-07-28,-0.03351980267173682,-0.040988362831036795,0.0,0.01774020297120793,0.017169990563672632,0.024858689367586173
2015-07-29,0.023313529558389723,0.026685257937205886,0.0,0.014894168769665095,0.016044856143467623,0.01156119438663028
2015-07-30,-0.0038510428418101483,-0.004195323561346775,0.0,-0.02254599073516239,-0.02266969877965097,-0.023989730964446343
2015-07-31,0.010289594252937961,0.00205275817283046,0.0,-0.013986036633459764,-0.018860563608511516,-0.013825919352318694
2015-08-03,-0.013376304278106876,-0.013441043359855853,0.0,-0.008764078534256647,-0.03852502354315224,-0.006191874040735512
2015-08-04,0.03126730180165427,0.036911802691070195,0.0,0.0008853046569736733,-0.0005277799326723898,-0.00033639619594261205
2015-08-05,-0.02049446473286043,-0.016445083496390622,-0.016776406083531814,-0.01195074579364852,-0.004872990059351379,-0.012558641194921671
2015-08-06,-0.009024893848357807,-0.00891265794673346,-0.014028463223845766,-0.022864282352447196,-0.023153922997216747,-0.006144179500993108
2015-08-07,0.008834256755584136,0.022503811269156904,0.0,0.01734722619651663,0.027903749067113237,0.009254595094996265
2015-08-10,0.03446838984924394,0.010984977522094486,0.03539701571193987,0.011339205063425117,0.012184375469020736,0.03589780865767889
2015-08-11,-0.004325816053519227,-0.00037698838232669285,-0.0019457053987991246,0.0037599305069342392,0.005736896071288244,0.0018633144593571682
2015-08-12,-0.010213605057421415,-0.01197451295094476,0.0,-0.01108755856240018,-0.009951404058622715,-0.010393923714566489
2015-08-13,0.0,0.0,0.0,0.02928027420379098,0.03614551254120113,0.0
2015-08-14,0.0,0.0,0.0,0.007425027083842295,0.008714054241669711,0.0
2015-08-17,0.0,0.0,0.0,0.0,0.0,0.0
2015-08-18,0.0,0.0,0.0,0.0,0.0,0.0
2015-08-19,0.0,0.0,0.0,0.0,0.0,0.0
2015-08-20,0.0,0.0,0.0,0.0,0.0,0.0
2015-08-21,0.0,0.0,0.0,0.0,0.0,0.0
2015-08-24,0.0,0.0,0.0,0.0,0.0,0.0
2015-08-25,0.0,0.0,0.0,0.0,0.0,0.0
2015-08-26,0.0,0.0,0.0,0.0,0.0,0.0
2015-08-27,0.0,0.0,0.0,0.0,0.0,0.0
2015-08-28,0.0,0.0,0.0,0.04343516484569698,0.0,0.0
2015-08-31,0.0,0.0,0.0,-0.00760962087338557,-0.03300662440352231,0.0
2015-09-01,0.0,0.0,0.0,-0.05215784808373958,-0.01286125274534955,0.0
2015-09-02,0.0,0.0,0.0,-0.04728970849101455,0.007871603289820728,0.0
2015-09-07,0.0,0.0,0.0,-0.007227013544535477,0.0224765068527919,0.0
2015-09-08,0.0,0.0,0.0,0.037365827940600393,0.049005925910860615,0.0
2015-09-09,0.0,0.0,0.0,0.027432013170393788,0.039605347352666076,0.0
2015-09-10,0.0,0.0,0.0,-0.01780074899507178,-0.015776826521376797,0.0
2015-09-11,0.0,0.0,0.0,0.0,0.0,0.0
2015-09-14,0.0,0.0,0.0,0.0,0.0,0.0
2015-09-15,0.0,0.0,0.0,0.0,0.0,0.0
2015-09-16,0.0,0.0,0.0,0.0,0.0,0.0
2015-09-17,0.0,0.0,0.0,0.0,0.0,0.0
2015-09-18,0.0,0.0,0.0,0.0,0.0,0.0
2015-09-21,0.0,0.0,0.0,0.0,0.0,0.0
2015-09-22,0.0,0.0,0.0,0.0,0.0,0.0
2015-09-23,0.0,0.0,0.0,0.0,0.0,0.0
2015-09-24,0.0,0.0,0.0,0.0,0.0,0.0
2015-09-25,0.0,0.0,0.0,0.0,0.0,0.0
2015-09-28,0.0,0.0,0.0,0.0,0.0,0.0
2015-09-29,0.0,0.0,0.0,0.0,0.0,0.0
2015-09-30,0.0,0.0,0.0,0.0,-0.0034584049381530813,0.0
2015-10-08,0.0,0.0,0.0,0.0,0.04224746258721512,0.0
2015-10-09,0.0,0.011447379224875709,0.0,0.0,-0.0014441869414607567,0.0
2015-10-12,0.0,0.032823866657484047,0.0,0.0,0.03569838794943414,0.0
2015-10-13,0.0,-0.007905072915096234,0.0,0.0,-0.008902614233873063,0.0
2015-10-14,0.0,-0.005494327174442648,0.0,0.0,-0.00889249518953239,0.0
2015-10-15,0.02428122105333963,-0.0024147103978870987,0.0,0.03489010802280412,-0.006962396739366605,0.030711974339772796
2015-10-16,0.006054367036276709,0.009652727895149926,0.0,0.007111224604000155,0.00844232915608023,0.00637333109839644
2015-10-19,0.0,0.0028681798467389275,0.0,0.0,0.0019335572299457038,0.0
2015-10-20,0.013954751651015007,0.013961857763103769,0.010452739984827542,0.01810899752898787,0.022238619107811664,0.017216348759777844
2015-10-21,0.0007252780302962059,0.0007911088784950948,0.0005486024783369903,-0.0005590177355371262,-0.0001560961214581713,6.536161197012724e-05
2015-10-22,0.020455012832218067,0.0,0.0,0.0,0.0,0.0
2015-10-23,0.0033339357788200186,0.010171128647111338,0.0038756061230833527,0.0,0.022427892211285716,0.015830835215510763
2015-10-26,-0.007163263165674949,0.010454943200910671,0.009582299893134083,0.0,0.012108976563028229,0.011770245088600584
2015-10-27,-0.005650110785144324,0.0,0.0,0.0,0.0,0.0
2015-10-28,0.0,0.0,0.0,0.0,0.0,0.0
2015-10-29,0.0,0.0,0.0,0.0,0.0,0.0
2015-10-30,0.0,0.0,0.0,0.0,0.0,0.0
2015-11-02,0.0,0.0,0.0,0.0,0.0,0.0
2015-11-03,-0.005665985187914835,0.0,0.0,0.0,0.0,0.0
2015-11-04,0.0032152405552581254,0.0,0.0,0.0,0.0,0.0
2015-11-05,0.0,0.0,0.0,0.0,0.0,0.0
2015-11-06,0.0,0.021314499194226455,0.0,0.021998039778175604,0.0,0.024504352719359357
2015-11-09,0.01139476752814983,-0.0005761288512540208,0.01277367862796619,-0.004308297158851837,0.0,-0.002553625387793801
2015-11-10,-0.008891733464759577,0.0,-0.011911662904262155,0.0,0.0,0.0
2015-11-11,0.0,0.0,0.0,0.01226487253298636,0.018877531289970273,0.0
2015-11-12,-0.012203869698380387,0.0,-0.014706359459980334,0.003461107311475642,0.003474789524589461,0.0
2015-11-13,-0.010433570037765016,0.0,-0.009111409020397643,0.0,0.0,0.0
2015-11-16,0.02192776259437279,0.023746259125884128,0.015289775660440208,0.037289244086738726,0.0,0.03286135493847464
2015-11-17,0.006829927911348621,0.00620840315197535,0.005941200272238545,0.008629264865622988,0.0,0.008475252957801382
2015-11-18,-0.012077609032120074,-0.010278130511222283,-0.00671283570609571,-0.01682804830645157,-0.018734182107347785,-0.0149330796735343
2015-11-19,0.0025514752695825482,0.0013346360154149473,0.002074601788442987,0.003293025463209087,0.002467511249687915,0.002642561412179889
2015-11-20,-0.0013378763029230356,0.0025285948689688365,0.0,0.008129752575664284,0.01617234447948812,0.006528334404380054
2015-11-23,-0.0001358389899486223,-4.888138014336185e-05,0.0,0.0011965772211151027,0.0005630203272382062,0.0005997048703016983
2015-11-24,0.0020168923272427808,0.003519662400422785,0.0,0.007464632468125343,0.012950597022358457,0.007235884226284073
2015-11-25,-0.0017801421083996072,-0.0007151490346324341,0.0,0.00046072525856777347,0.0009310063036960248,-0.0005209615309257343
2015-11-26,0.0,0.0,0.0,0.0,0.0,0.0
2015-11-27,-0.04868116023959945,-0.04981679499337843,-0.042673870220002685,0.0,0.0,-0.05350305929498589
2015-11-30,-0.0007383567502242672,-0.0008592863503138481,-0.004161125899614482,0.0025709585063711238,0.006403730565321508,-2.285503137311462e-05
2015-12-01,0.008086176739596995,0.0038752027912889453,0.0044217591621340535,-0.0007509637006792858,-0.0016720299516964632,0.0037028495875468526
2015-12-02,-0.0012449419941448214,-0.001893278490800121,-0.0016002470490039666,-0.0025096766624943534,0.0,-0.002143201586956578
2015-12-03,0.010556016699576176,0.0,0.00784271468240183,0.0008381415937246395,0.0,0.018116099200353952
2015-12-04,-0.008027872520489199,0.0,-0.009506866648923085,0.0,0.0006336150124144346,-0.00556488572735625
2015-12-07,0.0014829512108887055,0.0,-0.0011936136190390245,0.0,0.0022486441969729043,0.0
2015-12-08,-0.005226567223773015,0.0,-0.005951206447453505,0.0,-0.013070003956653697,0.0
2015-12-09,0.0,0.0,0.004870037112839176,0.0005491409411537695,-0.005598783547780539,0.0
2015-12-10,0.0,0.0,-0.00021290559205544568,-0.0001385977882426559,0.0009723752763828308,0.0
2015-12-11,0.0,0.0,-0.00202839744696659,0.0,-0.0033036704629343383,0.0
2015-12-14,0.03817050688254775,0.03420757794769558,0.030926303900305818,0.029575770909558097,0.027495024364378784,0.03226775917912539
2015-12-15,-0.001113942177037086,-0.0008704671738868353,-0.012868465778121618,0.0008767612230711208,0.015677805864209082,0.00012233823509588682
2015-12-16,-0.005126191429746019,0.0,0.002122844951758074,0.000733580309466797,0.0038254656206679893,0.0002457124186083792
2015-12-17,0.007239064308508292,0.0129567332387579,0.006911238440007628,0.005304911047813832,0.023031201377398114,0.006098802764755495
2015-12-18,0.0,-0.0015612403061888713,-0.0011710859339534307,0.0,-0.00029718967125358375,0.0
2015-12-21,0.027376353294435773,0.02050045344338791,0.03479022186495717,0.0,0.009574305117117765,0.0
2015-12-22,0.0014320397117097983,0.0008136428492568903,-0.00031238414292111827,0.0,0.0021283408940824255,0.00455705540872553
2015-12-23,0.0,-0.004854460971619234,0.0021274297771800565,-0.011055564907050952,-0.016652224688656347,0.00027614503096162757
2015-12-24,-0.007581278260204494,-0.0014630023695130223,-0.001862337235096212,-0.0018072115783261955,-0.0036803679943177015,-0.002208359471764898
2015-12-25,0.0005493631043620439,0.0036822195257595336,0.003340464302413748,0.0,0.0068580661314745495,0.0009777653457554436
2015-12-28,0.0,0.002013601987404856,0.0024328575407062125,0.0,0.003445843740796928,0.0
2015-12-29,0.0,0.00984162578563641,0.009769837704775908,0.0,0.014515494890595892,0.0
2015-12-30,0.0,0.0006886859802617273,-0.0004352039452848455,0.0,0.0021376272448652145,0.0
2015-12-31,-0.008066233402217349,-0.00890218887946126,-0.0026219459998915173,0.0,-0.01808964370895938,-0.013582740745925914
2016-01-04,-0.0015235437610743308,-0.0008816825033486353,-0.0017070003614613194,0.0,-0.0016499817123439842,-0.0014929363152168529
2016-01-05,0.0,0.02831149082066564,0.025855934429453553,0.0,0.033671055663828664,0.0
2016-01-06,0.01631912807856839,0.022531570639373166,0.012901227026878903,0.0,0.027060889886538098,0.019566524847655975
2016-01-07,-0.016706673106039682,-0.07040086325365058,-0.05910819720284333,0.0,-0.08727885812552894,-0.018071100604335144
2016-01-08,0.0,0.022109767250894308,0.020421080943208825,0.0,0.0022151116367452595,0.0
2016-01-11,-0.03360915462200309,-0.03681471453674212,-0.02882300870988319,0.0,-0.07506342886776529,-0.042417292446972676
2016-01-12,0.006848376101065812,0.002035412216822463,0.005249996805653856,0.0,-0.0020753070694045084,0.0010792330895172952
2016-01-13,0.0,-0.02417078635060077,-0.012130977468078674,0.0,-0.042633699834477845,0.0
2016-01-14,0.0,-0.025687422251065906,-0.02346062044101438,0.0,-0.03660775460694854,0.0
2016-01-15,0.0,0.0,-0.023062469119953688,0.0,0.0,0.0
2016-01-18,0.0,0.0,-0.014866648152457529,0.0,0.0,0.0
2016-01-19,0.0,0.0,0.0,0.0,0.0,0.0
2016-01-20,0.0,0.0,0.0,0.0,0.0,0.0
2016-01-21,0.0,0.0,0.0,0.0,0.0,0.0
2016-01-22,0.0,0.0,0.0,0.0,0.0,0.0
2016-01-25,0.0,0.0,0.0,0.0,0.0,0.0
2016-01-26,0.0,0.0,0.0,0.0,0.0,0.0
2016-01-27,0.0,0.0,0.0,0.0,0.0,0.0
2016-01-28,0.0,0.0,0.0,0.0,0.0,0.0
2016-01-29,0.031506567792297435,0.0317247967987595,0.030002165546305193,0.0390433279856548,0.044188927217373664,0.03696393621373528
2016-02-01,-0.00254048850366706,-0.002561215863427946,-0.0015614447442862112,-0.002069646913319123,-0.003801033195017456,-0.0029203804974430314
2016-02-02,0.02044406259605558,0.022723017008120294,0.017599800587372094,0.03276941797487587,0.03816729802185237,0.029061357350144368
2016-02-03,-0.004283971359640981,-0.011040639019889165,-0.011192998963525436,0.004194809630978291,-0.012778371839803904,0.0013824526136381188
2016-02-04,0.012241569541043162,0.010577804937448088,0.005640872681017983,0.019747129986396716,0.01881908961744916,0.017744712733106738
2016-02-05,-0.007020975867869428,-0.006288871532277751,-0.001946541259968848,-0.009966325664570563,0.002559261340419283,-0.008930940639212959
2016-02-15,-0.005759831089496292,-0.028494994900605475,0.01645680019458773,0.0006752372789762262,0.039042948889998375,-0.0019252615735356748
2016-02-16,0.005099136866789422,0.02808554458425183,0.004793796961706676,0.0411774139587926,0.044322424720802944,0.0048232699770927034
2016-02-17,0.009463652700986591,0.010834253070162392,0.008235755973381664,0.011616728210164684,0.016390746290136926,0.013041443020260113
2016-02-18,-0.003134709408616043,-0.001548480139557662,0.0038715895242673604,-0.002381052570276543,-0.0031640185269571353,-0.002631460592091739
2016-02-19,-0.0020309217001532875,-0.0029368135494410863,-0.0007998652078989865,-0.003062282801724603,0.007703148250052028,-0.0030363786667428894
2016-02-22,0.011143419116973474,0.013171514230635673,0.010343507419626752,0.007761676161639031,0.013295410098388194,0.009365804778379117
2016-02-23,-0.00943233838764057,-0.008126600534271944,-0.010893163527522898,-0.005428149376722757,-0.006943078780864309,-0.007206846021027391
2016-02-24,0.006513559989485662,0.008784546640097757,0.00584629948289872,0.0066603263982436545,0.0008721192535834366,0.004760478688233816
2016-02-25,-0.061178377329754285,-0.06391841811616461,-0.05328780310219483,-0.0791463664426465,-0.0789487345214771,-0.07078779971370264
2016-02-26,0.010000591471286624,0.009448214880355854,0.00727863599460199,0.007341518833917204,-0.004630826220830664,0.0033340830340768957
2016-02-29,-0.0030067176190989864,-0.004617428152856595,-0.003762061934603156,-0.047594792143273446,-0.006998576443589477,-0.0050060669608481545
2016-03-01,0.016975773659670512,0.016504707191011603,0.01466998848979717,0.022894542469686918,0.022325043660534227,0.01955574907617308
2016-03-02,0.0009508935143134334,6.838103302819754e-05,0.003526056651437681,0.050779526518750284,-0.0029443985404747908,0.0457443336256107
2016-03-03,0.002482884592494683,0.004203412866311096,0.004690577247066896,0.0005790141542336702,0.0019057715030110778,-0.00014003399495254865
2016-03-04,0.01159541267247266,0.005019186453555591,0.0335810790717026,-0.023226860867862187,-0.03988496665745067,-0.009713466566266482
2016-03-07,0.00473253607782298,0.008049803735285854,-0.006873204042092351,0.011369741422507795,0.024469904602360204,0.007664533378583638
2016-03-08,0.002270430081408703,0.00139341210424071,0.0035489812854938574,0.0020867836715579013,0.009238301023341888,0.005246489756155048
2016-03-09,-0.011478335166761222,-0.01335119747078617,-0.0015304420725356094,-0.02540084311207469,-0.02221829855709878,-0.01777436731436355
2016-03-10,-0.01907732050043942,-0.020152653771207008,-0.02388133921012714,-0.01682630050606504,-0.016453741559993906,-0.017739627991446905
2016-03-11,0.0017007656227008283,0.001984872675518723,0.004495285350525791,-0.0023336626967548346,-0.012578910790381315,-0.0008376937274224838
2016-03-14,0.006881966307475729,0.006869043380123507,0.004281022089389852,0.010579991898064911,0.0,0.009234639270853107
2016-03-15,0.0042302626174441915,0.003487902369310847,0.011195551672353421,-0.0059246089629603205,0.0,-0.0009992297941434636
2016-03-16,0.00495104992872708,0.002115075083578777,0.016638259558380275,-0.013575559131452697,0.0,-0.0036965787443432596
2016-03-17,0.0020381680280632253,0.0015840683273145029,-0.0006495051452244383,0.0045718033726880325,0.0,0.0029503934766155204
2016-03-18,0.011216009213506961,0.013438213228913698,0.0002748365613582937,0.030019563402406968,0.03455805519132582,0.023069139408022243
2016-03-21,0.024364157528750763,0.02153422608229527,0.024356167459057776,0.025147567771648616,0.02804739388504407,0.02591656640832496
2016-03-22,-0.007259624189878244,-0.006437810840966174,-0.009167419081632877,-0.003917315429668999,-0.0017608874227089677,-0.007601130468139483
2016-03-23,-0.00264224799328594,-0.0028808287069085337,-0.0015711538573506267,-0.0036359236519991622,-0.003891205939043796,0.010178900031375004
2016-03-24,-0.009373120406978241,-0.008784789064938514,-0.011057215494308492,-0.007444339759573371,-0.005570929284340553,-0.00868055895198483
2016-03-25,-0.0017327280195245098,-0.0017582383915304423,-0.00035386614533339245,-0.0020981727655939864,-0.003432741379684967,0.00871037509369943
2016-03-28,-0.011741988689996985,-0.010243163800969568,-0.013948127509748165,-0.012694693016361391,-0.012202219416046156,0.0045433355201902614
2016-03-29,0.000349709455276459,-0.0005264422643098676,0.002091646839930128,-0.0014423933908384035,-0.0031184458184189134,-0.014944963875994866
2016-03-30,0.017230210346829367,0.020005057551940153,0.01536452790896603,0.025816117285372808,0.03044562638798287,0.008298950953794959
2016-03-31,0.00386535401342325,0.0027499616068882293,0.003966815982590521,0.004192577525334862,0.004192609561984639,-0.002418439275668094
2016-04-01,0.0024035334802441355,0.00399043762457163,0.004950693693814845,-0.0009940245093259525,-0.0013243188157413543,-0.0035128437924504263
2016-04-05,-0.0034305110096557456,-0.002996779383962256,-0.0077174249512502735,0.0018282383227226084,0.0012839066307042124,0.021695226621085473
2016-04-06,0.001999074748314733,0.0034060454028312925,0.0001211452399689783,0.009539640275556094,0.010199490029429326,-0.004309211996497364
2016-04-07,0.0025313828911532887,0.0023808826307882835,0.003000787450688547,-0.01490318519373901,-0.016207771564437645,-0.017835814437122677
2016-04-08,-0.0014376996983140877,-0.00123238668769865,-0.0009227069119892573,-0.00849418599990115,-0.009875757678169172,-0.008052958195362225
2016-04-11,0.008547663313790421,0.016383863793806963,0.007731113202337214,0.012354223322260216,0.013496140356118902,0.008489504650460944
2016-04-12,-0.0029089975811859015,-0.0033921272628593124,-0.001968208316785236,-0.008167956351555317,-0.001656254253294076,-0.004923506269943756
2016-04-13,0.013322852540041286,0.01419170862842778,0.012761167352457248,0.014616125323112295,0.00843167000707079,0.013778236120671972
2016-04-14,0.004424782139555994,0.005117879030084538,0.003470847803294541,0.009077693695589195,0.012217583292442713,0.008193983210701195
2016-04-15,-0.0011057585062230757,-0.0013746358865829311,0.0014650175109460761,-0.0027325585045837597,0.0004590760134559613,-0.0005842486228047061
2016-04-18,-0.013354175149424274,-0.014416091932631492,-0.010900220389092219,-0.016145653861650344,-0.01409830159352865,-0.013912320205437867
2016-04-19,0.003047076110124669,0.0030147511741067667,0.002485859446811567,0.004299904399682308,0.004413393778514907,0.003474928666046706
2016-04-20,0.001650750390296274,0.0023291202027622138,0.0010847317393898326,0.003594677123677892,0.00327645806395771,0.00239314813508007
2016-04-21,0.0,0.0,0.0,-0.005071607185829663,-0.008545806766704911,-0.004100454345991267
2016-04-22,0.0,0.0,0.0,-0.006853993233907452,-0.008385454431918182,-0.0069147015329844574
2016-04-25,0.0,0.0,0.0,0.0,-0.0017846251713076189,0.0
2016-04-26,0.0,0.0,0.0,0.0,-0.0018426147131613835,0.0
2016-04-27,0.0,0.0,0.0,0.0,-0.004169469754781163,0.0
2016-04-28,0.0,0.0,0.0,0.0,-0.0023769115580342115,0.0
2016-04-29,0.0,0.0,0.0,0.0,-0.0014197037409121593,0.0
2016-05-03,0.0,0.0,0.0,0.0,-0.00025772117665923133,0.0
2016-05-04,0.0,0.0,0.0,0.0,0.004376206373720715,0.0
2016-05-05,0.0,0.0,0.0,0.0,-0.001981701152368176,0.0
2016-05-06,-0.02589713475809674,-0.028497907907385156,-0.021255255362276237,-0.03985971283528256,-0.0412253738386843,-0.034312606557680425
2016-05-09,-0.004914474515148148,-0.006003728103497807,-0.003166960035427935,-0.00875090072127871,-0.011615221044831814,-0.008332807278044974
2016-05-10,0.004385365916957484,0.003484464793296338,0.004884459082725723,0.001732286094329849,-0.00014810073965287884,0.002246141098373844
2016-05-11,0.004448715249019797,0.0037147153474264005,0.0029069821227465376,-0.0026972168267885843,-0.009429907095818146,-0.002188841420023735
2016-05-12,0.0023698877166773435,0.008283721613656203,0.003088403131900286,0.0005318137320087235,-0.00026355345583051193,-0.011611137312629971
2016-05-13,-0.0028776072413597698,-0.003082082639280226,-0.0026380547028437284,-0.00211991014249302,-0.001906829209380012,-0.0004861773690549853
2016-05-16,0.009875208749348552,-0.003799265000380192,0.006458194839145559,-0.003946190257688276,0.01969702628213099,-0.0033215635469139304
2016-05-17,-8.059833540874362e-05,-0.0026837467092989398,-0.0006515338941962545,-0.004216503146849182,0.0002720062553778213,-0.0023938473262762328
2016-05-18,-0.0012835877773327287,-0.005589277435174456,0.005185203091205182,-0.008280183764881488,-0.022179244885643823,-0.007317504152840493
2016-05-19,-0.002649781564421194,0.0014861575108093827,-0.0032214410189012055,0.006566814057811676,0.007155922168576634,0.004063265694053575
2016-05-20,0.009835030562661329,0.006609847490067322,0.007414675705411877,0.011616213117019214,0.01191167981800012,0.008452675654425867
2016-05-23,0.0029247618000036724,0.006419753527524996,-0.00033847757435223613,0.013288599826072112,0.017179631425979558,0.010025527563280123
2016-05-24,-0.0014382907909721299,-0.0015414746670265878,-0.007566978585263673,-0.001771319812863159,-0.0019665554139345343,-0.001745101001704663
2016-05-25,-0.00680619034671659,-0.007164721473342017,0.002545410177526408,-0.011386830366868606,-0.009646373698684041,-0.008569595370502947
2016-05-26,0.0016279860854273576,0.002606461696142537,-0.000955106687909657,0.005100459985641681,0.005012952761048295,0.0033859798881175074
2016-05-27,-0.0016099707903660665,-0.0004936671257115277,0.0,-0.0008336922244723821,-0.003249272267587311,-0.0007090149732038586
2016-05-30,0.0,0.0004967393624937255,0.0,-0.004917130241096523,0.00039441834242937013,-0.00433726321887673
2016-05-31,0.0,-9.943599244610635e-05,0.0,0.001686953109889533,0.00044882678778801477,0.0
2016-06-01,0.0,0.0,0.0,0.0,0.0,0.0
2016-06-02,0.0,0.0,0.0,0.0,0.0,0.0
2016-06-03,0.0,0.0,0.0,0.0,0.0,0.0
2016-06-06,0.0,0.0,0.0,0.0,0.0,0.0
2016-06-07,0.0,0.0,0.0,0.0,0.0,0.0
2016-06-08,0.0,0.0,0.0,0.0,0.0,0.0
2016-06-13,0.0,0.0,0.0,0.0,0.0,0.0
2016-06-14,0.0,0.0,0.0,0.0,0.0,0.0
2016-06-15,0.0,0.0,0.0,0.0,0.0,0.0
2016-06-16,0.0,0.0,0.0,0.0,0.0,0.0
2016-06-17,0.0,0.0,0.0,0.0,0.0,0.0
2016-06-20,0.0,0.0,0.0,0.0,0.0,0.0
2016-06-21,0.0,0.0,0.0,0.0,0.0,0.0
2016-06-22,0.0,0.0,0.0,0.0,0.0,0.0
2016-06-23,0.0,0.0,0.0,0.0,0.0,0.0
2016-06-24,0.0,0.0,0.0,0.0,0.0,0.0
2016-06-27,0.0,0.0,0.0,0.0,0.0,0.0
2016-06-28,0.0,0.0,0.0,0.0,0.0,0.0
2016-06-29,0.0,0.0,0.0,0.0,0.0,0.0
2016-06-30,0.0,0.0,0.0,0.0,0.0,0.0
2016-07-01,0.0,0.0,0.0,0.0,0.0,0.0
2016-07-04,0.0,0.021833073321732233,0.019337796709446353,0.0,0.0,0.0
2016-07-05,0.0024151715297249243,0.0009029486071405746,-0.0007032477340760401,0.00387177080402501,0.003026192096329705,0.0029479092355091385
2016-07-06,0.0029304315861213848,0.006102527724845652,0.002402955215197178,-0.003182560648698707,-0.003447023540816274,-0.003200898379995043
2016-07-07,-0.003329091935956985,-0.002777767586335078,-0.002797040782151705,0.004416257316910199,0.0011037927528461111,0.001795624469050905
2016-07-08,-0.002483468199601657,-0.004224596590613139,-0.003683048580455428,-0.0020055015137643295,-0.0015663399587919624,-0.0024896641652878415
2016-07-11,0.003458633501943975,0.0017415397382303244,0.0017003780660658219,-0.001340003429320391,-0.008908213396517928,-0.002705451723582497
2016-07-12,0.021789553363622982,0.018838710810558768,0.020103236938338265,-0.0005716254234778839,-0.0015639871434510733,-0.0010654026270012773
2016-07-13,0.0029569257087591616,-0.0001066661994143514,-0.002132823629807157,0.004943802070079828,0.006492598558361262,0.00430480218312046
2016-07-14,-0.0017892097155259856,-0.000462356491529925,-0.00020061327293308118,-0.0015865323105467288,-0.0014562477825490472,-0.0016158331244982005
2016-07-15,-0.0009300447038351756,0.0007208624462056168,0.0006363988180908553,-0.003013141739569569,-0.00644828769196637,-0.0027580065825449918
2016-07-18,-0.0021548891459510777,-0.0014846349481878462,-0.0012833937293299513,-0.002334640930305776,-0.002365609394966328,-0.002296966235859843
2016-07-19,-0.003881488928818122,-0.0012452426262112848,-0.0057460245736298265,0.003731133137184539,0.007453504817825252,0.0015349233941572837
2016-07-20,-0.0005706893451470352,-0.0023888063936743364,-0.0038005808985948075,-0.0004989431581651216,0.00010272888270934644,-0.000359332307316218
2016-07-21,0.00422344205347347,-0.0002471014356918433,0.00047501411345196587,0.00418558050872031,0.0016463557376076299,0.0032508045438268685
2016-07-22,-0.0005428562601048625,-0.008458096169219997,-0.008745365004186878,-0.0008958721507017486,-0.0007528216441540225,-0.0007524329699862831
2016-07-25,0.003175641518501804,-0.0017132258536085576,0.0010743455757311615,0.003783219623262557,0.001348154236858523,0.0028296278082702297
2016-07-26,-0.0009695872544782658,0.011794231746322659,0.010606823369600393,0.00016744383783362515,-0.0004378290993439782,-0.0005488991936295484
2016-07-27,-0.015984123540847772,-8.350484277797054e-05,-5.131209641040524e-05,-0.04149872248272224,-0.04815355875072247,-0.03262760522088448
2016-07-28,-0.00442608918933729,0.0044751561379554605,0.0015368689550023795,-0.001486424699616462,-0.0027992092827230364,-0.0032218691713241654
2016-07-29,-0.004270866101274251,-0.0007447769222190814,-0.003958596221055877,-0.006063040314662649,-0.007616427838359807,-0.005600403720672276
2016-08-01,-0.002491804548689025,-0.0063791714756469275,-0.0018638217998473428,-0.003962427927110768,-0.004626577867653081,-0.003538941417331354
2016-08-02,0.004667457474365255,-0.0012656372514089353,0.001076712631755461,0.010879349028595886,0.010845090904947563,0.007987580108216541
2016-08-03,-0.003086574179927415,0.004988638419347602,-0.004011301991988292,0.004810758652300073,-0.0018286525097990225,-0.002416513970123879
2016-08-04,0.003206092760722923,0.0013297126990978736,-0.0009954586787382924,0.006384083397189988,0.009140089144802577,0.005737724381539078
2016-08-05,0.0011897923853236847,-0.0019190758641428607,0.002256819141896349,-0.005563629344624954,-0.0009856798438167003,-0.0007065565691343201
2016-08-08,0.009041416453063,0.00925511404240531,0.005115054874451852,0.014004463063508776,0.014667231005385695,0.012543736201887645
2016-08-09,0.007026376134301682,0.00711648846660351,0.007256791964099563,0.008020114601394734,-0.0007904272545854463,0.008752828528018286
2016-08-10,-0.004174658028243017,-0.0008789903566925883,-0.002409808584478146,-0.003646834540715349,-0.0027312468090524566,-0.0034773620590548004
2016-08-11,-0.0013118656013927366,-0.0038098776435557813,-0.0010574635660801635,-0.014456601993073526,-0.002973712152827157,-0.002062438816116896
2016-08-12,0.01912642076206783,0.015983606177137233,0.0203221437949217,-0.0014185050052414327,0.011524093657081957,0.014875366894260056
2016-08-15,0.030052885648434335,0.024412035483888817,0.029259805830397,0.020813655343213,0.0014243070570689742,0.025431823382071395
2016-08-16,0.0027794980300490657,0.001556674803117275,-0.013068180821552366,0.004067683827174928,0.007093089089189597,0.0016662470325139456
2016-08-17,-0.0015445402754341586,0.0006742118438842759,0.0012763637061019573,0.002991488270793985,0.0039058821905184615,0.0018729674650006523
2016-08-18,-0.0025324394544186113,-0.0017473784791233182,-0.003873930485180699,0.0003129900447287337,-0.00038397772829323884,-0.000996446773557813
2016-08-19,0.0001585143778259912,0.001282989041625937,0.00205760997466653,0.0014007251251189068,0.0016876573356279234,0.0011235496274417667
2016-08-22,-0.0002500377448916291,-0.00038141773266253676,-0.00026620293759471725,-0.00011883161827164201,-0.00031234470222918365,-0.00020293785778480178
2016-08-23,0.0026084281181724123,0.0024821025876335945,0.0027794829256637676,0.0019786379948758537,0.002535101818099239,0.0027679827102282673
2016-08-24,-0.003574853759142127,-0.0012347891914997744,-0.004335604620712363,0.0009848838940111904,0.003422560179281442,5.387362733144663e-05
2016-08-25,-0.006263230958207133,-0.005671348214827399,-0.0044988702617440035,-0.00811909186596993,-0.00742117003798437,-0.006510453131774341
2016-08-26,0.0009141730250648017,0.0003446469029033672,0.0003689995857014683,0.004392044200265621,0.0033886544799850427,0.0012329530211223627
2016-08-29,0.00021410224944529155,0.0003595397529367883,-0.0022922448028771525,0.002607825357133775,0.002546357778646202,0.0018445706454952582
2016-08-30,0.0012674980335656283,0.0003092539177875775,0.0005632637275017061,-0.00027485352483813674,0.00016575971954457813,0.0006218547334881919
2016-08-31,0.004757363873127751,0.003932821629902605,0.004659220366063144,0.0013098942898419619,-9.4121218067178e-06,0.002515393082901385
2016-09-01,-0.0004654711882043916,-0.0006443600911371083,-0.0012013887713309135,-0.0001414987292660541,-0.0009135863406448674,-0.0004882573289892722
2016-09-02,0.004509005739114391,0.003070998276812009,0.005976529831851041,-0.002431338165965413,-0.0031126442117229702,0.000600504458253992
2016-09-05,0.001926234793872439,0.0009428719944757358,8.237866870097754e-05,0.0023146117103851616,0.001999912745623389,0.001995241955873084
2016-09-06,0.006047496071257097,0.00624779684818777,0.002098318228652918,0.0,0.0,0.011235837457746367
2016-09-07,0.0002804429993554791,4.925866276672686e-05,0.0001112636943365608,0.0,0.0,7.103758766890955e-05
2016-09-08,0.00031530080209996036,0.0017909099975008669,0.0006004706604150201,0.0,0.0,0.002921324845444273
2016-09-09,-0.0002066111695895323,-0.0003200321753386026,-0.00025492251122360976,0.0,0.0,-0.00022014454175078857
2016-09-12,-0.0029726749321271617,-0.005245926608843154,-0.0009205640931723158,0.0,0.0,-0.008008075540713033
2016-09-13,0.0006854979433486008,0.0008591295010642597,-0.0013290168087909393,0.0,0.0,0.003155164798647414
2016-09-14,-0.0023032539053422507,-0.0021582302486204963,-0.0036226204208105184,0.0,0.0,-0.0009638886205985964
2016-09-19,0.007514748012506844,0.00771303065252904,0.0008772133085159783,0.0,0.0,0.00964481850272736
2016-09-20,0.00032134938659633683,-0.0010064795798944148,-0.0028349213504023085,0.0,0.0,0.00018405133139176577
2016-09-21,0.0025873610603854846,-0.0006198963165353621,-5.063317719733451e-05,0.0,0.0,0.0022903243776366544
2016-09-22,0.004386788033767797,0.001127894872727575,0.002331355730377682,0.0,0.0,0.004889217415495528
2016-09-23,-0.005192350050463812,0.0006612621847721378,0.000757841434525286,0.0,0.0,-0.004822618592766448
2016-09-26,-0.002583205288574142,-0.015920077365880303,-0.010689207159424785,0.0,0.0,-0.002185013231663313
2016-09-27,0.007894893463163744,-0.002105923004915522,-0.001939688594247535,0.0,0.0,0.008599341492262047
2016-09-28,0.0007418783865069667,-0.004420440214264354,-0.0050516151614209415,0.0,0.0,0.0006332155136274942
2016-09-29,0.0027871373344261485,0.0012902642679579746,0.0018150121909552563,0.0,0.0,0.002543380550414698
2016-09-30,-0.0014429594051306172,0.003338285731599999,0.0023399576405467304,0.0,0.0,-0.0013567316978512212
2016-10-10,0.008566546946936482,0.0050894364827978045,0.004575578282747017,0.0,0.0,0.012232960306509
2016-10-11,0.0007591188120148473,0.004302843022591096,0.0016039174754767238,0.0,0.0,0.00034930558112500343
2016-10-12,0.00011398252051875168,-0.002730190558958956,-0.0018594594623402294,0.0,0.0,0.002048682893385667
2016-10-13,-0.00040866914199488846,0.0009509721028895246,0.00020271688387429876,0.0004501204810534176,0.0,-0.00028092649693856053
2016-10-14,0.002005973549684681,-0.0015680358992387067,-0.001311625772607572,-0.0014653306356994245,-0.0001548865282613443,0.0006238938149480955
2016-10-17,-0.00011507789299647353,-0.007803316293350959,-0.006693206992498091,-0.010202417156591426,0.000793992097606111,0.0004924485664556943
2016-10-18,0.014705626413304751,-0.001382972558615081,-0.0014938252529276275,-0.0006793717656207177,0.016094123568302088,0.01536111950358876
2016-10-19,0.00044323247245836583,-0.0004822361828991095,-0.0007106292453811225,-0.0037487226442888266,0.0009788265850430022,-0.0011867784433341466
2016-10-20,0.0002790205020302139,-8.435095775816137e-05,0.0008506429602390675,-6.230541308505089e-05,0.004061002212198517,0.0018618162633008417
2016-10-21,0.002747137941090605,0.0020953769736702377,0.007790700837257081,-0.003769724699740018,-0.005791796841635,-0.001510464123270605
2016-10-24,0.0012812873748215825,0.0002071298165242652,0.0019506142983685137,0.009841100645875622,0.006413974368934872,0.00044125242244374974
2016-10-25,-0.00015597242657972021,0.0011180409248470191,-0.001842289823568266,0.0036268578397467,0.004283698580641371,0.002048070531167401
2016-10-26,-0.0008195594712087084,-0.0008197737015028794,-0.0012432421744471567,-0.00048106707504669277,0.00012065700766483722,-0.0004643451155278422
2016-10-27,-0.0018673192148094264,-0.00023054106851660983,-0.0019477971309395103,-0.0009918648745612657,0.0006633225502905571,-0.00045156272706703415
2016-10-28,0.0002825695775723336,-0.0003564362059699233,0.0007923384415537971,-0.0009611638184291449,-0.0011261020331250204,-0.00045935129334240266
2016-10-31,0.001009310665019525,0.000915889109070589,0.0009512918627048172,0.0015194458129703658,0.0017837761944154984,0.0016247648746234855
2016-11-01,0.0005775044103029092,0.00022776210181030265,-0.0001385533913331738,0.0005918525727615087,0.0003178249983850634,0.0005331658236380488
2016-11-02,-0.005320775150568946,-0.004309171701190273,-0.005185437442707275,-0.006268220445586059,-0.005000196951821412,-0.004878261482280211
2016-11-03,0.009504100952858918,0.008423001375221784,0.012856495690497738,0.00441931969838727,0.006479003501667302,0.0074191676243455795
2016-11-04,-0.0010039357928186554,-0.0011536171261991024,-0.0009351166396802668,-0.0032518161821449842,-0.002761476127398632,-0.0029502448232395784
2016-11-07,0.0007878476050739991,0.0025581860065400086,0.0020446235780982036,0.0009605907384324652,1.706073078233672e-05,-0.0004346291880775732
2016-11-08,0.0031556705738968738,0.00463315716852164,0.0023981456421577896,0.005297813843832877,0.0036073868570598577,0.0021882328149867014
2016-11-09,-0.005339730967216738,-0.006184329620107842,-0.008097479606073432,-0.007608043667165609,-0.0004578772310595003,-0.0003083737432569844
2016-11-10,0.011169702324615782,0.013681390258687864,0.011267044649568847,0.012887957212769141,0.005959382862085194,0.005518839283449317
2016-11-11,-0.0009329458920181999,-0.0007411410804030183,-0.0018253199430562361,0.007159151522061702,-0.0005251365491689697,-0.0004749638257871558
2016-11-14,0.0060007312016903125,0.006936070244455861,0.005553698409943575,0.004714577420087629,0.004891418982625906,0.005598958823844757
2016-11-15,-0.00011006483462194794,-0.0010510744077939504,-0.0029603969941673913,0.003838091127930765,0.004957006307212186,0.0028133008490214273
2016-11-16,-8.073279096987296e-05,-0.0005996029104746725,-0.00041412026144382885,0.0005596972868540107,0.0015207434851238766,0.0005431866147631581
2016-11-17,-0.0019312923664380754,-0.0021889072306287005,-0.0016769055665175614,-0.001158760874602538,-0.004042871028961725,-0.0018882103656453486
2016-11-18,-0.005969480598625454,-0.004618868133974385,-0.005158238370838286,-0.0007269660752038387,5.588926211719247e-05,-0.004545769893058438
2016-11-21,0.00691275441872663,0.0079202233384994,0.011870993450111555,0.0020262087567892717,0.003068366478823137,0.004513672380421774
2016-11-22,0.007909491650964107,0.009384098496145299,0.00784499655853832,0.007514623836944345,0.008361925503065581,0.008224089092576659
2016-11-23,0.0014426430505938281,-0.0002752341356490051,0.0008327786050967845,0.0009006456681981412,-0.006939423605168082,0.0009731696234960285
2016-11-24,0.005581780520301782,0.0011768624479711054,0.004883194293868298,-0.00197443917309581,-0.006905607363269839,0.00016628184510536492
2016-11-25,0.009309536034673993,0.006212619403356046,0.010623699059736147,0.004471722991587601,0.0020001076906024373,0.005333174222321491
2016-11-28,0.0039044959180554173,0.004603342254471343,0.003831104530767515,0.002689710935812162,-9.905703719159664e-05,0.0019740553635683167
2016-11-29,0.008172311904126373,0.0018022334804175255,0.01596711101171988,-0.0074585428137962095,-0.011225961006579022,-0.0023498270700392787
2016-11-30,-0.00728864976545196,-0.009987984999472954,-0.009061344474592392,-0.005291961691052394,-0.0021567604514864946,-0.005114636320877497
2016-12-01,0.001529062551617777,0.0019951881273443384,0.0008874439146797641,0.001061575986467389,0.003584789126348742,0.0010291761995571136
2016-12-02,-0.008798058908116357,-0.008167277514510074,-0.004532720191590567,-0.014772484781817141,-0.017011921018042275,-0.01295979947515824
2016-12-05,-0.01685950869652275,-0.012038400587108256,-0.01703946672851675,-0.0053543199880128345,-0.0054396115769919096,-0.010552130527240577
2016-12-06,-0.0010613709959239603,-0.000984018796803987,-0.001891820849941328,0.000750312560450439,0.0013974819696145335,0.00020468480020841007
2016-12-07,0.004860503832258445,0.007258048385830218,0.0038585248415823337,0.00017530423956402252,0.01089094045265604,0.008216053426481906
2016-12-08,-0.0016079565711100141,-0.0021276352236929696,0.0008753911256529356,-0.00534906706485172,-0.006035514070023118,-0.0035982072579251456
2016-12-09,-0.0016635149455678233,-0.0020178732257689624,-0.002126263335267553,-0.002061103768427608,-0.0036872117328361487,-0.0015672379971879424
2016-12-12,-0.023054791585248258,-0.025054956636850534,-0.008833553018736673,-0.0002953965310948936,-0.0007903466929451985,-0.03695936663458366
2016-12-13,-0.001213106696299815,-0.004575223322202504,-0.005956489927153696,0.006647745302066133,0.007228583877073147,0.002271563477991956
2016-12-14,-0.0076470566439309495,-0.0029534006687362835,-0.00528624855179316,-0.0015903492372900674,-0.002103593146427163,-0.006359043801464348
2016-12-15,-0.01137473195058214,-0.004845424378792318,-0.005912893342327807,0.010117030454590115,0.014156684379215134,0.00016085743022964394
2016-12-16,-0.0016645594134320207,0.0,-0.00039245618063865617,-0.0003263891708623623,0.0001829427452131327,-0.0008405605212093992
2016-12-19,0.0,0.0,-0.0012796557250067675,-1.1467398671527462e-05,-0.000572117800966998,-0.0018808102600148535
2016-12-20,0.0,0.0,0.0,-0.001110679530509695,-0.0010167123303581604,-0.000848756693717978
2016-12-21,0.0,0.0,0.0,0.005639299303890732,0.00580566970843166,0.0
2016-12-22,0.0,0.0,0.0,-0.001158688400765162,-0.0009660192497448206,0.0
2016-12-23,0.0,0.0,0.0,-0.009193883268927894,-0.010966269876611756,0.0
2016-12-26,0.0,0.0,0.0,0.002030568432320523,0.004423044212058969,0.0
2016-12-27,0.0,0.0,0.0,-0.0006435708725295308,-0.0008608650416404018,0.0
2016-12-28,0.0,0.0,0.0,-0.003089194342624002,-0.0036360751627857457,-0.0034266149734794027
2016-12-29,7.100064505838333e-05,-6.849696039989972e-05,0.0006781080764750591,-0.002811101078837197,-0.0038773982739173096,-0.0023608460090676076
2016-12-30,0.003732772763444414,0.0024333179238360536,0.005172672397934619,0.0017615812564253375,0.0003017107405631769,0.002023476062909202
2017-01-03,0.009706800687819594,0.010392590866467266,0.009161520180265947,0.009119120920103141,0.0013556890134844846,0.009328487566639065
2017-01-04,0.007800653780673628,0.007287523906585491,0.006190036775485908,5.762971934331063e-06,0.011801191703782354,0.009984386325011974
2017-01-05,-0.00015504584972980684,0.002092927485657592,0.00020560672078340225,0.0010515240216095734,-0.0006923178919112649,0.0002775221787110205
2017-01-06,-0.00042797148484152725,-0.0006657997689887285,-1.1322785828382642e-05,-0.00021511928898887422,-0.006109055823338094,-0.0007962488850998817
2017-01-09,0.005274131697703188,0.007045610378119349,0.0041315379045576694,0.00770149879099713,-0.001768679639352233,0.006122461639222587
2017-01-10,-0.0008222087287266255,-0.0013032165181544597,-0.0010887673838780865,-0.0005633943039193845,-0.004343770768791888,-0.0008759395384825286
2017-01-11,-0.006487534800974082,-0.0064513780314678915,-0.005098776246376668,-0.00790001575730137,-0.002086920874032505,-0.0076645633576012395
2017-01-12,-0.0006915323688466701,-0.0011525697185387207,-0.0005781470185224347,-0.001144916647174865,-0.00788446808504617,-0.0010713317462188732
2017-01-13,0.00043642718464087515,-0.001214082183163212,0.006209556990845355,-0.012520235229295684,-0.0012389962616627948,-0.00844052888455904
2017-01-16,-0.0018803243214866594,-0.0028055879494650604,-0.0022019264116418524,-0.0018368947245698264,-0.0399342272361255,-0.002455363097968233
2017-01-17,0.0061176144508505725,0.0068753890069515045,0.0013891646110044675,0.01247759580744967,-0.004030054181583642,0.010582126024490046
2017-01-18,-0.0010551709119754893,0.0013596852596216014,0.005648071371067154,-0.002211287848288168,-0.0026829773812198088,-0.0018904159713583057
2017-01-19,-0.0006477180618937872,-0.0037530982123382683,-0.003331390604610962,-0.00409888029261074,-0.004209777894072175,-0.0013895339904956838
2017-01-20,-0.0008423637367960257,0.007024214461454958,0.005227071010617923,0.012936798393049065,0.016582730730207107,-0.0011778880733132047
2017-01-23,0.0013437056331520036,0.0005791002404071932,0.0012807875783391598,0.0012266414612649434,0.0013613459472443523,0.004954827002284334
2017-01-24,-0.0004295943100793842,0.0023832220788801983,0.0019456547565201987,-0.0005664250462785736,-0.004681777200045922,-0.0006459605028988902
2017-01-25,0.004079658730613334,0.002222159200448104,0.002665787138105058,0.002315349872825445,-0.0020977885721226164,0.00397060317942155
2017-01-26,0.0005469023012296681,0.0030437460274279626,0.002257682335514266,0.0004300964236709781,0.005786550653216871,0.0004507494482328678
2017-02-03,-0.007936934710536803,-0.005997476638869292,-0.010163536960839492,-0.003415842447414996,-0.0028496606002975655,-0.005522324995263395
2017-02-06,0.0009234884642381758,0.0007787084965305002,0.0026069958920689196,0.008391284568887603,0.011838385053242417,0.006778993231515873
2017-02-07,-0.0019485559293341836,-0.0005662183058615655,-0.002759071925014789,-0.0005297300145501449,0.00028333351930309725,-0.0004620978196337999
2017-02-08,0.005214764184779064,0.00439757932656426,0.003799192269899665,-0.0013399084022869268,-0.0018935456239868032,0.005926862868842031
2017-02-09,0.0038325567308672426,-0.000872577833648136,0.003607271564189052,0.006565116395846449,0.008514858185539875,0.005925563915852861
2017-02-10,0.005047976709480428,0.004140189077559864,0.005633465705805474,-0.0003855139460186008,-0.0008339557827126143,-0.00016482534316941688
2017-02-13,0.006656616628585299,0.0005665346036762831,0.0004886598363251782,0.0042275449908268925,0.006895410371410948,0.005869039905003204
2017-02-14,-0.00013661507500739578,0.00040669552462491154,-0.003333132415107465,-0.0005728518148707673,-0.000770906206527977,-0.00022805883181653552
2017-02-15,-0.004089464127303377,-0.001535400973232015,-0.0005564491698502039,-0.00888554455002799,-0.008605745567873635,-0.006399375012754116
2017-02-16,0.00560085800526311,0.005175148195240009,0.0019251948740253155,-0.0006812648159112422,-0.0013734215551339801,-0.0007634103842987239
2017-02-17,-0.0056482527403063365,-0.008525628063408952,-0.0059083488930548045,-0.007810672235606164,-0.00792026746281771,-0.00727784805144005
2017-02-20,-9.085254614282778e-05,-0.0011214775879712091,-0.000550687827464702,-0.000138020671859862,0.008682740508516806,-0.0005375315686512172
2017-02-21,0.0020774007584198895,0.003273764706723359,0.00012534716098588916,0.006688870759683274,0.009735345014911578,0.005390059218753684
2017-02-22,0.0019844726573203797,0.002425835414924915,0.00010139301080736018,0.006151948355098691,0.003593438811606564,0.0034171070453636876
2017-02-23,-0.004693951293641696,-0.0008815975877187743,-0.004369642941927876,-3.565325407350883e-05,0.00027987800675899344,-0.002405771323857664
2017-02-24,-0.001401973457098582,0.001873821725464353,0.0010281517654688876,-0.0013494665061399846,-0.0015486531145737503,-0.001476672156851877
2017-02-27,-0.007308262911376873,-0.0076137396261951595,-0.00806496861965833,-0.008170464967070745,-0.006901854675487651,-0.007219605015569397
2017-02-28,0.0019071197129019168,0.004048735260586023,6.212174542086224e-05,0.004145095379658015,0.0036667099245668577,0.002923527999104003
2017-03-01,0.0016260351628014647,0.0016040924586502303,0.0005126829904766872,0.0025755710860031478,0.002154247984789137,0.002216535349029103
2017-03-02,0.0013056220164604504,0.0009538254987491168,0.0019725591051265035,0.0011552287653935345,0.0002143540166610336,0.0008223180873296876
2017-03-03,0.0007840292359728718,-0.0004252861580947842,-0.00047388989961771877,0.005346264134477252,0.0062826498364232375,0.003242953625205436
2017-03-06,-0.00032766360623126545,-0.0004524023436055513,-0.0006222509858837544,0.009943223737141738,0.0007600119733557342,0.0001576447051849783
2017-03-07,0.0021091599849214493,0.002727520609433709,0.0026876117064886795,-6.963264030923622e-05,0.0009559144974329303,0.001790043446606937
2017-03-08,-0.0006576493865055877,-0.0007272391137229661,-0.0012849226115981827,-0.00364379375166779,-0.00041838558759188516,-0.0006099870973484967
2017-03-09,-0.00478166380928613,-0.005377919987194724,-0.0027814313849765515,-0.0020656074386563583,-0.005176056641999716,-0.005337131423561958
2017-03-10,0.0002765274495901693,-0.0010846080239043099,-0.0015317008864865755,0.0015760961322479616,0.00025935561168122234,0.0003954297138826224
2017-03-13,-0.000797195920308913,0.008437505380516352,0.007347006554841329,-0.0006676894184329818,-0.0011528044310702423,-0.0009387557521906009
2017-03-14,-0.00013977629159112048,0.0007113196299011193,3.989512552760033e-06,-0.0024334127802899674,-0.0028129288534435304,-0.0013269688067565344
2017-03-15,-0.0014448975945117182,-0.00136093093291767,-0.0012169907627279652,-0.0012546200983860611,-0.002263273907093799,-0.001654149722650211
2017-03-16,0.0025074522483947703,0.006533230955958036,0.0027411687038119137,0.006504319729739194,0.009376645189566046,0.005579727192878803
2017-03-17,-0.010244632557402267,-0.009602066947392185,-0.009377679595124366,-0.009130401688247858,-0.007032178787976129,-0.00859529533884229
2017-03-20,0.0007912110073051704,0.004113845756315904,0.0013228203318729204,0.002314627592349572,0.0035897462051219797,-6.025493712480401e-05
2017-03-21,0.004652398825179427,0.0033124637139076984,0.003005696783749512,0.00269309456207667,0.000545302518266455,0.0033266252104522387
2017-03-22,-0.004699154833242014,-0.0050094734269856556,-0.004082709261088224,-0.002464452648512583,-0.00543064277027272,-0.0046104456716624664
2017-03-23,0.003455699789721489,0.0010227577692365486,0.002996030120580695,0.001895707900262611,-0.0001795585007141609,0.0017200654534059723
2017-03-24,0.000490461458366287,-0.0005176845211797287,0.0012357473862605328,-0.0006001071650812984,-0.0009627216263357052,-0.0002039753887652651
2017-03-27,-0.003214490963569183,-0.0007498548882753919,-0.00028350180894376464,-0.004642855791343714,-0.0020456232320625878,-0.0030782360703033307
2017-03-28,-0.0023590346676301,-0.004274392807497973,0.0014228559222861925,-0.0026613828294879127,-0.0033568511279450375,-0.0025827190193404848
2017-03-29,-0.00132638081639036,-0.003565255990578664,-0.0023954260569455377,-0.0027923197103599806,-0.008158646372091516,-0.003777823051035245
2017-03-30,-0.001178709837326819,-0.002049209300709731,-0.0009026488742870376,-0.002229664583544122,-0.002148707517868109,-0.0018077315139993777
2017-03-31,0.006024342093916557,0.004913188078679687,0.0061486536642363365,0.004096906858510163,0.002839222875715919,0.004296169919008497
2017-04-05,0.013836378646874037,0.014806957015847555,0.010373173480994424,0.007539848194698218,0.003446015636755062,0.01766549415205776
2017-04-06,0.0028961285108557444,0.003266553754049939,-7.918974091414288e-05,0.000595636703771163,0.0012986183718821653,0.0031229031118262807
2017-04-07,0.000971670396947566,0.0017075821185210671,-0.0012543688790903618,0.0028934985694442084,-0.0006723974072033734,0.001071213936689741
2017-04-10,-0.0035016642147395194,-0.005232340963433835,-0.0038134776818167238,-0.0018427031125595184,-0.008794054600146595,-0.005586390638422589
2017-04-11,0.0034753626837815688,0.005977438362577692,0.0012398614700832589,0.009490045337272601,0.007718388477343074,0.0060355992849396856
2017-04-12,-0.0009327993823803338,-0.0017065139788488004,-0.0014840864940052212,-0.0006425870665414113,-0.001174714094129392,-0.0010659669263383131
2017-04-13,0.003925452594566448,0.0,-0.0007816124291102344,0.0,0.0,0.004752269335011938
2017-04-14,0.00048788437368307846,0.0,-0.00028530631555512276,0.0,0.0,-6.401753053120185e-05
2017-04-17,0.0,0.0,0.0,0.0,0.0,0.0
2017-04-18,0.0,0.0,0.0,0.0,0.0,0.0
2017-04-19,0.0,0.0,0.0,0.0,0.0,0.0
2017-04-20,0.0,0.0,0.0,0.0,0.0,0.0
2017-04-21,0.0,0.0,0.0,0.0,0.0,0.0
2017-04-24,0.0,0.0,0.0,0.0,0.0,0.0
2017-04-25,0.003709981301493359,0.0,0.0029370565893254152,0.0,0.0,0.0
2017-04-26,-0.00035944631738182853,0.00237554482678215,0.00022791382083897638,0.0,0.0,0.002440829931270816
2017-04-27,0.0032256036956685996,-0.003166808580408631,0.0059094929373644245,0.005480736721112933,0.0,-0.0029010588985584063
2017-04-28,-0.0020175353660573103,0.0032294294350190267,-0.0019539721394771226,0.0031482720077102844,0.008094584914842384,0.004226216000082772
2017-05-02,-0.003823285579268032,-0.003466489684175067,-0.004360239795356713,0.000682397161403614,0.00043036194402645833,-0.0010801468901797673
2017-05-03,-0.003917186061082711,-0.002658604342660964,-0.0030024644479962337,-0.0029885790794735856,-0.0018844044245783786,-0.0031686447180542254
2017-05-04,-0.002544364542977462,-0.002775034340115501,-0.002189167947531101,-0.003405339970622312,-0.003440988537858014,-0.0027723437052392663
2017-05-05,-0.003365038802080944,-0.003911654673352749,0.0005737376903496294,-0.013979718974531985,-0.010352767833412435,-0.007057971016166009
2017-05-08,-0.004115673705063605,-0.00432386942020746,-0.005036969485492038,-0.0023137512755959655,-0.002872381487914022,-0.0033878523065021815
2017-05-09,0.002821599470768321,0.004950550127998721,0.0013365201888735356,0.0,0.0,0.006767122312730134
2017-05-10,-0.0007113404329913697,-0.0009114543892276838,-0.0004657307681020795,0.0,0.0,-0.0006194506322064752
2017-05-11,0.0,0.0,0.0,0.0,0.0,0.0
2017-05-12,0.0,0.0,0.0,0.0,0.0,0.0
2017-05-15,0.0,0.0,0.0,0.0,0.0,0.0
2017-05-16,0.0,0.0,0.0,0.0,0.0,0.0
2017-05-17,0.0,0.0,0.0,0.0,0.0,0.0
2017-05-18,0.0,0.0,0.0,0.0,0.0,0.0
2017-05-19,0.0,0.0,0.0,0.0,0.0,0.0
2017-05-22,0.0,0.0,0.0,0.0,0.0,0.0
2017-05-23,0.0,0.0,0.0,0.0,0.0,0.0
2017-05-24,0.0,0.0,0.0,0.0,0.0,0.0
2017-05-25,0.0,0.0,0.0,0.0,0.0,0.0
2017-05-26,0.0,0.0,0.0,0.0,0.0,0.0
2017-05-31,0.0,-0.002755732072178607,0.0031410132407510005,0.0,0.0,0.0
2017-06-01,0.003433980497187905,-0.004667883479486878,0.006997860709724524,0.0,0.0,0.0
2017-06-02,-0.0032047020313863417,0.0009398496105637033,-0.008395230451651248,0.0,0.0,0.006414608085363538
2017-06-05,-0.001963854759194028,-0.0012541290246393944,-0.002782634070149559,0.006343614768056227,0.007988665216157376,0.0019904154118526307
2017-06-06,0.00805329957395129,0.005537094194027148,0.007599369762643748,0.004412288411444587,-0.0020069925930537025,0.005506579311526538
2017-06-07,0.011701410153219571,0.012284267395397785,0.007310008071752305,0.019383386599565844,0.020985165126062633,-0.00018527722784422718
2017-06-08,-0.000891530139341512,-0.0013739440023391447,-0.0013046886622190002,-0.00132903479076385,0.0001661345763179778,0.004250688101080202
2017-06-09,0.004038933656048016,0.0033215328075002493,0.004833137157097989,0.0026800858060329613,0.0021542787322024193,-0.0008224284125251113
2017-06-12,-0.0004976724650149755,-0.005854303199778532,0.0007508589928975073,-0.011113068563980533,-0.004720426763699992,-0.004140727003179578
2017-06-13,0.0022026030980351052,0.004408143084592586,-0.0023856629387810635,0.013062333336368415,0.0,0.008171002429836483
2017-06-14,-0.013103076686885151,-0.007301494330300695,-0.015012189854716085,-0.0008248771520087406,0.00206679813690136,-0.006327461181969585
2017-06-15,-0.0014365195475845027,-0.0017715611691218047,-0.0013804542273262443,0.010162402313732555,-0.0018895025740433002,-0.0016050699472276442
2017-06-16,-0.0013423467950558488,-0.001173979717472351,-0.0009832302462634557,-0.0008430738522400283,-0.0015690842205814404,-0.0013315255887589306
2017-06-19,0.00021857790120582976,-0.0004722227954905289,0.0007621248023930161,0.007547057338536556,-0.001177051034300991,0.007963529492501564
2017-06-20,-0.004160758373565443,-0.0026857133810835876,-0.006082910246631434,0.00045845457090920583,0.0007670499156489097,-0.00025983391167849756
2017-06-21,0.011683241604681704,0.005145607826252174,0.005273911801992215,0.00043896842358193133,0.0006731939825344035,0.005878933652048612
2017-06-22,-0.001374354434952152,-0.0014039208038016948,0.009772413967297888,-0.014099852482389541,0.0,-0.0011756490226676464
2017-06-23,0.010852605711322516,0.006039280498992161,-0.0025165744616234553,-0.002497500444256562,0.0,0.006805000785778947
2017-06-26,0.0009915711431836005,-0.0004256838235768834,0.004595030847165171,0.016140530291492095,0.0,0.012761270732330798
2017-06-27,0.0023358906403008195,0.002289776528053622,0.004463121355994248,0.0002490907193690717,0.0015376196173106926,0.0016495223649724
2017-06-28,-0.0077470955803652375,-0.005632036046496647,-0.006663315019062477,-0.004401041627754787,-0.002371605378525654,-0.006846699849319848
2017-06-29,0.006197500063450434,0.00041025105338166057,0.006030186211582356,0.005048181783171568,0.004087576061939657,0.005093656284627768
2017-06-30,-0.0005518071317431872,0.004719900836264612,-0.0011753542648583748,0.003453155917616746,-0.0029394015028765264,0.0008441900653630707
2017-07-03,-0.004337974594833538,-0.0002841696880662159,-0.006103205101533837,0.006380869232855968,0.009054292274921938,0.0019347694105680269
2017-07-04,-0.008429525651108771,-0.0032978654017828957,-0.0012680149074271174,-0.0015006329859544865,-0.0005618736541527225,-0.005483539699811191
2017-07-05,-0.0023764948066409275,-0.0012729152214302486,0.015490683843025543,0.009335497428473616,0.008747640732779116,-0.0017123162535395142
2017-07-06,0.001364181134825504,0.0025236991257617802,-0.0017923574348889248,0.0012405286510808189,-0.0007971384564166017,0.001713376648573517
2017-07-07,-0.001137535299494341,-0.0028286620051742872,0.00014408306368340895,0.003924687391728021,0.004846663041956356,0.0012446332188034148
2017-07-10,-0.0006128108601503035,0.0011455351934925861,-0.0023090439524219297,-0.003122365232418156,-0.0014646200921472063,-0.002845674216847005
2017-07-11,0.00468176535117637,-0.0035975576109540386,0.010400403034023231,-0.012487781668007125,-0.01102092066068705,-0.004270438427873224
2017-07-12,0.0003465486211098323,-0.001515057632372141,-2.515481492282312e-05,-0.0008079449353584067,-0.001817989612390214,-0.000584169928649958
2017-07-13,0.008195743058466931,-0.0017654882708250108,0.013624423736044777,0.002312712941967332,0.0013241461319219994,0.004672264956512073
2017-07-14,0.004379354217917131,0.0030732558742092575,-0.00022260227192583137,-0.0012181434315474693,-0.0019885763890971075,-0.0016792980123080392
2017-07-17,-0.000817187713550771,-0.0009616443511857309,0.0013838978289411052,-0.0379624298286102,-0.04838953345229002,-0.027736986533433927
2017-07-18,0.004960342010801755,0.008643627992931169,-0.002693808824012045,-0.003941707837428421,-0.005145626685770344,-0.00455847072714799
2017-07-19,-0.001867578340769227,-0.002080548037476704,-0.0013642704114202875,0.021915132265678094,0.014600695702788435,0.01783555378979229
2017-07-20,0.00594642366294007,0.005226544636278696,0.004397150906721992,0.006562894504490657,0.005813520848964693,0.005093135939185034
2017-07-21,-0.005139721913022255,-0.002120729943921096,-0.009841270136999314,0.00438069292180332,0.0010719384952031508,-0.0016161986372051906
2017-07-24,0.003983453751339017,0.0038957635110961064,0.005745389118778421,0.0066696425623073985,0.005478329621984246,0.005014745747958349
2017-07-25,-0.0063791874041841945,-0.0005993484942699023,-0.004258407189924429,-0.00218530654965432,-0.0018832524214453805,-0.0041917292919768645
2017-07-26,0.0007407504086696104,0.0008393424308332786,-0.00045808332693808573,-0.0011162029260183282,0.0015080806398062307,0.0001574422385419716
2017-07-27,0.0029131034077094498,-0.001351856821057762,0.0016063509813051269,-0.0017279745041860473,-0.002295187645584784,0.007625170803314152
2017-07-28,-0.0024944041911802994,0.0038739986039331153,-0.0037355394395187647,0.007078266202100281,0.0025149320905202277,-0.002302996866844431
2017-07-31,0.003992718593012867,-0.00029948752203468043,0.0,-0.00027851797139422096,-0.0005884392582264919,0.006794547451769439
2017-08-01,8.078083551321669e-05,0.0054183745302096575,0.015337140938205707,-0.0011807126210443553,0.0009476361121747434,-0.00020360869258351233
2017-08-02,-0.0020976738854103782,-0.00139840559905402,-0.0010696588303316101,0.0002796570016943001,-0.001174447310848592,-0.004629502492280779
2017-08-03,-0.0016769988628045907,-0.0022994371869407004,-0.011388385549946811,0.0033272467576188625,0.006568117740899604,-0.0019279511007577188
2017-08-04,-0.004746353835008321,-0.0012518559336056612,-0.0008176333342491127,-0.005853067037751569,-0.0047011150636742105,-0.004514114344353892
2017-08-07,-0.0018639617731527336,0.006531574393761508,0.004655995972430826,0.012510074535956317,0.007570259899978726,-0.0013361072276164565
2017-08-08,0.0019638565059403312,-0.0008407747601206772,-0.0009571340554362928,-0.00036923406063738007,-8.626352190121978e-06,0.002118782170694722
2017-08-09,-0.0012682781847184188,-0.000831569472499627,-0.004060517794682084,0.006781369065633314,0.0033201016334318822,-0.0010200001936944147
2017-08-10,-0.0025718005627651808,-0.001931514248333821,-0.0010627423072158138,-0.007965166626960563,-0.007172877649209708,-0.004321676237674987
2017-08-11,-0.0076662028393884585,-0.00919369806414816,-0.008533877192058337,-0.02023330440497262,-0.0070183250534868735,-0.007287228327737205
2017-08-14,0.011692055589696881,-0.0009253989436164289,0.0006438734069533769,0.00048628484327828403,0.019236909411352254,0.015452556329455414
2017-08-15,0.0030739658000524805,0.004802508173671116,0.004536196487796129,0.003579367010425605,0.00434215056091225,0.0033431908221479567
2017-08-16,-0.0012491252865383107,-0.0014789100583242343,-0.003925083373369831,0.0006362755619764293,0.004912435132473414,0.001220067920381096
2017-08-17,0.0013732068513325757,0.0021263507762474543,0.0014047504099545804,0.007438610072153962,0.009201457064399232,0.0009253400211541862
2017-08-18,0.00456106281119828,0.0046063597706222925,0.004212564026491394,-0.006578644065609485,-0.006577085477719846,0.0034825729313312515
2017-08-21,0.004376671857492465,0.005560302772189996,0.0013589035582639575,0.0,0.0,0.0011691697918969624
2017-08-22,0.0011210452029910556,6.571094544982614e-05,0.0027415407886268728,0.0,0.0,-0.001646511551545049
2017-08-23,0.00211122889851012,0.0010387782273859614,0.006653502592485427,0.0,0.0,-0.0030345484195365424
2017-08-24,-0.005707169456989902,-0.004919500597889925,-0.005026538666307201,0.0,0.0,-0.006062095771512621
2017-08-25,0.0002905369220016496,-0.00016535758070324036,-0.0005095120723780378,0.0,0.0,0.012899935206036384
2017-08-28,0.00956567835044142,0.007787745752683373,0.007578026900507684,0.0,0.0,0.011604607849904136
2017-08-29,-0.0021228784925155786,-0.0003252337635224478,-0.0008863721510717903,0.0,0.0,-0.00189881715014395
2017-08-30,-6.170623560430855e-05,0.00038662214730988964,-0.004440732542453363,0.0,0.0,-0.0004958078905121788
2017-08-31,-0.0031772994433530988,-0.0007923831621392541,0.00030377809644965836,0.0,0.0,0.0
2017-09-01,0.0006978148383540717,0.0001845547585792584,-0.002329267883831365,0.0,0.0,0.0
2017-09-04,0.0,0.0006198965487238528,-0.0026478197851348417,0.0,0.0,0.0
2017-09-05,0.0,0.0,0.006139466604566879,0.0,0.0,0.0
2017-09-06,0.0,0.0,-0.0030394777675338824,0.0,0.0,0.0
2017-09-07,0.0,0.0,-0.009088751342197221,0.0,0.0,0.0
2017-09-08,0.0,0.0,0.0002096217887836982,0.0,0.0,0.0
2017-09-11,0.0,0.0,0.0,0.0,0.0,0.0
2017-09-12,0.0,0.0,0.0,0.0,0.0,0.0
2017-09-13,0.0,0.0,0.0,0.0,0.0,0.0
2017-09-14,0.0,0.0,0.0,0.0,0.0,0.0
2017-09-15,0.0,0.0,0.0,0.0,0.0,0.0
2017-09-18,0.0,0.0,0.0,0.0,0.0,0.0
2017-09-19,0.0,0.0,0.0,0.0,0.0,0.0
2017-09-20,0.0,0.0,0.0,0.0,0.0,0.0
2017-09-21,0.0,0.0,0.0,0.0,0.0,0.0
2017-09-22,0.0,0.0,0.0,0.0,0.0,0.0
2017-09-25,0.0,0.0,0.0,0.0,0.0,0.0
2017-09-26,0.0,0.0,0.0,0.0,0.0,0.0
2017-09-27,0.0,0.0,0.0,0.0,0.0,0.0
2017-09-28,0.0,0.0,0.0,0.0,0.0,0.0
2017-09-29,0.0,0.0,0.0,0.0,0.0,0.0
2017-10-09,0.0,0.0,0.0,0.0,0.0,0.0
2017-10-10,0.0,0.0,0.0,0.0,0.0,0.0
2017-10-11,0.0,0.0,0.0,0.0,0.0,0.0
2017-10-12,0.0,0.0,0.0,0.0,0.0,0.0
2017-10-13,0.0,0.0,0.0,0.0,0.0,0.0
2017-10-16,0.0,0.0,0.0,0.0,0.0,0.0
2017-10-17,0.0,0.0,0.0,0.0,0.0,0.0
2017-10-18,0.0,0.0,0.0,0.0,0.0,0.0
2017-10-19,0.0,0.0,0.0,0.0,0.0,0.0
2017-10-20,0.0,0.0,0.0,0.0,0.0,0.0
2017-10-23,-0.00017327387516496984,0.0,-0.003768018874900636,0.006350106859912108,0.0049502532075111905,0.0029553518283575997
2017-10-24,0.007256936268825065,0.0,-0.0006692954672870011,-0.0014665321195747039,-0.005170944577208347,-0.0012803318707022004
2017-10-25,0.004422401833690692,0.0034006554658740917,0.0,0.006755067697686634,0.005992868948192287,0.005951849512395357
2017-10-26,0.0006275406153177787,3.287838304300017e-05,0.003825494090371029,0.0035929751259557996,0.003862052387964443,-0.00024696823402248214
2017-10-27,0.007197368908038682,0.003457090738469226,-0.00033560504034579886,-0.006124846837127329,-0.0075269887367919175,0.0004900246775867423
2017-10-30,-0.00010089056135853536,-0.0010088629078600642,-0.001261285612263019,-0.017840196713200585,-0.0023240035888536514,-0.0009709550840838466
2017-10-31,0.002678972374215105,0.0034935476815884936,-0.004971962841973765,0.0073916970889604805,0.008776425449622316,0.005687798283304568
2017-11-01,0.0001476057980267509,3.4416557706640205e-05,0.0,-0.001098245689319599,-0.000293722832763077,-7.344898648198317e-05
2017-11-02,0.0006100525262475731,-0.0026034736920612644,0.0,-0.010315184200371807,-0.010641760152481972,-0.00465188855562948
2017-11-03,-0.0013448604877680514,-0.001793182307556651,0.0,-0.008877907612260816,-0.008614795029096012,-0.001234326372643868
2017-11-06,0.007781732896738225,0.005331079840445785,0.0,0.0006383627941186631,-0.0002535673989642051,0.008996427593006562
2017-11-07,0.00022558673931261097,0.00023279120676944487,0.0,0.006560163222545379,0.006147722298538882,-0.00016471015087149432
2017-11-08,-0.0010091798001535812,0.0016986554709930157,0.0,0.0014868101578737747,0.002797187407732604,0.001108943194773282
2017-11-09,0.006880340431383747,-0.0015490601389983594,0.006366421927495036,0.007559245597079434,0.005112494525766342,-0.000902259893263202
2017-11-10,0.008821850993324665,0.0026185287748563546,-0.0018527965439408822,0.004511716620993589,0.0017286585936719945,0.006721179148045042
2017-11-13,0.000733877795641602,0.0005806877949716682,0.0025467164030716916,0.0003727343334065658,0.0003107165963287528,0.0004358861985878093
2017-11-14,-0.007384841640095896,-0.005076115349931243,0.000974775010591955,-0.007629706955880056,-0.0065306319726620154,-0.0071197316637751085
2017-11-15,-0.006255782394702258,-0.00403446734066315,0.0,-0.011564149407840119,-0.00927728969849495,-0.003259039386059981
2017-11-16,-0.0026436343831032216,0.0016337716413699077,0.013569026510423798,-0.0014190217200592548,-0.0019157944320673526,0.0054649817689715885
2017-11-17,0.006383225435233841,-0.0020804214275543798,-0.003921176065522003,-0.02869898743420185,-0.033962485799165054,-0.002029104523704084
2017-11-20,-0.006724125239451095,0.009058979475914164,0.0,0.011178871632257392,0.00270565260595812,0.011377830411886558
2017-11-21,0.020583436503143426,-0.0031005062524578353,0.0,-0.0021333161944395718,-0.0013540877026142484,-0.002500381255633788
2017-11-22,0.0023748406619898965,0.0036838378563948115,0.0,-0.0027574595850716754,0.0007715200072893058,-0.0007803706298590285
2017-11-23,-0.026443334120539563,-0.02284310160018299,-0.021125386422685022,-0.0019873817423231577,-0.002009368170259096,-0.002668062982545072
2017-11-24,0.000439691739404946,0.0005662273049367172,-0.002283566622230615,0.004311690614770214,0.005082032037151407,0.0038915552783764795
2017-11-27,-0.003863962326084991,-0.0022802844901379515,0.0,-0.0015472094964009697,-0.001468771314955597,-0.0027420630159178394
2017-11-28,0.005205188145756656,0.006604686634451129,-0.0011735426325296672,0.017778266978049517,0.016685392057735227,0.01053094170175961
2017-11-29,-0.0005102660781081125,0.0012582240016560942,0.0026869203918582496,0.003017982940339392,0.002246737231047735,0.0010531441133363462
2017-11-30,-0.00501721968106239,-0.0029043531070233053,0.0,-0.0024310157661608933,-0.0024971687455563885,-0.003568718735612264
2017-12-01,0.0,0.0,0.0,0.008844685350315684,0.00982571944295163,0.0038413012326150575
2017-12-04,0.0,0.0,0.0,-0.0009693071474663473,-0.0009810124849984891,-0.0017231370212290598
2017-12-05,0.0,0.0,0.0,0.0,0.0,0.0
2017-12-06,0.0,0.0,0.0,0.0,0.0,0.0
2017-12-07,0.0,0.0,0.0,0.0,0.0,0.0
2017-12-08,0.0,0.0,0.0,0.0,0.0,0.0
2017-12-11,0.0,0.0,0.0,0.0,0.0,0.0
2017-12-12,0.0,0.0,0.0,0.0,0.0,0.0
2017-12-13,0.0,0.0,0.0,0.0,0.0,0.0
2017-12-14,0.0,0.0,0.0,0.0,0.0,0.0
2017-12-15,0.0,0.0,0.0,0.0,0.0,0.0
2017-12-18,0.0,0.0,0.0,0.0,0.0,0.0
2017-12-19,0.0,0.0,0.0,0.0,0.0,0.0
2017-12-20,0.0,0.0,0.0,0.0,0.0,0.0
2017-12-21,0.0,0.0,0.0,0.0,0.0,0.0
2017-12-22,0.0,0.0,0.0,0.0,0.0,0.0
2017-12-25,-0.00405615766429579,-0.00491809736490767,0.0,-0.009580943569509004,-0.012918628524428155,0.0
2017-12-26,-0.0003776996614932582,-0.0009479137446424257,0.0,0.005552034817735363,0.004320977026145867,0.004788276934607261
2017-12-27,0.0,0.0,0.0,-0.007508681086845215,-0.004013773456123415,-0.0016783883906623664
2017-12-28,0.006320100813516749,0.0,0.0,0.005009486512098649,0.0019921860460609953,0.005456550260303228
2017-12-29,0.0008394333123324937,0.0,0.0,0.0074566558259856475,0.008679180116015317,0.00020494482560784455
2018-01-02,0.0,0.0,0.0,0.0018110623333020825,0.010565934221153483,0.0
2018-01-03,0.0,0.0,0.0,0.00876408762986114,-0.00032064760012284754,0.0
2018-01-04,0.0,0.0,0.0,0.004576846905707033,0.003345882335206385,0.0
2018-01-05,0.0,0.0,0.0,-0.0005805778626273295,-0.0005447968591240082,0.0
2018-01-08,0.0,0.0,0.0,0.004880081598335195,0.002099125621574549,0.0
2018-01-09,0.0,0.0,0.0,-6.748585935645313e-05,-0.00130359156869031,0.0
2018-01-10,0.0,0.0,0.0,-0.006167517592227667,-0.004841762194728094,0.0
2018-01-11,0.0,0.0,0.0,-0.0023375661881753773,-0.0025546483733041025,0.0
2018-01-12,0.0,0.0,0.0,-0.0031693518252187136,-0.005570487036298477,0.0
2018-01-15,0.0,0.0,0.0,-0.022736085997308475,-0.027805899045720395,0.0
2018-01-16,0.0,0.0,0.0,-0.001459612239512853,-0.0020439873269715303,0.0
2018-01-17,0.0,0.0,0.0,-0.0034083858732776307,0.0004439569208207761,0.0
2018-01-18,0.0,0.0,0.0,-0.002439622190325008,0.0017697503392746228,0.0
2018-01-19,0.0,0.0,0.0,0.0,-0.0004197821049100048,0.0
2018-01-22,0.0,0.0,0.0,0.0,0.0,0.0
2018-01-23,0.0,0.0,0.0,0.0,0.0,0.0
2018-01-24,0.0,0.0,0.0,0.0,0.0,0.0
2018-01-25,0.0,0.0,0.0,0.0,0.0,0.0
2018-01-26,0.0,0.0,0.0,0.0,0.0,0.0
2018-01-29,0.0,0.0,0.0,0.0,0.0,0.0
2018-01-30,0.0,0.0,0.0,0.0,0.0,0.0
2018-01-31,0.0,0.0,0.0,0.0,0.0,0.0
2018-02-01,0.0,0.0,0.0,0.0,0.0,0.0
2018-02-02,0.0,0.0,0.0,0.0,0.0,0.0
2018-02-05,0.0,0.0,0.0,0.0,0.0,0.0
2018-02-06,0.0,0.0,0.0,0.0,0.0,0.0
2018-02-07,0.0,0.0,0.0,0.0,0.0,0.0
2018-02-08,0.0,0.0,0.0,0.0,0.0,0.0
2018-02-09,0.0,0.0,0.0,0.0,0.0,0.0
2018-02-12,0.0,0.0,0.0,0.0,0.0,0.0
2018-02-13,0.0,0.0,0.0,0.0,0.0,0.0
2018-02-14,0.0,0.0,0.0,0.0,0.0,0.0
2018-02-22,0.0,0.0,0.0,0.0,0.0,0.0
2018-02-23,0.0,0.0,0.0,0.0,0.0,0.0
2018-02-26,0.0,0.0,0.0,0.0,0.0,0.0
2018-02-27,0.0,0.0,0.0,0.0,0.0,0.0
2018-02-28,0.0,0.0,0.0,0.0,0.0,0.0
2018-03-01,0.0,0.0,0.0,0.0,0.0,0.0
2018-03-02,0.0,0.0,0.0,0.0,0.0,0.0
2018-03-05,0.0,0.0,0.0,0.0,0.0,0.0
2018-03-06,0.0,0.0,0.0,0.0,0.0,0.0
2018-03-07,0.0,0.0,0.0,0.0,0.0,0.0
2018-03-08,0.0,0.0,0.0,0.0,0.0,0.0
2018-03-09,0.0,0.0,0.0,0.0,0.0,0.0
2018-03-12,0.0,0.0021009456988303477,-0.004610268325174638,0.0,0.0,0.0
2018-03-13,-0.008149801873489793,-0.000922374293568784,-0.00026390274719878537,-0.005163585138458604,0.0,-0.005825812209944714
2018-03-14,-0.003853280248319546,0.0,0.0,-0.0033179569913743823,-0.007524785290504599,-0.003627342096398145
2018-03-15,0.0,0.003986742728290471,0.011905279256669843,0.0,-0.003775632748240554,0.0
2018-03-16,0.0,-0.00042312466695293427,3.0765192879256276e-05,0.0,-0.002379424414082787,0.0
2018-03-19,0.0,0.0,0.0,0.0,-0.0015481550333956706,0.0
2018-03-20,0.0,0.0,0.0,0.0,0.007751194198776901,0.0
2018-03-21,0.0,0.0,0.0,-0.008657309273972236,0.00043096811101794863,0.0
2018-03-22,0.0,0.0,0.0,-1.2249157197219418e-05,-0.0005299011156846278,0.0
2018-03-23,0.001952212259353825,-0.006439089950123655,0.0016189973780933453,-0.021444313517947067,-0.029490696621690127,-0.010556023823691363
2018-03-26,-0.010956017787096317,-0.011359386520881642,-0.008771215779160069,-0.012527085913801472,0.03151112327326189,-0.012182833200744758
2018-03-27,0.0,0.0,0.0,0.0,0.025241542881120793,0.0
2018-03-28,0.0,0.0,0.0,0.0,-0.006686147737479775,0.0
2018-03-29,0.0,0.0,0.0,0.00666828545428122,0.007244807696149769,0.007832090076904885
2018-03-30,0.0,0.0,0.0,0.0027186123417488606,0.016999124411209765,0.0009989706908444251
2018-04-02,0.0,0.0,0.0,0.0,0.0026934492416188505,0.0
2018-04-03,0.0,0.0,0.0,0.0,0.0034551659569377335,0.0
2018-04-04,0.0,0.0,0.0,0.0,0.0018842220439048152,0.0
2018-04-09,0.0,0.0,0.0,0.0,0.0,0.0
2018-04-10,0.0,0.0,0.0,0.0,0.0,0.0
2018-04-11,0.0,0.0,0.0,0.0,0.0,0.0
2018-04-12,0.0,0.0,0.0,0.0,0.0,0.0
2018-04-13,0.0,0.0,0.0,0.0,0.0,0.0
2018-04-16,0.0,0.0,0.0,0.0,0.0,0.0
2018-04-17,0.0,0.0,0.0,0.0,0.0,0.0
2018-04-18,0.0,0.0,0.0,0.0,0.0,0.0
2018-04-19,0.0,0.0,0.0,0.0,0.0,0.0
2018-04-20,0.0,0.0,0.0,0.0,0.0,0.0
2018-04-23,0.0,0.0,0.0,0.0,0.0,0.0
2018-04-24,0.0,0.0,0.0,0.0,0.0,0.0
2018-04-25,0.0,0.0,0.0,0.0,0.0,0.0
2018-04-26,0.0,0.0,0.0,0.0,0.0,0.0
2018-04-27,0.0,0.0,0.0,0.0,0.0,0.0
2018-05-02,0.0,0.0,0.0,0.0,0.0,0.0
2018-05-03,0.0,0.0,0.0,0.0,0.0,0.0
2018-05-04,0.0,0.0,0.0,0.0,0.0,0.0
2018-05-07,0.0,0.0,0.0,0.0,0.0,0.0
2018-05-08,0.0,0.0,0.0,0.0,0.0,0.0
2018-05-09,0.0,0.0,0.0,0.0,0.0,0.0
2018-05-10,0.0,0.0,0.0,0.0,0.0,0.0
2018-05-11,0.0,0.0,0.0,0.0,0.0,0.0
2018-05-14,0.0,0.0,0.0,0.0,0.0,0.0
2018-05-15,0.0,0.0,0.0,0.0,0.0,0.0
2018-05-16,0.0,0.0,0.0,0.0,0.0,0.0
2018-05-17,0.0,0.0,0.0,0.0,0.0,0.0
2018-05-18,0.0,0.0,0.0,0.0,0.0,0.0
2018-05-21,0.0,0.0,0.0,0.006091011884657771,0.006298693299111813,0.0
2018-05-22,0.0,0.0,0.0,-0.0011262532366659306,0.004052446315912173,0.0
2018-05-23,0.0,0.0,0.0,0.0,-0.003392603272134753,0.0
2018-05-24,-0.0068949144714601784,0.0,0.0,-0.0036910224703030625,-0.0032211908431158953,-0.004721388323240316
2018-05-25,-0.0010538880955583974,0.0,0.0,-0.001591083260489734,-0.013078758380965727,-0.0011563353289274492
2018-05-28,0.004297326547692659,-0.0006986239877811995,0.004354640451592617,-0.003389730683474812,-0.007770592452235103,-0.0003501775390352124
2018-05-29,-0.002512410655702846,-0.0018866381257408582,-0.002531788634552723,-0.0012781790445027807,-0.00822841338626934,-0.0021375588304541893
2018-05-30,0.0,0.0,0.0,0.0,-0.014198612362010032,0.0
2018-05-31,0.014002994255143841,0.010818115726536126,0.0117626427204367,0.0,0.006241237185135917,0.010855756085154766
2018-06-01,-0.0034900653487073274,-0.0036064804884896606,-0.002417714285733008,0.0,-0.004882807369036235,-0.004023005030419524
2018-06-04,0.0,0.0,0.0,0.0,-0.005982119159082644,0.0
2018-06-05,0.0,0.0,0.0,0.0,-0.0008905007155821654,0.0
2018-06-06,-0.0007568927171309747,0.0017757798460340535,-0.004042129802903749,0.00046248248236868683,0.0016951557686937235,0.0006442461711815284
2018-06-07,0.0023466382779107064,0.0017714795494974123,0.0018283075771317048,0.00195692214461185,0.002044396403368731,0.002064576978138888
2018-06-08,-0.010572545517351206,-0.010905533943417867,-0.012781057779545857,-0.01099433493483093,-0.009046776737007933,-0.010020834131155287
2018-06-11,-0.0026375951273158726,-0.0033372380393018597,-0.0030291496706263965,-0.0021924193901406985,-0.008702510124919405,-0.0026968771810309544
2018-06-12,0.0,0.0,0.0,0.0,-0.00013628983321156696,0.0
2018-06-13,-0.00702252060750852,-0.007193495903936142,-0.0037569308028069237,-0.012766225693988664,-0.014445804919194671,-0.010190175861408801
2018-06-14,-0.003757459678069952,-0.0039888582888150115,-0.0036599485702268897,-0.0030773810547012337,-0.00392776143147433,-0.0036956466435399404
2018-06-15,0.0,0.0,0.0,0.0,0.0,0.0
2018-06-19,0.0,0.0,0.0,0.0,0.0,0.0
2018-06-20,0.0,0.0,0.0,0.0,0.0,0.0
2018-06-21,0.0,0.0,0.0,0.0,0.0,0.0
2018-06-22,0.0,0.0,0.0,0.0,0.0,0.0
2018-06-25,0.0,0.0,0.0,0.0,0.0,0.0
2018-06-26,0.0,0.0,0.0,0.0,0.0,0.0
2018-06-27,0.0,0.0,0.0,0.0,0.0,0.0
2018-06-28,0.0,0.0,0.0,0.0,0.0,0.0
2018-06-29,0.0,0.0,0.0,0.0,0.0,0.0
2018-07-02,0.0,0.0,0.0,0.0,0.0,0.0
2018-07-03,0.0,0.0,0.0,0.0,0.0,0.0
2018-07-04,0.0,0.0,0.0,0.0,0.0,0.0
2018-07-05,0.0,0.0,0.0,0.0,0.0,0.0
2018-07-06,0.0,0.0,0.0,0.0,0.0,0.0
2018-07-09,0.0,0.0,0.0,0.0,0.0,0.0
2018-07-10,0.0,0.0,0.0,0.0,0.0,0.0
2018-07-11,0.0,0.0,0.0,0.0,0.0,0.0
2018-07-12,0.0,0.0,0.0,0.0,0.0,0.0
2018-07-13,0.0,0.0,0.0,0.0,0.0,0.0
2018-07-16,0.0,0.0,0.0,0.0,0.0,0.0
2018-07-17,0.0,0.0,0.0,0.0,0.0,0.0
2018-07-18,0.0,0.0,0.0,0.0,0.0,0.0
2018-07-19,0.0,0.0,0.0,0.0,0.0,0.0
2018-07-20,0.0,0.0,0.0,0.0,0.0,0.0
2018-07-23,0.0,0.0,0.0,0.0,0.0,0.0
2018-07-24,0.0,0.0,0.0,0.0,0.0,0.0
2018-07-25,0.0,0.0,0.0,0.0,0.0,0.0
2018-07-26,0.0,0.0,0.0,0.0,0.0,0.0
2018-07-27,0.0,0.0,0.0,0.0,0.0,0.0
2018-07-30,0.0,0.0,0.0,0.0,0.0,0.0
2018-07-31,0.0,0.0,0.0,0.0,0.0,0.0
2018-08-01,0.0,0.0,0.0,0.0,0.0,0.0
2018-08-02,0.0,0.0,0.0,0.0,0.0,0.0
2018-08-03,0.0,0.0,0.0,0.0,0.0,0.0
2018-08-06,0.0,0.0,0.0,0.0,0.0,0.0
2018-08-07,0.0,0.0,0.0,0.0,0.0,0.0
2018-08-08,0.0,0.0,0.0,0.0,0.0,0.0
2018-08-09,0.0,0.0,0.0,0.0,0.0,0.0
2018-08-10,0.0,0.0,0.0,0.0,0.0,0.0
2018-08-13,0.00588580536317318,0.005924437875001409,-0.0007901526414663129,0.014659417642787664,0.01699098814599842,0.010257063555580759
2018-08-14,-0.0012873722383326403,-0.001989475009477215,-0.0013737453870462657,-0.0023969678053810117,-0.0022695319913492717,-0.0017418089374097168
2018-08-15,0.0,0.0,0.0,0.0,0.0,0.0
2018-08-16,0.0,0.0,0.0,0.0,0.0,0.0
2018-08-17,-0.023210646681225078,-0.02026754306620171,0.0,0.0,0.0,0.0
2018-08-20,0.0025100289873876136,0.001383082043465711,0.0,0.0,0.0,0.0
2018-08-21,0.0,0.0,0.0,0.0,0.0,0.0
2018-08-22,0.0,0.0,0.0,0.0,0.0,0.0
2018-08-23,0.0,0.0,0.0,0.0,0.0,0.0
2018-08-24,0.0,0.0,0.0,0.0,0.0,0.0
2018-08-27,0.0,0.0,0.0,0.0,0.0,0.0
2018-08-28,0.0,0.0,0.0,0.0,0.0,0.0
2018-08-29,0.0,0.0,0.0,0.0,0.0,0.0
2018-08-30,0.0,0.0,0.0,0.0,0.0,0.0
2018-08-31,0.0,0.0,0.0,0.0,0.0,0.0
2018-09-03,0.0,0.0,0.0,0.0,0.0,0.0
2018-09-04,0.0,0.0,0.0,0.0,0.0,0.0
2018-09-05,0.0,0.0,0.0,0.0,0.0,0.0
2018-09-06,0.0,0.0,0.0,0.0,0.0,0.0
2018-09-07,0.0,0.0,0.0,0.0,0.0,0.0
2018-09-10,0.0,0.0,0.0,0.0,0.0,0.0
2018-09-11,0.0,0.0,0.0,0.0,0.0,0.0
2018-09-12,0.0,0.0,0.0,0.0,0.0,0.0
2018-09-13,0.0,0.0,0.0,0.0,0.0,0.0
2018-09-14,0.0,0.0,0.0,0.0,0.0,0.0
2018-09-17,0.0,0.0,0.0,0.0,0.0,0.0
2018-09-18,0.0,0.0,0.0,0.0,0.0,0.0
2018-09-19,0.015296453033835089,0.01319493860350085,0.012727218720535616,0.0,0.0,0.014167020017474385
2018-09-20,0.0005714292484904071,0.0003323006068620682,0.0019872788575074907,-0.00036003048565791396,-0.00216909981216451,-0.0002908823439542463
2018-09-21,0.0,0.0,0.0,0.0020225785963525755,0.000992984648985118,0.0
2018-09-25,0.0,0.0,0.000861267431182533,0.0,0.0,0.0
2018-09-26,0.0,0.0,0.0030357482196772256,0.0,0.0,0.0
2018-09-27,-0.0037598436549723946,-0.005136195388092291,-0.002728526722290292,-0.012044836474772502,-0.013387526535054706,-0.008488860881839089
2018-09-28,0.0017171272388873948,0.0007402963901703696,0.0018696919967540193,0.001311939884024671,0.00025919382362005194,0.00115840522580557
2018-10-08,0.0,0.0,0.0,0.0,0.0,0.0
2018-10-09,0.0,0.0025288843600064226,0.003908799334052082,0.0,0.0,0.0
2018-10-10,-0.004336382337329581,0.0008449797689147331,0.0015340740592109103,-0.001174755564175567,0.0,-0.002305980400219565
2018-10-11,-0.0311729840565238,0.0,0.0,-0.0318060619315218,-0.0442184114490759,-0.030773545128946367
2018-10-12,0.014980794567922784,0.012597119034055915,0.0,0.0,-0.009381073615090552,0.009242699277352662
2018-10-15,0.0008324592170025902,-0.000532691935754448,0.0,0.0,0.0,0.0010122753272290286
2018-10-16,0.0,0.0,0.0,0.0,0.0,0.0
2018-10-17,0.0,0.0,0.0,0.0,0.0,0.0
2018-10-18,0.0,0.0,0.0,0.0,-0.025975020982983543,0.0
2018-10-19,0.03857809664916889,0.0,0.0,0.04266403908186467,-0.01676974775194673,0.038530831586437
2018-10-22,0.007681385444518574,0.0,0.0,0.008996879876799424,0.0,0.008284833844138362
2018-10-23,-0.02751016277683971,-0.021943091748673482,-0.029551242996036287,-0.0192095526484396,-0.01582369454394228,-0.02199714467506364
2018-10-24,-0.004530293424534038,-0.005873200884660812,-0.0023723978001691792,-0.004771805217279823,-0.004750871698965264,-0.0045362531495594105
2018-10-25,0.02765309735056154,0.02455613857150296,0.02709385361428529,0.0,0.0,0.025849681771525912
2018-10-26,0.002971012378397253,0.002572707362288318,0.0006132817434199023,-0.006467890056801928,-0.00356044020427404,0.004240283872025907
2018-10-29,-0.02565487366447905,-0.01995628524303572,-0.02949921728128202,-0.0032930273456875936,-0.004162468734406399,-0.01932374467522424
2018-10-30,-0.005007445336670746,-0.0015349099442449887,-0.003957184744515008,0.0,0.0,-0.004171145757390193
2018-10-31,0.0,0.011394102322873412,0.0,0.0,0.0,0.0
2018-11-01,0.0,0.005312879888666133,0.0,0.0,0.0,0.0
2018-11-02,0.0,0.01011899467877031,0.0,0.016129540603566417,0.016195376947667706,0.0
2018-11-05,-0.002174083220519263,-0.00427514546204244,-0.0038299536216324093,-0.002469634289137046,-0.001518512219098711,0.00197545636607499
2018-11-06,-0.0025521268214465653,0.0,-0.0018324408211588539,0.0,0.0,-0.002692543811520842
2018-11-07,0.0,0.0,0.0,-0.005217341382771745,-0.0027519666537308973,-0.005296467317428499
2018-11-08,0.0,0.0,0.0,0.006057107883936208,0.005286624322923261,0.007216797121444296
2018-11-09,0.0,0.0,0.0,0.0,0.0,0.0
2018-11-12,0.0,0.0,0.0,0.0,0.0,0.0
2018-11-13,0.0,0.0,0.0,0.0,0.0,0.0
2018-11-14,0.0,0.0,0.0,0.0,0.0,0.0
2018-11-15,0.0,0.0,0.0,0.0,0.0,0.0
2018-11-16,0.0,0.0,0.0,0.0,0.0,0.0
2018-11-19,0.0,0.0,0.0,0.0,0.0,0.0
2018-11-20,0.0,0.0,0.0,0.0,0.0,0.0
2018-11-21,0.0,0.0,0.0,0.0,0.0,0.0
2018-11-22,0.0,0.0,0.0,0.0,0.0,0.0
2018-11-23,0.0,0.0,0.0,0.0,-0.04106826755670723,0.0
2018-11-26,0.0,0.0,0.0,-0.00105114543796625,-0.002445144818534528,-0.0014060112591328666
2018-11-27,0.0,0.0,0.0,0.004600761131370978,0.001841507877180959,0.0024271898266354786
2018-11-28,0.0,0.0,0.0,0.012295636671744603,-0.0005732153463274825,0.012488939597962823
2018-11-29,0.0,0.0,0.0,0.004541225029291107,-0.027357789320592962,0.004956630460865252
2018-11-30,0.011479468450502628,0.0,0.0,0.00964216846618382,-0.0029795291739070917,0.01037915383798893
2018-12-03,0.027569166637157805,0.002741149280658828,0.0,0.024202614280871337,0.008087388144345287,0.02515168350784558
2018-12-04,0.0033703905013122704,-0.001366797532175834,0.0028888104716850993,0.006476565369981202,0.009115470206475518,0.006055696841233749
2018-12-05,-0.013425910188132884,0.0,-0.011594742400018898,-0.01772655308049198,-0.019832128823314643,-0.015787362465194077
2018-12-06,-0.011469283408186981,-0.009505271289549477,-0.007915446389901493,-0.014777850335665699,-0.013705798947355241,-0.012739031220272534
2018-12-07,0.0016782507331523089,0.0014445270492791096,0.0026751084904070854,-2.9166139118963486e-05,0.00020758801961240358,-9.472573230850934e-05
2018-12-10,-0.0029216306625855504,-0.0019298641185298004,0.0,-0.011668399994505974,-0.011600945662669115,-0.01152828399268424
2018-12-11,0.0009490209595517385,0.000790637436690167,0.0,0.008288320395386295,0.009310002986337107,0.006488650692779707
2018-12-12,0.0,0.0,-0.005998087128828655,0.002875334650072059,0.0025012691250154706,0.0047523330146059806
2018-12-13,0.012675137299629213,0.01016126816232199,0.0023497754766963475,0.008457122494735403,0.007512363732990357,0.010179507015827705
2018-12-14,-0.00398092332607014,-0.0027163641148589823,0.0,-0.02377406697226825,-0.025557044970987874,-0.02055048727596831
2018-12-17,0.0,0.0,0.0,-0.003480547931337563,-0.004187912134258731,-0.003242361058001131
2018-12-18,0.0,0.0,0.0,-0.00033032810771504995,-0.001400422572994664,-0.0024796922396758125
2018-12-19,-0.013739381602120293,-0.011437570785551965,-0.013612978214361915,0.0007794731690671242,0.0008806768446814051,-0.012422775619496007
2018-12-20,-0.002600794639674553,-0.00213355691631012,-0.0029098665118982847,0.004404277976636228,0.0056947173074866075,-0.0018987169223447786
2018-12-21,0.0,0.0,-0.008665750438212272,-0.003266587224513562,-0.0032097016523391364,-0.009800900344891672
2018-12-24,0.0,0.0,-0.005518528216294505,0.011016722222640274,0.010236421017579822,-0.003073121843871096
2018-12-25,0.0,0.00019663214129828077,0.004946662842547411,-0.009749488022954722,-0.010194339758260118,0.0009991179531116945
2018-12-26,0.0,-0.0016226951415729829,-0.001906664404171754,-0.002576331431458634,-0.0034183121849266085,-0.0014358798283989893
2018-12-27,0.0,0.0,0.0,0.012877737524935817,0.012951497392968747,-0.02191567227306601
2018-12-28,0.0051371206663264335,0.0039835178842895225,0.00572584930940967,-0.0003666260440560176,7.156827964083234e-05,0.004182461860615216
2019-01-02,0.0019771784463149533,0.0014457015977198395,0.0020654935594901502,-0.008654730662999377,-0.004829814281126166,-0.009593123361159361
2019-01-03,0.0004653164094303719,0.0008957742979938121,0.004159563427112323,-0.004633710311276462,-0.007148745192821604,-0.0036029288081925737
2019-01-04,-0.008462414992625344,-0.0075748897740857135,-0.007402196527813154,0.023841152018945433,0.027520102033912197,0.02450667829856812
2019-01-07,0.0,0.0,0.0,0.005584733642737927,0.005456470155817517,0.005770175369455233
2019-01-08,0.0,0.0,0.0,0.0,0.0,0.0
2019-01-09,0.0,0.0,0.0,0.0,0.0,0.0
2019-01-10,0.0,0.0,0.0,0.0,0.0,0.0
2019-01-11,0.0,0.0,0.0,0.0,0.0,0.0
2019-01-14,0.0,0.0,0.0,0.0,0.0,0.0
2019-01-15,0.0,0.0,0.0,0.0,0.0,0.0
2019-01-16,0.0,0.0,0.0,0.0,0.0,0.0
2019-01-17,0.0,0.0,0.0,0.0,0.0,0.0
2019-01-18,0.0,0.0,0.0,0.0,0.0,0.0
2019-01-21,0.0,0.0,0.005832212266912107,0.0,0.0,0.0
2019-01-22,0.0,0.0,-0.0009925577979219558,0.0,0.0,0.0
2019-01-23,0.001426875437780195,0.0020781756955143837,-0.00029954983376900834,0.0037308825281545666,0.0039694624004020795,0.002666500010319872
2019-01-24,0.0016130384244601448,0.0012600281597470175,0.0016521124579602642,0.0005486484557692961,0.0007715905228498077,0.0011287588453876563
2019-01-25,0.005930268723092658,0.0019494646276561056,0.009086609077899599,-0.005424270429807865,-0.005751211702751391,2.703273203041867e-05
2019-01-28,0.00569332131267708,0.005215417397969491,0.005425616542106715,0.0051713730419591375,0.0044845864276219505,0.005180695262746227
2019-01-29,0.005101909723287834,0.0005809312336393369,0.009132641899917582,-0.011090225007784116,-0.015011692639013363,-0.003954965296957047
2019-01-30,-0.004000199860883402,-0.0038051651275704534,-0.004234200162381185,-0.004607165847344219,-0.005772147581700082,-0.004798267778021614
2019-01-31,0.005794910648472262,0.0011045583990731966,0.011577986663643847,-0.00669027231935182,-0.011960424669780645,-0.0022814653057218193
2019-02-01,0.007372123145566345,0.004954969210358762,0.0073429411587830895,0.0028746371134769078,0.002939803226605031,0.005242610010040227
2019-02-11,0.020388557057570367,0.015389195936424072,0.016692405046414782,0.02227595011446426,0.02514517825729512,0.022133588723064035
2019-02-12,-0.0001860336918655392,-9.740939235491908e-05,9.874652319741273e-05,-0.0011537170212164716,-0.00014396033565122757,-0.0001790279656466165
2019-02-13,0.0175860991985608,0.01724856869421343,0.01646039668851418,0.015528528961294974,0.01690634564089244,0.016862635762374234
2019-02-14,0.0015040387604947636,-0.0005027968371783542,-0.0016673815998415886,-0.0011619614731621652,-0.0004256316968369589,0.0030355940932977887
2019-02-15,-0.01863326949790789,-0.013717664298212084,-0.022826978192666547,-0.0048316886178226826,-3.899863453271646e-05,-0.010806723210700753
2019-02-18,0.03203842725635653,0.026826115555361074,0.025958492300799163,0.005446453161561893,0.006511211264928152,0.033207897946439635
2019-02-19,-0.0017798562895426917,0.00046800846721795075,0.0014003677871330389,-0.0035671509219271647,-0.00024312679353066802,0.000748356623510027
2019-02-20,0.003579279117851941,0.002022020549057535,-0.0023170219945451986,-0.00013476001527923387,-0.0011241645306259151,0.0026741725598427024
2019-02-21,-0.0006669307031270666,-0.0006135982131449946,-0.004226418803547127,-0.001676057367547501,-0.0021520235562408896,-0.0025332376943441037
2019-02-22,0.023308677102271247,0.019747023713287737,-0.0006260721626831778,-0.0017783813512834978,-0.002608708704822549,-0.0016516827695026715
2019-02-25,0.05944419966608128,0.05595633723023319,0.05056998666052781,0.041805008140956,0.03768969306820069,0.040667581661167906
2019-02-26,0.0012495543013246735,0.00248624727777913,-0.019268679480464623,0.0028016339611018903,0.0019350728953293483,0.0019261539692645435
2019-02-27,-0.001346354615943457,0.004565721454267591,0.0017528032811657823,-0.0020318670079196854,-0.000576629135177642,-0.0010945430503441766
2019-02-28,-0.002446321223566139,-0.0043476562005996255,-0.002288541594115734,0.0014702431922546388,0.003751214779609935,4.404135087288097e-06
2019-03-01,0.021839237089182006,0.017999093832533175,0.027440852194178245,0.008311245360275166,0.006337756670080408,0.014967158545942327
2019-03-04,0.011808198587438756,0.011188344940611161,0.004641280870842923,0.01789176772398937,0.02182742706871843,0.01599517883897672
2019-03-05,0.005760096565045725,0.008790567440505104,-0.0013096768084797095,0.026464125222781743,0.031155787446276895,0.016843818582259917
2019-03-06,0.008385016882329843,0.01563434177316414,0.004020673677689324,0.017823937322287264,0.021547492099816656,0.01452341208771002
2019-03-07,-0.0019496230345230625,0.00035484013048669993,-0.0032782641769052434,-0.0017762861729434531,-0.0004367589938297778,-0.0011880859569770585
2019-03-08,-0.017253553368805186,-0.022650916434642676,-0.01693636905457807,-0.017814681271035138,-0.0181117297917458,-0.018395550234368674
2019-03-11,0.0015948976025341732,-0.00041239542400517415,-0.0008289097820448621,0.00633612361603153,0.008545537423539695,0.004307684114623678
2019-03-12,0.0,0.0,0.0,0.008933559932300605,0.0,0.0
2019-03-13,0.0,0.0,0.0,0.0009564623373046199,0.0,0.0
2019-03-14,0.0,0.0,0.0,0.0,0.0,0.0
2019-03-15,0.0,0.0,0.0,0.0,0.0,0.0
2019-03-18,0.0,0.0,0.0,0.0,0.0,0.0
2019-03-19,-0.005999155702556047,-0.0030223559718041138,-0.008390771561390342,0.002843028544525561,0.0,-0.0012745424009413808
2019-03-20,0.0003841874330849926,-0.0023469190159405295,0.0021435356050498733,-0.0011579268030632583,-0.0016819010007258495,-0.0003637878011590878
2019-03-21,0.0011082475136787728,0.0022164113811899977,-0.0035355648905955883,0.0017000984724353518,0.00045403202086058414,0.0009681110849004693
2019-03-22,-0.0012763021567079313,-0.00038447849089795483,0.00047489895887764533,0.00538803543606603,0.005299107440112527,0.0018152637848714015
2019-03-25,-0.015107289539746938,-0.0053024421185654536,-0.014498603036496416,-0.018015221328690934,-0.016592972320324306,-0.0162175429378264
2019-03-26,-0.01765071432875054,0.004621204403066459,0.0069001233684600205,-0.031835712607568345,-0.03242834250453552,-0.024414531964950248
2019-03-27,0.006310082054746147,0.003318173996908813,0.007352825747918068,0.0067225009650353496,0.005752553752121026,0.005930911633687197
2019-03-28,-0.0008640474574849177,-0.004417855553005556,-0.005081573191055955,-0.011646801629331738,-0.00876939502009022,-0.005420866364381993
2019-03-29,0.038592889401123376,0.029823766205803626,0.032879468927316635,0.032875660356302294,0.02840717365742096,0.03399229946536608
2019-04-01,0.02622406005101463,0.025720390705869844,0.01902330966639343,0.03768280218806286,0.03830513657150747,0.031782374575979766
2019-04-02,0.0029728790803722482,0.00203547572801388,-0.0014104904705342092,0.006233876589331722,0.006908692693987417,0.004519907865794259
2019-04-03,0.01864587814858143,0.012408825377458355,0.01087220657877186,0.015789840189678772,0.015159944439065098,0.016935170801428923
2019-04-04,0.009953806277199106,0.005250265452826142,0.002276120782235269,0.00607062593721297,0.003673119702392924,0.007364113650005555
2019-04-08,0.008425079946178249,-0.00823493174861134,0.0,0.008283832757485898,0.00673397203924897,0.007800071957656307
2019-04-09,0.0,-0.0015103357880204005,0.0,0.003918173214477516,0.005091038074240606,0.003862360100364448
2019-04-10,0.0,0.005197908493774772,0.0,-0.005610851651410398,-0.006850476314240517,-0.004780306911742915
2019-04-11,0.0,-0.0002673824406705938,0.0,-0.02155486329849743,-0.020205298401227756,-0.020130731139909486
2019-04-12,0.0003094922582480564,0.0010317964805268698,0.0,-0.001392309574681394,-0.0017542083298478506,-0.002210465541935158
2019-04-15,0.01683030126964402,-0.00339746167600663,-0.016287727475753244,-0.024116033779624235,-0.020572680306682356,-0.02074888050221524
2019-04-16,0.03207382304712114,-0.004360569104126855,-0.0035382251313178514,-0.005580772390648248,-0.005578668198433112,-0.00513455129382423
2019-04-17,-0.0013897996192147044,0.0038359414988571316,-0.00014278370202680524,0.005203635422233788,0.008249676426708152,0.004684935599804874
2019-04-18,-0.003333508917057304,-0.003955448512257154,-0.004137851516259561,-0.005575852942521609,-0.004975118236387743,-0.0007993511577443213
2019-04-19,0.0008840572654904566,0.006332138281803346,0.01247594371366656,0.006029229609930686,0.008380823796470427,0.009709569213269598
2019-04-22,-0.02444245179309923,-0.017033564503050713,-0.02363548953253858,-0.014917020470979314,-0.010008175293867105,0.0015660019817542725
2019-04-23,-0.0011379781562811386,-0.005112338332915467,0.002811985206404133,-0.016505555634266478,-0.018242115563099737,-0.0078035260573442455
2019-04-24,-0.0010268623693160395,0.0009434174060372058,-0.0013414020956019623,0.009128734494856294,0.012257723652323138,0.002134224565103482
2019-04-25,-0.004237103982014712,-0.02427795863208848,-0.01574170563218813,-0.005002182241950814,-0.003916922774347187,-0.026790101998877214
2019-04-26,-0.008454630171643274,-0.005159152863706606,-0.005003360568957782,-0.003753394606052729,-0.004808999882847664,-0.005820419050836856
2019-04-29,0.0017264618610286497,-0.009245991846163482,0.011150147533435684,-0.026296147643641743,-0.000685615997020883,-0.015713881663257268
2019-04-30,0.006541634308163902,0.005169103043436651,0.0019810622573683823,0.007955901281988531,0.015214296709715525,-0.0041318744455791645
2019-05-06,-0.0354225086744997,-0.03053596851439444,-0.031081215708752552,-0.07501309586292582,-0.0355322009666561,-0.03309710209477701
2019-05-07,0.004816286283129356,0.003991189528734784,-0.0030593671902141573,0.013138940818155476,0.00725504699254742,0.004548629066810861
2019-05-08,-0.019515745105412652,-0.018297426415434193,-0.018860198083263002,-0.021748711161536316,-0.02141994022440563,0.010611429334459022
2019-05-09,-0.01048924793243966,-0.007197732649484423,-0.015292562312132385,-0.002102092968520042,-0.0012677324757741637,-0.008763940876342469
2019-05-10,0.011882111288321173,0.009415439927142444,0.01198123636015258,0.03597656904870439,0.010233198927487086,0.025051756190046293
2019-05-13,-0.002058353349856712,-0.0006150794328004805,-0.0040088607131947285,-0.011532671815177475,0.0035301602490034334,-0.012371952400034303
2019-05-14,-0.0064103581547951816,-0.006913146809653936,-0.005961854238212494,-0.00804702396524637,-0.013403829607111728,-0.006844874146904378
2019-05-15,0.008016083318381995,0.006439689542037774,0.006824312888994877,0.007296947915831797,0.013393357867011124,0.007908699023878363
2019-05-16,0.0062747945976078245,0.007411208397487323,0.00472918250803156,0.007174607093271224,0.007439412898214481,0.0064497429834264874
2019-05-17,-0.025406109866420112,-0.024802543587666426,-0.02012054989941181,-0.03236345940413443,-0.03544973599812162,-0.02980752326941072
2019-05-20,-0.008479804668885982,-0.00405036340242404,-0.0072270311639844875,-0.0038373282704209366,-0.0033397910988099966,-0.0063552984202812635
2019-05-21,0.00030421590533258325,-0.0011576741544238045,0.0007489883292559618,0.01748076995191883,0.019706307576101034,-0.0006978714926978435
2019-05-22,-0.0038999973950258893,-0.004896351600930604,-0.00502790981766843,-0.006664005969492015,-0.004166531496681114,-0.0042293023025875565
2019-05-23,-0.017881316244875434,-0.013526783868457404,-0.0145869305339964,-0.020734077898270864,-0.023607260015248377,-0.02012770333417646
2019-05-24,0.002769176845106802,-0.001786886646468755,0.005984861642650996,-0.005130309678441747,-0.007145625549378143,-0.0027770874084435127
2019-05-27,-0.0005135114597054624,0.014255697154864855,-0.0022816913646787063,0.023360725915907876,0.02851796036369514,0.01919463334062521
2019-05-28,0.010626625140983448,0.006059159576258466,0.010776507490085185,-0.0014996485789077196,-2.0150764507564922e-05,0.005569578877866022
2019-05-29,-0.008223743935350969,-0.005329700001699633,-0.007551042134999686,-0.002548135994947076,-0.0034307693522698246,-0.005660369295682255
2019-05-30,-0.0022502948969349568,0.000668086054304462,-0.0021344895558619292,-0.0015816401243452516,-0.003037126103539345,-0.0025923245399874784
2019-05-31,-0.000201317081494512,-0.002439976635990604,-0.005101417931574592,-0.002911042285019594,-0.0014441408039149728,-0.0025324654714744543
2019-06-03,-0.0025048474188801295,-0.0029640474646583925,0.0051644846108875875,0.0018182429706254943,-0.014807925350634799,-0.006237644982060697
2019-06-04,-0.00921046820525262,-0.00959319207589615,-0.00791535758078532,-0.010897320433355562,-0.017863459698753137,-0.012070090862841165
2019-06-05,-0.00037731824328179897,-0.00030040238234019245,0.007414601916684527,-0.002409956117629175,-0.000485497073598129,-0.00039954101295636146
2019-06-06,0.0009398938746045804,0.00016911863543045413,-0.00781633091760947,-0.0016784311140036756,-0.0019062085554650832,-0.0003235466424860167
2019-06-10,0.008993182124700017,0.006585740552652375,0.01351332244003478,0.0065357342335081725,0.010872907536246368,0.008789797429113788
2019-06-11,0.030043483656780445,0.025758606329274514,0.02531860975161182,0.03715209463826996,0.037392881815340395,0.033281891596860014
2019-06-12,-0.00757319944954693,-0.005574984595809518,-0.005742050644374386,-0.007720960623131767,-0.004676220277658127,-0.006410259641782323
2019-06-13,-0.0005593864925180769,0.00046705505909838685,0.0003109665596514599,0.0029006312830603953,0.005550572865242964,0.001837547898402514
2019-06-14,-0.009767188886667388,0.0006247075735692498,-0.004717619206209167,0.00037666292714022553,-0.022861347940417498,0.0007646938927801106
2019-06-17,-0.0002686937592841776,0.002345484959560995,-0.0001975327219642109,0.0012404654400219872,-0.0010618122980842193,0.00017549212471879017
2019-06-18,0.0016210105050884493,0.001049744636967942,0.0018570757181488595,0.00015803800136415802,-1.5318458960189574e-06,0.0008885057312042477
2019-06-19,0.013166214552082112,-0.009064405976682233,0.023218267462819187,-0.009131157083796193,0.014201778422494149,-0.009783984665635792
2019-06-20,0.03027742340476336,0.02369926660036281,0.033312473307739454,0.01971883014760767,0.0158416231028895,0.024063033533990863
2019-06-21,0.0014148226427854738,0.0049635964928218534,-0.0013100725185712925,0.013435176086806777,0.016664202463691158,0.008288917090157888
2019-06-24,0.0019100751465064292,0.0020497637666498925,0.003655480419696211,0.0005774088865355687,-0.0004141453189805411,0.0009490436242121092
2019-06-25,-0.010395444095459117,-0.0012235338712475174,-0.013354328209910338,-0.0009467126288305039,-0.001394927708307625,-0.0012002280467714455
2019-06-26,-0.005879659269685478,0.0037789075146221762,-0.004737990837969774,0.0036397031774846322,0.005014754821181855,0.003997213654962861
2019-06-27,0.0,0.0019727550631614132,0.0,0.009005546467470316,0.008567599950998206,0.009434016261380851
2019-06-28,0.0,0.0,0.0,-0.0006048197998567151,-0.001545284689650983,-0.0010016865597346492
2019-07-01,0.0,0.0,0.0,0.0,0.0,0.0
2019-07-02,0.0,0.0,0.0,0.0,0.0,0.0
2019-07-03,0.0,0.0,0.0,0.0,0.0,0.0
2019-07-04,0.0,0.0,0.0,0.0,0.0,0.0
2019-07-05,0.0,0.0,0.0,0.0,0.0,0.0
2019-07-08,0.0,0.0,0.0,0.0,0.0,0.0
2019-07-09,0.0,0.0,0.0,0.0,0.0,0.0
2019-07-10,0.0,0.0,0.0,0.0,0.0,0.0
2019-07-11,0.0,0.0,0.0,0.0,0.0,0.0
2019-07-12,0.0,0.0,0.0,0.0,0.0,0.0
2019-07-15,0.0,0.0,0.0,0.0,0.0,0.0
2019-07-16,0.0,0.0,0.0,0.0,0.0,0.0
2019-07-17,0.0,0.0,0.0,0.0,0.0,0.0
2019-07-18,0.0,0.0,0.0,0.0,0.0,0.0
2019-07-19,0.0,0.0,0.0,0.0,0.0,0.0
2019-07-22,0.0,0.0,0.0,0.0,0.0,0.0
2019-07-23,0.0,0.0,0.0,0.0,0.011318268375218654,0.0
2019-07-24,0.0,0.0,0.0,0.007124927405099513,0.001958697691851752,0.0
2019-07-25,0.0,0.0,0.0,-0.0001196090957016338,0.003185731457180596,0.0
2019-07-26,0.0,0.0,0.0,0.0033955259565303653,0.0010519365347887444,0.0
2019-07-29,0.0,0.0,0.0,-0.00024227802265819331,0.0004536519512408077,-0.0008032222559060109
2019-07-30,0.0021117101141998607,0.001913910647904693,0.0015068640921778176,0.0039299351576913555,-0.0005140491769920486,0.001021266506952001
2019-07-31,-0.009018362600607621,-0.00671750465242682,-0.010626128088561115,-0.001945156027919781,-0.005683457125764457,-0.0051165623979848585
2019-08-01,-0.008301460798869509,-0.008095334281457145,-0.008490725327323756,-0.0016020789577766426,-0.005147624778825022,-0.006769582470603219
2019-08-02,-0.014708195266848079,-0.01407059831754498,-0.015229629341329876,-0.012424690881852274,-0.01582492747208397,-0.01474367697193324
2019-08-05,-0.006283945699066207,-0.00477282167966897,-0.020008563887065955,-0.0030603491715599507,-0.0030749364634032883,-0.015614884724377442
2019-08-06,0.0073778790526399796,5.4141414061348314e-05,-0.018054423234218464,-0.0034145551166580024,-0.008436964092123356,-0.018207847285530043
2019-08-07,0.004874706254705208,0.003974230633524423,0.0,-0.005189182376488244,-0.0029267353080684178,0.0
2019-08-08,0.0047509489570978225,0.003566652280756477,0.00540632738349478,0.003191607376621608,0.003193581764093123,0.0
2019-08-09,0.004596298028571644,0.0037901504603674585,0.0047101824252420155,-0.016508442856739913,-0.01595081328075909,-0.015272197212843008
2019-08-12,0.0,0.0,0.0,0.018320475208155163,0.016812882201162616,0.002565798841241085
2019-08-13,0.0,0.0,0.0,-0.005662556827590426,-0.004764852104326867,0.0
2019-08-14,0.0,0.0,0.0,0.011623320094878542,0.010314945167728462,0.0
2019-08-15,0.0,0.0,0.0,0.0,0.0,0.0
2019-08-16,0.0,0.0,0.0,0.0,0.0,0.0
2019-08-19,0.0,0.0,0.0,0.0,0.0,0.0
2019-08-20,0.0,0.0,0.0,0.0,0.0,0.0
2019-08-21,0.0,0.0,0.0,0.0,0.0,0.0
2019-08-22,0.0,0.0,0.0,0.0,0.0,0.0
2019-08-23,0.0,0.0,0.0,0.0,0.0,0.0
2019-08-26,0.002391503706112408,0.004245290928011514,-0.0022335812233925667,0.0,0.0,0.0
2019-08-27,0.006632650858508615,0.005410180921902041,0.0068080813187167966,0.01169729713761991,0.013329061993449187,0.0
2019-08-28,0.0,0.0,0.0,-0.0016057057174677647,-0.0019768663382111473,0.0
2019-08-29,-0.004164513868217257,-0.0019021263523203435,0.0,0.001214850451384919,0.0009019310376794376,-0.0026315885535904693
2019-08-30,0.006826410248253145,0.005539024797977632,0.0,-0.009659896317837813,-0.01472736056949664,0.0057103303126593286
2019-09-02,0.011558604254360505,0.01269258325891065,0.008081316284666684,0.024912442208128383,0.02579171198664021,0.017101378726552596
2019-09-03,0.0009548108898980168,0.0004766870096755138,0.0006531705294701151,0.007161189270079582,0.007384845502661497,0.0012660706230773755
2019-09-04,0.009528241372924962,0.009967546497714919,0.010467143979344007,0.009725945669416092,0.006981857567391447,0.009582964999076848
2019-09-05,0.005805619335898848,0.004999316767088535,0.006165610769841345,0.008857768097740193,0.009368610065967786,0.005420866569462168
2019-09-06,0.0,0.0008433405078547285,0.0,0.0031574330792591976,0.004175685941776308,0.0005114771155683151
2019-09-09,0.0,0.007900469390606624,0.0,0.02110033758807983,0.024309180138319286,0.008299765015011396
2019-09-10,0.0,0.0,0.0,-0.0034473690400859125,0.0021879826991095808,0.0
2019-09-11,0.0,0.0,-0.007463268700863002,0.0031250391653283582,0.0026161776958766314,0.0
2019-09-12,0.0,0.0,0.004192913927476116,0.0022019579105019282,0.002056794383416216,0.0
2019-09-16,0.0,0.0,0.0,0.0037911837695134842,0.003540609663678307,0.0
2019-09-17,0.0,0.0,0.0,-0.018675196059098176,-0.021711837961694513,0.0
2019-09-18,0.0016641903478991082,0.0003775090887492283,0.002010014483783351,0.0013298218090367353,0.001589421095064214,0.0003163326905071262
2019-09-19,0.003395327085290445,0.002281251260652928,0.003452739086850176,0.007802843256139891,0.009515413697450459,0.002569915484294194
2019-09-20,0.0,0.00039260211364045006,0.0,0.002456264914374895,0.0010931274825363158,0.0
2019-09-23,0.0,-0.0028216937664261588,0.0,-0.006309258930249584,-0.009940584228007587,-0.007360026754621107
2019-09-24,0.0011842780510527007,0.0,0.0009148353617263183,0.0017811907622762302,0.00502868045707916,0.0006514540299844551
2019-09-25,-0.0036069844340254065,-0.0076142838398480794,-0.0035298705493378435,-0.018002005654589648,-0.019391450825678724,-0.00911618204727005
2019-09-26,0.0,0.0029093239226700707,0.0,0.0022967995346281356,0.0011381428116439274,0.002535533232485898
2019-09-27,0.0022369899257213,0.0007641168196690362,-1.0748590040132733e-05,0.006174375169275104,0.009308357960207347,0.004998456412703689
2019-09-30,-0.0028890577730311673,-0.0015974168277957945,-0.004466205875876872,-0.012874481912312441,-0.011083131436497862,-0.0013507560592387335
2019-10-08,0.0,0.0,0.0,0.0027064798395632916,0.0009100911227644115,0.0
2019-10-09,0.005238918039791152,0.007683998954143734,0.004940487559127238,0.011367244884790129,0.009095802812575604,0.008349812630918496
2019-10-10,-0.00138441279605106,-0.0005419759139241309,-0.0019145274954919245,0.012724505521128249,0.015366895453548857,-0.00031098565209375373
2019-10-11,0.006592496814429527,0.00621446732446973,0.010200118259677815,0.001814587358512032,0.0006900716486000213,0.00352019306415996
2019-10-14,0.008318014650146699,0.006667364203423842,0.007953015234271499,0.007701576616013339,0.007432282696184789,0.0078256950807436
2019-10-15,0.0,0.0,0.0,-0.010744945940070028,-0.010139045025824966,0.0
2019-10-16,0.0,0.0,0.0,0.0005074131758193712,0.00026263490428890535,-0.004958987624164357
2019-10-17,0.0,0.0,0.0,-0.0020175530454572543,-0.0014826478858209757,0.0007595228559331701
2019-10-18,0.0,0.0,0.0,0.0006374308392482764,0.00048118466064117627,0.0
2019-10-21,0.0,0.0,0.0,-0.0013102564963479724,-0.005142206414793682,0.000512449211930166
2019-10-22,0.0,0.0,0.0,0.0004700139874813658,0.0007808985708468441,0.0022106254288964955
2019-10-23,0.0,0.0,0.0,-0.008529699471740537,-0.008041479164083265,0.0
2019-10-24,0.0,0.0,0.0,-0.0012537347915407837,-0.0014357142540233347,-0.0013392860808503215
2019-10-25,0.0,0.0,0.0,0.008169290253704053,0.008515394635927764,-0.00042289588983623894
2019-10-28,0.0,0.0,0.0,0.006150944433479522,0.008005639915851903,0.0
2019-10-29,0.0,0.0,0.0,-0.014494177174356415,-0.012568930359341701,0.0
2019-10-30,-0.0035985808559497734,-0.003586373948897159,0.0,-0.006517946915519546,-0.003440255030649486,-0.00504573380315676
2019-10-31,0.0038605254464583183,0.0017274706135244067,0.0,-0.00670719031865763,-0.01083080330229047,0.0019672910093926355
2019-11-01,0.017473977092246296,0.011403871014000977,0.0,-0.0019246515203126258,-0.003787410941666569,0.01489458004783617
2019-11-04,0.002784191872002406,0.00200136436955467,0.0,0.00255608748795777,0.0036796619924259755,0.002418524628672092
2019-11-05,0.0,0.0,0.0,0.0013774244108504252,0.0006122090727338492,0.0
2019-11-06,0.0,0.0,0.0,0.0,0.0,0.0
2019-11-07,0.0,0.0,0.0,0.0,0.0,0.0
2019-11-08,0.0,0.0,0.0,0.0,0.0,0.0
2019-11-11,0.0,0.0,0.0,0.0,0.0,0.0
2019-11-12,0.0,0.0,0.0,0.0,0.0,0.0
2019-11-13,0.0,0.0,0.0,0.0,0.0,0.0
2019-11-14,0.0,0.0,0.0,0.0,0.0,0.0
2019-11-15,0.0,0.0,0.0,0.0,0.0,0.0
2019-11-18,0.0,0.0,0.0,0.0,0.0,0.0
2019-11-19,0.010844503506528103,0.01006141337319999,0.008969819972223014,0.016741959242954962,0.017742025176817444,0.013686468627492454
2019-11-20,-0.0018986731062798912,-0.002151417816183554,-0.003251044947997439,-0.005787958931402604,-0.005017873613393453,-0.0012573316279655966
2019-11-21,0.0,0.0,0.0,-0.003465055937915018,-0.0040938446254144,0.0
2019-11-22,-0.01148354081631675,-0.007349128512812331,-0.010451730768215706,-0.010274884024446429,-0.01425556244530879,-0.011693159538029851
2019-11-25,0.00010213466495501144,-3.735958007211604e-05,0.0011753772483229508,-0.0005256305135938888,-0.005726702461031796,-0.00013429914390228337
2019-11-26,-0.0006072566184700534,-0.002020759476247247,0.0,-0.0039411332467848,-0.0007049689382088165,-0.0015763552913807821
2019-11-27,-0.0022620947827771687,-0.0013271655223063838,0.0,0.004520313874777582,-0.0003413183876578296,-0.0017447601860922646
2019-11-28,0.0,-0.00043512235790610365,0.0,-0.001494725552605547,-0.0008457273288541289,0.0
2019-11-29,-0.00753124596203214,-0.004986892029307022,0.0,0.0011952838054616333,-0.0008606821550176669,-0.003897515957290709
2019-12-02,0.0016344191671913144,0.0013291958160777106,0.0,0.00039816404761938706,0.0008754394824750378,0.0011866219656277988
2019-12-03,0.0,-0.002205093391309365,0.0,0.007395466058856659,0.009864343981964563,0.007093684401381806
2019-12-04,0.0,0.0,0.0,-0.0011697931719707455,0.0016020272696928295,-0.003568544476241553
2019-12-05,0.0,0.0,0.0,0.009499059218676553,0.011209374928577098,0.0
2019-12-06,0.0,0.0,0.0,0.008602592306397705,0.007090811884853165,0.00558100594492883
2019-12-09,0.0,0.0,0.0,0.002801495274289856,0.0018647377760705464,0.0016699346513744384
2019-12-10,0.0,0.0,0.0,-0.0025539525380265937,0.0074314776794306425,0.0
2019-12-11,0.0,0.0,0.0,0.0,-0.0006153149591672236,0.0
2019-12-12,0.0,0.0,0.0,0.0,0.0,0.0
2019-12-13,0.0,0.0,0.0,0.0,0.0,0.0
2019-12-16,0.0,0.0,0.0,0.0,0.0,0.0
2019-12-17,0.0,0.0,0.0,0.0,0.0,0.0
2019-12-18,0.0,0.0,0.0,0.0,0.0,0.0
2019-12-19,0.0,0.0,0.0,0.0,0.0,0.0
2019-12-20,0.0,0.0,0.0,0.0,0.0,0.0
2019-12-23,0.0,0.0,0.0,0.0,0.0,0.0
2019-12-24,0.0,0.0,0.0,0.0,0.0,0.0
2019-12-25,0.0,0.0,0.0,0.0,0.0,0.0
2019-12-26,0.0,0.0,0.0,0.0,0.0,0.0
2019-12-27,0.0,0.0,0.0,0.0,0.0,0.0
2019-12-30,0.0,0.0,0.0,0.0,0.009290013347519555,0.0
2019-12-31,0.004461638013004476,0.0,0.0,0.005119622361360987,0.006662229351865667,0.005074610408923652
2020-01-02,0.005887566047368509,0.005994869741394515,0.0,0.007218103535345799,0.0064434876139927155,0.00618750706680915
2020-01-03,0.0,-0.00045718642293290923,0.0,0.0007049506044980447,0.003518774827969473,-0.0010082939256570445
2020-01-06,0.0,-0.0043211328373280455,0.0,-0.0030093992143562787,-0.003616199233153816,-0.004936839570868656
2020-01-07,0.005351105435026371,0.0061006239029459675,0.003196539601510784,0.010459717819794045,0.013597609787644016,0.008499967772220174
2020-01-08,-0.005085784172108809,-0.01219418622456514,-0.0052348148881223855,-0.013780701483790625,-0.013595005849676656,-0.004429251920666455
2020-01-09,0.0,0.009114492787382744,0.0,0.01355125112214961,0.015821818698365187,0.0
2020-01-10,0.0,0.002241651058891625,0.0,0.002412036110054583,0.002403144585892969,0.0
2020-01-13,0.0,0.0076234274486850495,0.0,0.014634929654693707,0.013804556612435182,0.010919127275357488
2020-01-14,0.0,0.0014832319396187454,0.0,0.002896862776909259,0.002068941990728712,0.002526578747080954
2020-01-15,0.0,0.0,0.0,-0.0006797990342094495,0.00150089230263184,0.0
2020-01-16,-0.006305416967659627,-0.007133389128558321,-0.008241718976786383,-0.00042626520253152833,-0.001924001926139396,-0.004565619782929575
2020-01-17,0.0030107515847772603,0.0022480806591884672,0.003441614371950674,-0.0031856619972929767,-0.0038464994552128706,0.002560943949990291
2020-01-20,0.0,0.0,0.0,0.014053090782377264,0.012823988328622304,0.0
2020-01-21,0.0,-0.011026107072457103,0.0,-0.011373084807822398,-0.008894982055812073,-0.010980640743312509
2020-01-22,0.0,-0.004612151649856289,0.0,-0.004012332237143923,-0.006014065244612565,-0.004975030270629843
2020-01-23,0.0,0.0,0.0,0.0,0.0,0.0
2020-02-03,0.0,0.0,0.0,0.0,0.0,0.0
2020-02-04,0.0,0.0,0.0,0.0,0.0,0.0
2020-02-05,0.0,0.0,0.0031146117215712366,0.0,0.0,0.0
2020-02-06,0.0,0.0,0.005749787016344321,0.0,0.0,0.0
2020-02-07,0.0,0.0,0.0,0.0,0.008584445733935686,0.0
2020-02-10,0.0,0.0,0.0,0.012294072741193984,0.013930702682858787,0.011988397695978037
2020-02-11,0.0,0.0,0.0,-0.005025754755427214,-0.0067498576384043,0.0017882395381376703
2020-02-12,0.009654662666789049,0.01066771605876804,0.0,0.018351523198513853,0.023241589673971053,0.013389675119685807
2020-02-13,0.00021174494224140972,-6.620595887918412e-05,0.0,-0.008603059109771105,-0.00810157717416271,-7.827617293310052e-05
2020-02-14,0.0,0.0,0.0,0.0014665471689356835,-0.002147089099597821,0.005732176799303712
2020-02-17,0.0,0.0,0.0,0.00604139192108577,0.0292123825008499,0.0043465186056648175
2020-02-18,-0.003175838504002715,0.0010419531230270174,-0.00566097601028126,0.009290510283318731,0.001892658342732112,0.0057348147972640096
2020-02-19,-0.002102106191190223,-0.0019704053153186685,-0.002630415009982179,-0.010161754455208172,-0.006817464214836089,-0.001566532943663046
2020-02-20,0.019922779320526773,0.01601431753872551,0.015813988227843634,0.0027496927501311497,0.002220622361082336,0.018329196731754926
2020-02-21,-0.0025037806582598465,-0.00275581528277391,-0.004373033629429646,0.013718314218932104,0.016373348083665418,0.0074319298110538945
2020-02-24,0.0,0.0,-0.006894762004119759,0.014067136786720447,0.021892428898554694,-0.002343127180076121
2020-02-25,0.0,0.0,-0.013106656832109764,0.005494567752371005,0.004181687557724523,0.019834820357977456
2020-02-26,0.0,0.0,0.00825322348613411,-0.012629383992048604,-0.028870433395322803,-0.013221157499172076
2020-02-27,0.0,-0.000538278064078912,0.0009488411302038813,-0.00299375277746583,0.0016450319360867827,-0.0015867953668932122
2020-02-28,-0.012329157745549657,-0.02242737580735321,-0.01384247737483768,-0.05232406161889969,-0.05783914278078772,-0.04504504398890952
2020-03-02,0.007143600793603433,0.0,0.00576989506961767,0.0374484261422825,0.04121495372890638,0.03617581996709829
2020-03-03,0.0,0.0,-0.007023094783180972,0.017510528549454785,0.01822364326191539,0.015289236756575342
2020-03-04,0.0,0.0,-0.00027838399116042467,0.007933527770881854,0.0128244452744386,0.010292512064594472
2020-03-05,0.0,0.0,0.0,0.014746421648452746,0.013642927929754523,0.01081866485479921
2020-03-06,0.0,0.0,0.0,-0.006399609150479213,0.009501022370504097,0.0
2020-03-09,0.0,0.0,0.0,-0.016607633169174796,-0.03905795363683573,0.0
2020-03-10,0.0,0.0,0.0,0.0,-0.014005684832965382,0.0
2020-03-11,0.0,0.0,0.0,0.0,0.0,0.0
2020-03-12,0.0,0.0,0.0,0.0,0.0,0.0
2020-03-13,0.0,0.0,0.0,0.0,0.0,0.0
2020-03-16,0.0,0.0,0.0,0.0,0.0,0.0
2020-03-17,0.0,0.0,0.0,0.0,0.0,0.0
2020-03-18,0.0,0.0,0.0,0.0,0.0,0.0
2020-03-19,0.0,0.0,0.0,0.0,0.0,0.0
2020-03-20,0.0,0.0,0.0,0.0,0.0,0.0
2020-03-23,0.0,0.0,0.0,0.0,0.0,0.0
2020-03-24,0.0,0.0,0.0,0.0,0.0,0.0
2020-03-25,0.0,0.0,0.0,0.0,0.0,0.0
2020-03-26,0.0,0.0,0.0,0.0,0.0,0.0
2020-03-27,0.0,0.0,0.0,0.0,0.0,0.0
2020-03-30,0.0,0.0,0.0,0.0,0.0,0.0
2020-03-31,0.0,0.0,0.0,0.0,0.0,0.0
2020-04-01,0.0,0.0,0.0,0.0,0.0,0.0
2020-04-02,0.0,0.0,0.0,0.0,0.0,0.0
2020-04-03,0.0,0.0,0.0,0.0,0.0,0.0
2020-04-07,0.0,0.0,0.0,0.0,0.0,0.0
2020-04-08,0.0,0.0,0.0,0.0,0.0,0.0
2020-04-09,0.0,0.0,0.0,0.0,0.0,0.0
2020-04-10,0.0,0.0,0.0,0.0,0.0,0.0
2020-04-13,0.0,0.0,0.0,0.0,0.0,0.0
2020-04-14,0.0,0.0,0.0,0.017419243661607187,0.0,0.0
2020-04-15,0.0,0.0,0.0,0.0004872523312406951,-0.005713270126465275,0.0
2020-04-16,0.0,0.0,0.0,0.013390258145046907,-0.005624147675027724,0.0
2020-04-17,0.0,0.0,0.0,0.006997708547326287,-0.004633236640488203,0.0
2020-04-20,0.0,0.0,0.0,0.009546628298228166,0.0020604702081494786,0.0
2020-04-21,0.0,0.0,0.0,-0.0044377892347451375,-0.0015057690112358912,0.0
2020-04-22,0.0,0.0,0.0,0.015469831101136089,-0.009054458883827499,0.0
2020-04-23,0.0,0.0,0.0,0.0026376239610936825,-0.009026289489234895,0.0
2020-04-24,0.0,0.0,0.0,-0.014531799045907512,-0.001390651371104057,0.0
2020-04-27,0.0,0.0,0.0,-0.0014827252384955747,-0.005388902320755173,0.0
2020-04-28,0.0,0.0,0.0,0.0003057099868373214,-0.0009178046054036937,0.0
2020-04-29,0.0,0.0,0.0,0.004274605782421448,0.002483815529320532,0.0
2020-04-30,0.0,0.0,0.0,0.006377909860345143,0.02343558980851923,0.0
2020-05-06,0.0,0.0,0.0,0.0,-0.007392987397384365,0.0
2020-05-07,0.0,0.0,0.0,0.0,0.0,0.0
2020-05-08,0.0,0.0,0.0,0.0,0.0,0.0
2020-05-11,0.0,0.0,0.0,0.0,0.0,0.0
2020-05-12,-0.000428539242554149,-0.0012067939721741583,-0.0007455571428331975,0.0,0.0,0.0
2020-05-13,-0.0035797105355260816,-0.0031231055352062276,-0.0031992994670894115,0.0,0.0,0.0
2020-05-14,0.0,0.0,0.0,0.0,0.0,0.0
2020-05-15,0.0,0.0,-0.009344136411099768,0.0,0.0,0.0
2020-05-18,0.0,0.0,0.0005704320073349756,0.0,0.0,0.0
2020-05-19,0.0,0.0,0.0,0.0,0.0,0.0
2020-05-20,0.0,0.0,0.0,0.0,0.0,0.0
2020-05-21,0.0,0.0,0.0,0.0,0.0,0.0
2020-05-22,0.0,0.0,0.0,0.0,0.0,0.0
2020-05-25,0.0,0.0,0.0,0.0,0.0,0.0
2020-05-26,0.0,0.0,0.0,0.0,0.0,0.0
2020-05-27,0.0,0.0,0.0,0.0,0.0,0.0
2020-05-28,0.0,0.0,0.0,0.0,0.0,0.0
2020-05-29,0.0,0.0,0.0,0.0,0.0,0.0
2020-06-01,0.01767063098288535,0.0,0.01330355363634328,0.0,0.0,0.020160776526617186
2020-06-02,-0.0004989626287074111,0.0015898706904706739,-0.002178047967697494,0.0,-0.0017638480730798323,0.0016184912996308753
2020-06-03,-0.004524210961923458,0.002923636606615654,0.0,-0.0021797558483152013,0.0011087735419572642,-0.003259264410591989
2020-06-04,0.003489758278983235,0.0,0.0,0.0028934271536611433,0.0,0.00276410388656978
2020-06-05,0.003114361912540442,0.0,0.0,-0.00010224235951028504,0.0007540286255627304,0.0015884129464642793
2020-06-08,0.005433516580898967,-0.0015772128610457292,0.0005072427997243611,0.005721258784866734,0.0038175052511646435,0.005010189409259791
2020-06-09,0.0,0.00044927711153208705,0.0006612783886905671,0.0,0.0,0.0
2020-06-10,0.0,0.0,0.0,0.00048814601465707597,0.002467221669116171,0.0
2020-06-11,0.0,0.0,0.0,0.00045491018321386356,-1.795545130611753e-05,0.0
2020-06-12,0.0,0.0,0.0,0.0,0.0,0.0
2020-06-15,-0.007157485912943629,-0.006407684469453501,-0.008471945742043574,-0.0028600029331137256,-0.0005015676944443159,-0.004400187858885296
2020-06-16,0.01008870258429706,0.00771767182998917,0.010077985154389513,0.007450343154236094,0.007708813768772416,0.008782668217514944
2020-06-17,-0.00040195346558613565,0.0009413454715196945,0.00029551801543159506,0.004514961706196141,0.0027445767520559716,0.0013378092579652279
2020-06-18,-0.0020905989309336626,-0.0021900548557745037,-0.0032582956158500043,0.00030440452930635686,-0.0017720047871199185,-0.0014578382058170192
2020-06-19,0.0,0.009641711943809028,0.011792528292755344,0.0,0.0,0.0
2020-06-22,0.0,-0.0003961569612850324,-0.001730505069564181,-0.00182802202127208,0.0036397398129273117,0.0
2020-06-23,0.005638600812523764,0.0031322285633812452,0.00409876369009865,-0.0003057146800452548,0.0001116167365229348,0.004104307215371028
2020-06-24,0.0013777813206330425,0.0006442285321830443,0.0009096800646128944,-0.0034845938728714776,-0.0025381214885560333,0.0010269249908172462
2020-06-29,-0.004557729202477101,-0.0040330517857634085,-0.0035671524535770827,-0.0026667021911787048,-0.0021757874891908946,-0.005717679853994739
2020-06-30,0.004780166171403755,0.001060552419183125,0.002729331888912112,0.0,0.0,0.004574603395860244
2020-07-01,0.017826037096703162,0.011454096139358105,0.0,0.0,0.0,0.008891026424824533
2020-07-02,-0.0021180184907547694,-0.0008952617361426274,0.0,0.0,0.0,-0.0010736724732837155
2020-07-03,0.015096912173254262,0.015535510964127752,0.0,0.01009613375612517,0.008280919040249746,0.01241605476365204
2020-07-06,0.05666297107735074,0.056971093699542674,0.0,0.00717818529413905,0.005792697241711053,0.04807900804817433
2020-07-07,0.014729003866090773,0.014238002897459134,0.0,0.0,0.0,0.012477662090779607
2020-07-08,0.017115339256347895,0.019558005516308263,0.0,0.0,0.0,0.019520876930168907
2020-07-09,0.013967381177796723,0.013833427379057017,0.0,0.02314673518520549,0.029166827993659883,0.02031590099891889
2020-07-10,-0.01808094398850757,-0.019466146858807876,0.0,-0.004542961016440916,-0.0029991535019086024,-0.01103555421599578
2020-07-13,-0.0024101789026571563,-0.001311010064643403,0.0,0.027877237489172257,0.030876238196797745,0.027629057262929857
2020-07-14,-0.006234408261543645,-0.00608331380218341,0.0,-0.000512272560034166,0.0010891432739323914,-0.0018789131142019633
2020-07-15,-0.012925114333834253,-0.015597827568162526,0.0,-0.025965182843466827,-0.030594225458161484,-0.02129997934093575
2020-07-16,-0.0007682238237657346,-0.001619398803348937,0.0,-0.047803314348348835,-0.05231727367013561,-0.04897035843890618
2020-07-17,0.0,0.0,0.0,0.0009572271263538212,-7.462633222043991e-06,0.004622195109833527
2020-07-20,0.0,0.0,0.0,0.016613947962992093,0.022013229982111637,0.030687845536239156
2020-07-21,0.0,0.0,0.0,0.002869510520489227,0.0031676917484479983,0.004342177911247136
2020-07-22,0.0,0.0,0.0,0.009945289854189188,0.010428622040930868,-0.0018462474669969087
2020-07-23,0.0,0.0,0.0,-0.008958908289400491,-0.008109121211505976,0.008488684062758933
2020-07-24,-0.03720672648046708,-0.034506899935965674,0.0,-0.045758683741337736,-0.04421911002682799,-0.04584793105143181
2020-07-27,0.00507292342994603,0.002643145733060237,0.0,0.0023438344999373584,0.003279767611201745,0.0046662008468811855
2020-07-28,0.008508234127307501,0.006364856282786713,-0.0011087892861111337,0.007290719489627451,0.0031005493530953387,0.001765637607177739
2020-07-29,0.026088529294907348,0.022322808811219286,-0.0005170993245241506,0.029633491339754237,-0.0021905515754320204,-0.0022991427335773418
2020-07-30,-0.004877063993542818,-0.002341682985339766,0.0,-0.002878671169681879,-0.004878769181407172,-0.0060682548061286035
2020-07-31,0.008339794796997646,0.007039776884925963,0.0,0.010458565035209588,-0.0027796534511038695,0.010740291371079458
2020-08-03,0.01621701726589353,0.017475824208040613,0.0,0.024291377747576615,0.023126497920730626,0.022046838977527905
2020-08-04,0.0009398587570599304,0.0011028889850155377,0.0,-0.006234883275562986,0.003299267257736105,-0.002967335947515526
2020-08-05,-0.0030841311256213366,-0.0026225623962438105,0.0,-0.0003017087659074047,0.01156690104694258,-0.0012071461018989815
2020-08-06,0.0,0.0,0.0,-0.0016275901886797506,-0.0003683977582698006,-0.002275915488064273
2020-08-07,0.0,0.0,0.0,-0.012020835504070071,-0.009307048422492636,-0.004047130220313888
2020-08-10,0.0,0.0,0.0,-0.003485188932636829,-0.002909815374322222,0.0
2020-08-11,0.0,0.0,0.0,0.0,0.0,0.0
2020-08-12,0.0,0.0,0.0,0.0,0.0,0.0
2020-08-13,0.0,0.0,0.0,0.0,0.0,0.0
2020-08-14,0.0,0.0,0.0,0.0,0.0,0.0
2020-08-17,0.0,0.0,0.0,0.0,0.0,0.0
2020-08-18,-0.0009404009053413098,0.0025094067461612912,-0.0009006910127561385,0.0,0.0,0.0029507254725811283
2020-08-19,-0.0018283799465540485,-0.0020401531120651795,-0.0018129640695279114,-0.017198126471069664,-0.019169960888859028,-0.016780392446226866
2020-08-20,-0.006294001000174965,-0.006660839137268781,-0.006433593412026983,-0.010810709129089324,-0.014347109484980747,-0.012602431763404032
2020-08-21,0.008094248823879546,0.004699659642786624,0.0061791789400647,0.007562319131865447,0.005970188594599524,0.00642600678835703
2020-08-24,0.0018385425909748232,-0.0017596230607384022,0.004255720112061212,0.006736574781607274,0.00819106291522842,0.003350970890229066
2020-08-25,0.0012821074753348594,-0.0035528663097974533,0.003669765930697233,0.0012113850618140631,0.00044907547451344954,-0.001425986088289033
2020-08-26,-0.00019860016492156962,-0.00067276057147303,-0.0007255850846705769,-0.01885645000086489,-0.023823352990754554,-0.016252795718756263
2020-08-27,0.00266212310869518,0.004833835754741722,0.0010663145106641903,0.001725986756649922,0.00035161569854502694,0.0017098294599344754
2020-08-28,-0.001005446819271727,-0.0012906624819046808,0.0015921654872146362,0.017975869821110102,0.014210522466712394,0.019866990652476213
2020-08-31,-0.011354651491030543,-0.006253248993901117,-0.01276081489473091,0.004039577941368888,0.00452913036525171,0.004750950472540039
2020-09-01,-0.0028052634382248476,-0.001896064744165482,-0.003342314456105444,0.0063221920541749466,0.00565923108867894,0.007287922527315471
2020-09-02,-0.0032676324199464313,-0.004718473309462623,-0.007329524789013275,0.002112766813164857,0.001499918082214613,0.002550851899149942
2020-09-03,-0.0006407929874290286,-0.00037515119718645185,0.00043376299737030166,-0.007984058069022582,-0.010216089398398687,-0.007060504292548786
2020-09-04,0.006807930915301963,0.0055291819465290715,0.004613259537487924,-0.006526417618526681,-0.0010696706651508459,-0.01719088259157797
2020-09-07,-0.002391087299467798,-0.0017727032668201081,-0.0018290401642363507,-0.021022160158061576,-0.01724714906749847,-0.019081198675171662
2020-09-08,0.0021010268699614976,0.004447220128130702,0.006750330619304856,0.007111409327692497,0.006447775430122427,0.0021976945599857522
2020-09-09,-0.012934832347331726,-0.0108130271659298,-0.011190777866577184,-0.010795088301626676,-0.011285769505376853,-0.014214438297897813
2020-09-10,-0.010945861286297931,-0.01458063137558685,-0.0059014949370040926,-0.026526179723412202,-0.04147656262018018,0.008466391433101128
2020-09-11,-0.002266276494820141,-0.002941815782689261,-0.002312049705953334,-0.004280203870219101,-0.006294071288426739,0.015727028643207408
2020-09-14,-0.00036496267470786936,0.0007330172239561339,0.0029568216725739394,-1.0294943104560694e-05,0.009644081390951076,0.005555336446516845
2020-09-15,0.00803419697368013,0.005138181561547883,-0.0010452465728704174,0.005762785051651953,0.00483481346516168,0.00597261054188758
2020-09-16,-0.001315670419040349,-0.0009110062329551472,-0.005762252671015489,-0.001457471619508599,-0.009944559384984175,-0.0013870330325581604
2020-09-17,-0.0021583427692836166,-0.0022510744996157017,-0.0030092325887983717,0.0032129926111816864,-0.0019860129763045187,0.0004329974481762644
2020-09-18,0.022494648317451293,0.020681724855452943,0.0243010621986417,0.016086108855892567,0.015361504547660942,0.01874192691352583
2020-09-21,-0.009624216191792323,-0.006335826303036085,0.003261121200147876,-0.0036321333339299766,-0.00036865998257551436,-0.006013610474633224
2020-09-22,-0.008067861364582596,-0.008066687392906724,0.0,-0.008514454685962125,-0.009426725759321575,-0.008320004246544777
2020-09-23,0.0,0.00011665294241414159,0.0,0.0013756487381741955,0.003275005336527137,0.0
2020-09-24,0.0,-0.0052766671729732595,0.0,-0.006137831521148995,-0.0072612764589187195,0.0
2020-09-25,0.0,0.0,0.0,0.0,0.0,0.0
2020-09-28,0.0,0.0,0.0,0.0,0.0,0.0
2020-09-29,0.0,0.0,0.0,0.0,0.0,0.0
2020-09-30,0.0,0.0,0.0,0.0,0.0,0.0
2020-10-09,0.0,0.0,0.0,0.0,0.0,0.0
2020-10-12,0.0,0.0,0.0,0.0,0.0,0.0
2020-10-13,0.0,0.0,0.0,0.0,0.0,0.0
2020-10-14,0.0,0.0,0.0,0.0,0.0,0.0
2020-10-15,0.0,0.0,0.0,0.0,-0.009389301397482508,0.0
2020-10-16,0.0,0.0,0.0,0.0,-0.0029407076838388058,0.0
2020-10-19,0.0,0.0,0.0,0.0,0.005243333834196395,0.0
2020-10-20,0.0,0.0,0.0,0.0,0.010999933760095226,0.0
2020-10-21,0.0,0.0,0.0,0.0,-0.015504015769043256,0.0
2020-10-22,0.0,0.0,0.0,0.0,-0.006294753422083077,0.0
2020-10-23,-0.01205955664353342,0.0,0.0,0.0,0.00028440520464312335,0.0
2020-10-26,-0.007435638293216695,0.0,0.0,0.0,0.004110028091489415,0.0
2020-10-27,0.003930688401643234,0.0,0.0,0.0,-0.002814164788381923,0.0
2020-10-28,0.0006409998711931486,0.0,0.005238818783087407,0.0,0.0005932439599747319,0.0
2020-10-29,0.018912763893262907,0.011261052855778164,-0.01047160963530891,0.0,-0.013908115909534002,0.01611707294405984
2020-10-30,0.0005941424937740969,-0.014712744524182475,-0.01263627749087326,0.0,-0.0262188142264983,-0.019714308322913543
2020-11-02,0.003691763558116401,0.001145827623357798,-7.878787982273927e-05,0.003698458641003821,0.0004036146210693037,0.0011562220929652867
2020-11-03,0.012005714198453976,0.0,0.006985605219967939,0.005040892623273674,0.0036072963932727298,0.01000360449557447
2020-11-04,0.0006629075812885077,0.0,0.0010755393027794824,-0.0021383823951638403,-0.003136257075369575,0.0005770986363242692
2020-11-05,0.0,0.0,0.0,0.009506022705999095,0.007756168522648599,0.006949254204027255
2020-11-06,-0.002574308018890914,-0.004448002198510936,-0.006383985761400757,-0.01030906317317859,-0.012248620681160616,0.002265726632982634
2020-11-09,0.006613488596167505,0.005061083154755064,0.0068976614434188566,0.019033546940729895,0.02424404932332358,0.014246067514396499
2020-11-10,0.0,0.0,0.0,-0.0075339090764264816,-0.010506394127742014,0.001706835814213603
2020-11-11,0.0,0.0,0.0,-0.002762282761586521,-0.0028057797021883157,0.0
2020-11-12,0.0,0.0,0.0,0.0,0.0,0.0
2020-11-13,0.0,0.0,0.0,0.0,0.0,0.0
2020-11-16,0.0,0.0,0.0,0.0,0.0,0.0
2020-11-17,0.0,0.0,0.0,0.0,0.0,0.0
2020-11-18,0.0,0.0,0.0,0.0,0.0,0.0
2020-11-19,0.0,0.0,0.0,0.0,0.0,0.0
2020-11-20,0.0,0.0,0.0,0.0,0.0,0.0
2020-11-23,0.0,0.0,0.0,0.0,0.0,0.0
2020-11-24,0.0,0.0,0.0,0.0,0.0,0.0
2020-11-25,0.0,0.0,0.0,0.0,0.0,0.0
2020-11-26,0.0,0.0,0.007773602039722993,0.0,0.0,0.0
2020-11-27,0.0,0.0,0.002039803695773612,0.0,0.0,0.0
2020-11-30,0.0,0.0,-0.0116027145641866,0.0,0.0,0.0
2020-12-01,0.0,0.0,0.0030591447396364213,0.0,0.0,0.0
2020-12-02,0.0,0.0,0.0,0.0,0.0,0.0
2020-12-03,0.0,0.0,0.0,0.0,0.0,0.0
2020-12-04,0.0,0.0,0.0,0.0,0.0,0.0
2020-12-07,0.0,0.0,0.0,0.0,0.0,0.0
2020-12-08,0.0,0.0,0.0,0.0,0.0,0.0
2020-12-09,0.0,0.0,0.0,0.0,0.0,0.0
2020-12-10,0.0,0.0,0.0,0.0,0.0,0.0
2020-12-11,0.0,0.0,0.0,0.0,0.0,0.0
2020-12-14,0.0,0.0,0.0,0.0,0.0,0.0
2020-12-15,0.0,0.0,0.0,0.0,0.0,0.0
2020-12-16,0.0,0.0,0.0,0.0,0.0,0.0
2020-12-17,0.0,0.0,0.0,0.0,0.0,0.0
2020-12-18,0.0,0.0,0.0,-0.0030247142845087893,0.0,-0.0033360148034524695
2020-12-21,0.0,0.0,0.0,0.0014853156945922041,0.017201593198335585,-1.2919234932851076e-05
2020-12-22,0.0,0.0,0.0,-0.01931994411196003,-0.02102818516992888,0.0
2020-12-23,0.0,0.0,0.0,0.009158925022081377,0.007776837868037845,0.0
2020-12-24,-0.0013423698716101828,-0.00578503131047392,-0.0020232473896041325,-1.1067597761926784e-05,-0.001571624814034056,-0.007911316926089484
2020-12-25,-0.002989975835516634,-0.0035131247322315318,-0.0037821057783070655,0.013967317358220876,0.01442258406512642,-0.0034183296902257077
2020-12-28,0.0,0.0,0.0,-0.005412181150903805,-0.00632585174370448,0.0
2020-12-29,-0.005766914360551545,-0.006105163612159958,-0.004607300150249682,-0.007139439813242832,-0.00642798180749804,-0.005997254272187114
2020-12-30,-0.0011308020788500794,-0.0013410283443530124,-0.0011613293724237472,0.011181212986275835,0.007604869619615373,-0.000744562398821591
2020-12-31,0.0,0.0,0.0,0.002034255197801871,0.0013693218629144965,0.0
2021-01-04,0.0,0.0,0.0027823845319439044,0.01340335318055863,0.01877106934204864,0.0
2021-01-05,0.0,0.010291036358113903,-0.0044562520289155305,-0.0020720731507349877,-0.0020883140804115463,0.0
2021-01-06,0.005614539312828626,0.00048177284121231345,0.01273427621848966,-0.0034300770728115104,-0.01170264473764504,-0.0005148558213197152
2021-01-07,0.0018237757189563109,0.0,0.003645213242084333,-0.0008303858882163784,-0.0025597102679012496,-0.0001351922054363408
2021-01-08,0.0,-0.002265596114196744,0.0,0.002298061495546344,-0.0028745829049151572,-0.0038199805018171995
2021-01-11,0.0,0.00018938842811389023,0.0,-0.00017163974247913494,-0.001009901915700051,0.000869822804441478
2021-01-12,0.0,0.0,0.0,0.018042233815728448,0.01715688926133274,0.0
2021-01-13,-0.0057273801049763096,-0.00419120042795651,-0.010526260166449308,0.0008862759831811395,0.0002867084538056286,-0.008340309568469206
2021-01-14,-0.004049870818642831,-0.0039552612200476345,-0.0027550848198990563,-0.005055575379838029,0.0026275100634332027,-0.004283488653969103
2021-01-15,-0.002577719310436488,-0.00012380107476661628,-0.0021354793075778478,-0.003459812657212513,0.0033143236258095232,0.0013073475788796252
2021-01-18,-0.003792323758634697,-0.0033944832755791188,-0.002750490840654818,-0.0005635628251774438,-0.0021165189839309484,-0.002906216193797606
2021-01-19,0.0,0.0,0.0,-0.0053830639610294995,-0.00524236375301923,0.0
2021-01-20,0.0,0.0,0.0,0.009109158868086054,0.008671156180940054,0.0
2021-01-21,0.0,0.0,0.004085058132273556,0.002390041694479761,-0.00034018106928368486,0.0
2021-01-22,0.0011767224409926502,-0.0028535632449561144,0.00012962544865757764,0.0025560920685234745,-0.0022225780725082522,0.0008344536325137764
2021-01-25,-0.001161777463897895,-0.0005343227076474166,0.0,-0.0003881882994043462,-0.0017883873937662997,-0.0014178592034572723
2021-01-26,0.0,0.0,0.0,-0.013417954293685974,-0.01463515875853072,-0.014662738497044803
2021-01-27,0.0,0.0,0.0,-0.0009546439807534002,-0.0023862301797651364,-0.0012331662288740386
2021-01-28,0.0,0.0,0.0,-0.009588011461603485,-0.010566016383427468,0.0
2021-01-29,0.0,0.0,0.0,0.005165280893884239,0.006012969298501369,0.0
2021-02-01,0.0,0.0,0.0,0.008420751768033252,0.009923145147649803,0.0
2021-02-02,0.0,0.0,0.0,0.009567564007711304,0.011202443768597137,0.0
2021-02-03,0.0,0.0,0.0,-0.008544184861484228,-0.017019617836816603,0.0
2021-02-04,0.0,-0.0006959467350802218,0.009719938746057366,-0.0038253882438709086,-0.021966201701354993,0.0
2021-02-05,-0.002201248765412833,-0.0015741916753582164,0.010288812976024797,0.0,-0.01969414483122267,0.0
2021-02-08,0.003989573818498737,0.002198126544310508,0.004057681294849846,0.0,0.001756384407218814,0.0
2021-02-09,0.01812182039150456,0.01782831594453227,0.013157506799883478,0.0,0.0,0.0
2021-02-10,0.003969084644339205,0.014304085732695038,0.01913166934842092,0.0,0.0,0.01239798999130759
2021-02-18,-0.026051165040247626,0.005539685504124758,-0.003522527195115588,0.0,0.0,0.018473626466390947
2021-02-19,-0.006094793075327454,-0.0038386400405132637,-0.005001431204306961,0.0,0.0,0.01212615674486428
2021-02-22,-0.032562472715601753,-0.017605547869423366,-0.03442682872398328,0.0,0.0,0.0021308646349664784
2021-02-23,-0.0031450927532623574,-0.006939355853439078,0.004072677148173831,0.0,0.0,0.003984957921636001
2021-02-24,-0.025379973589840343,-0.02071174420371802,0.0010393952010701035,0.0,0.0,0.0010255262680134436
2021-02-25,0.005862433992494642,0.00588081735607715,0.0015160564846403712,0.0,0.0,-0.008966781340830066
2021-02-26,-0.02419433438112928,-0.021183293543547976,-0.024422991963408136,-0.0003671680529053756,0.0,-0.021082517744735796
2021-03-01,0.01531422539161631,0.012056348240586878,0.008243790246615923,0.006567813452670324,0.0205638452587229,0.010244086134297614
2021-03-02,0.006193994741393816,0.004199118124934342,0.006304096748250609,-0.012519968659197578,0.0034062525264952903,0.005074424290147261
2021-03-03,0.023243167158762734,0.02175488171260964,0.028696122268268898,-0.0012815606796467982,0.01480688933214469,0.01954290028832828
2021-03-04,-0.011816952131783909,-0.008602470952963404,-0.012563085946553532,-0.012565684237310193,-0.005405402235500678,-0.00931135558749352
2021-03-05,0.0134773477139698,0.011007638969275702,0.008801761151959964,0.0002341782200243614,0.013404403224741124,0.013366780777639198
2021-03-08,0.0068723923645686025,-0.022989770899658146,0.006557321394309312,-0.022885993482659628,-0.019762822359463028,-0.02870761896526819
2021-03-09,0.0,-0.0019237811020325069,0.0,-0.0035081319365777297,-0.0022322650314905434,-0.002913320988585655
2021-03-10,0.0,0.0,0.0,0.0,0.0,0.0
2021-03-11,0.0,0.0,0.0,0.0,0.0,0.0
2021-03-12,0.0,0.0,0.0,0.0,0.0,0.0
2021-03-15,0.0,0.0,0.0,0.0,0.0,0.0
2021-03-16,0.0,0.0,0.0,0.0,0.0,0.0
2021-03-17,0.0,0.0,0.0,0.0,0.0,0.0
2021-03-18,0.0,0.0,0.0,0.0,0.0,0.0
2021-03-19,0.0,0.0,0.0,0.0,0.0,0.0
2021-03-22,0.0,0.0,0.0,0.0,0.0,0.0
2021-03-23,0.0,0.0,0.0,0.0,0.0,0.0
2021-03-24,0.0,0.0,0.0,0.0,0.0,0.0
2021-03-25,0.0,0.0,0.0,0.0,0.0,0.0
2021-03-26,0.0,0.0,0.0,0.0,0.0,0.0
2021-03-29,0.0,0.0,0.0,0.0,0.0,0.0
2021-03-30,0.0,0.0,0.0,0.006384569028563769,0.0,0.0
2021-03-31,0.0,0.0,0.0,-0.0005723682766004545,0.0,0.0
2021-04-01,0.0,0.0,0.0,0.0,0.0,0.0
2021-04-02,0.0,0.0,0.0,0.0,0.0,0.0
2021-04-06,0.0,0.0,0.0,0.0,0.0,0.0
2021-04-07,0.0,0.0,0.0,0.0,0.0,0.0
2021-04-08,0.0,0.0,0.0,0.0,0.0,0.0
2021-04-09,0.0,0.0,0.0,0.0,0.0,0.0
2021-04-12,0.0,0.0,0.0,0.0,0.0,0.0
2021-04-13,0.0,0.0,0.0,0.0,0.0,0.0
2021-04-14,0.0,0.0,0.0,0.0,0.0,0.0
2021-04-15,0.0,0.0,0.0,0.0,0.0,0.0
2021-04-16,0.0,0.0,0.0,0.0,0.0,0.0
2021-04-19,0.0,0.0,0.0,0.0,0.0,0.0
2021-04-20,0.0,0.0,0.0,0.0,0.0,0.0
2021-04-21,0.0,0.0,0.0,0.0,0.0,0.0
2021-04-22,0.0,0.0,0.0,0.0,0.0,0.0
2021-04-23,0.0,0.0,0.0,0.0,0.0,0.0
2021-04-26,0.0,0.0,0.0,0.0,0.0,0.0
2021-04-27,0.0,0.0,0.0,0.0,0.0,0.0
2021-04-28,0.0,0.0,0.0,0.0,0.0,0.0
2021-04-29,0.0,0.0,0.0,0.0,0.0,0.0
2021-04-30,0.0,0.0,0.0,0.0,0.0,0.0
2021-05-06,0.0,0.0,0.0,0.0,0.0,0.0
2021-05-07,0.0,0.0,0.0,0.0,0.0,0.0
2021-05-10,0.0,0.0,0.0,0.0,0.0,0.0
2021-05-11,0.0,0.0,0.0,0.0,0.0,0.0
2021-05-12,0.0,0.0,0.0,0.0,0.0,0.0
2021-05-13,0.0,-0.000906671565060635,0.0,0.0,0.0,0.00018556797818347626
2021-05-14,0.0,0.0017587769250189123,0.0,0.0108259169552134,0.010277418522798065,0.002589354485831308
2021-05-17,0.0,0.0,0.0,-0.0007474756057338494,-0.0010062243789387137,0.0
2021-05-18,0.0,0.0,0.0,0.0,0.0,0.0
2021-05-19,0.0,0.0,0.0,0.0,0.0,0.0
2021-05-20,0.0,0.0,0.0,0.0,0.0,0.0
2021-05-21,-0.01260777709319949,-0.007062220453658452,-0.01458204957396303,0.0,0.0,-0.007821263096252085
2021-05-24,0.0007564508794490887,-0.00023189364216613662,0.00017463567476538877,0.00417252278557112,0.008690353217061686,0.00023513074243441956
2021-05-25,0.02952319090453215,0.022315992537274454,0.0,0.0006449741486755922,0.0005874628727264852,0.020786462769550207
2021-05-26,0.001284803072176155,0.0013828860687694622,0.0,0.0,0.003839728969019962,0.0008917509039887417
2021-05-27,0.0,0.0,0.0,0.0,-0.0013427926613749364,0.0
2021-05-28,-0.0034477823740985958,-0.0029131282789999213,0.0,-0.004767835502294093,-0.0024555601154163664,-0.002675297108621355
2021-05-31,-0.0007136704904678881,-0.00034818943910586153,0.0,0.0018461764677681902,0.0025875842457239173,0.0006305121138849845
2021-06-01,0.003831534501276268,0.004312233995726222,0.0022976771784315453,0.0029759797172241864,0.0062978940854308,0.0044704576078755665
2021-06-02,0.0010964021108537114,0.0002951350914304207,0.0028665722621343814,-3.987547431005822e-05,-0.0015789912221360058,0.00030771157003872673
2021-06-03,-0.005890697023438363,-0.003257615916811729,0.0,-0.0019982525668771345,-0.00025429636763418806,-0.004100437161355663
2021-06-04,-0.005275755460327325,-0.005362017937814767,0.0,-0.003989794125001556,-0.004322215759382075,-0.004463025912507912
2021-06-07,0.0,0.0,0.0,0.0,0.0,0.0
2021-06-08,0.0,0.0,0.0,0.0,0.0,0.0
2021-06-09,0.0,0.0,0.0,0.0,0.0,0.0
2021-06-10,0.0,0.0,0.0,0.0,0.0,0.0
2021-06-11,0.0,0.0,0.0,0.0,0.0,0.0
2021-06-15,0.0,0.0,0.0,0.0,0.0,0.0
2021-06-16,0.0,0.0,0.0,0.0,0.0,0.0
2021-06-17,0.0,0.0,0.0,0.0,0.0,0.0
2021-06-18,0.0,0.0,0.0,0.0,0.0,0.0
2021-06-21,0.0,0.0,0.0,0.0,0.0,0.0
2021-06-22,0.0,0.0,0.0,0.0,0.0,0.0
2021-06-23,0.0,0.0,0.0,0.0,0.0,0.0
2021-06-24,0.0,0.0,0.0,0.0,0.0,0.0
2021-06-25,0.0,0.0,0.0,0.0,0.0,0.0
2021-06-28,0.0,0.0,0.0,0.0,0.0,0.0
2021-06-29,0.0,0.0,0.0,0.0,0.0,0.0
2021-06-30,0.0,0.0,0.0,0.0,0.0,0.0
2021-07-01,0.0,0.0,0.0,0.0,0.0,0.0
2021-07-02,0.0,0.0,0.0,0.0,0.0,0.0
2021-07-05,0.0,0.0,0.0,0.0,0.0,0.0
2021-07-06,0.0,0.0,0.0,0.0,0.0,0.0
2021-07-07,0.0,0.0,0.0,0.0,0.0,0.0
2021-07-08,0.0,0.0,0.0,0.0,0.0,0.0
2021-07-09,0.0,0.0,0.0,0.0,0.0,0.0
2021-07-12,0.0,0.0,0.0,0.0,0.0,0.0
2021-07-13,0.0,0.0,0.0,0.0,0.006080337383008727,0.0
2021-07-14,0.0,0.0,0.0,0.0,-0.004222137649079194,0.0
2021-07-15,0.0,0.0,0.0,0.0,0.0,0.0
2021-07-16,0.0,0.0,0.0,0.0,0.0,0.0
2021-07-19,0.0,0.0,0.0,0.0,-0.001308561650001372,0.0
2021-07-20,0.0,0.0,0.0,0.0,-0.008435589493185014,0.0
2021-07-21,0.0,0.0,0.0,0.0,0.0,0.0
2021-07-22,0.0,0.0,0.0,0.0,0.0,0.0
2021-07-23,0.0,0.0,0.0,0.0,0.0,0.0
2021-07-26,0.0,0.0,0.0,0.0,0.0,0.0
2021-07-27,0.0,0.0,0.0,0.0,0.0,0.0
2021-07-28,0.0,0.0,0.0,0.0,0.0,0.0
2021-07-29,0.0,0.0,0.0,0.0,0.0,0.0
2021-07-30,0.0,0.0,0.0,0.0,0.0,0.0
2021-08-02,0.0,0.0,0.0,0.0,0.0,0.0
2021-08-03,0.0,0.0,0.0,0.0,0.0,0.0
2021-08-04,0.0,0.0,0.0,0.0,0.0,0.0
2021-08-05,0.0,0.0,0.0,0.0,0.0,0.0
2021-08-06,0.0,0.0,0.0,0.0,0.0,0.0
2021-08-09,0.0,0.0,0.0,0.0,0.0,0.0
2021-08-10,0.0,0.0,0.0,0.0,0.0,0.0
2021-08-11,0.0,0.0,0.0,0.0,0.0,0.0
2021-08-12,0.0,0.0,0.0,0.0,0.0,0.0
2021-08-13,0.0,0.0,0.0,0.0,0.0,0.0
2021-08-16,0.0,0.0,0.0,0.0,0.0,0.0
2021-08-17,0.0,0.0,0.0,0.0,0.0,0.0
2021-08-18,0.0,0.0,0.0,0.0,0.0,0.0
2021-08-19,0.0,0.0,0.0,0.0,0.0,0.0
2021-08-20,0.0,0.0,0.0,0.0,0.0,0.0
2021-08-23,0.0,0.0,0.0,0.0,0.0,0.0
2021-08-24,0.0,0.0,0.0,0.0,0.0,0.0
2021-08-25,0.0,0.0,0.0,0.0,0.0,0.0
2021-08-26,0.0,0.0,0.0,0.0,0.0,0.0
2021-08-27,0.0,0.0,0.0,0.0,0.0,0.0
2021-08-30,0.0,0.0,0.0,0.0,0.0,0.0
2021-08-31,0.0,0.0,0.0,0.0,0.0,0.0
2021-09-01,0.0,0.0,0.0,0.0,0.0,0.0
2021-09-02,0.0,0.0,0.0,0.0,0.0,0.0
2021-09-03,0.0,-0.0059721214937286105,0.0009143453326485584,0.0,0.0,0.0
2021-09-06,0.0,-0.0005939162016378452,-0.00014876479863357162,0.0,0.0,0.0
2021-09-07,0.0,0.0,0.0,0.0,0.0,0.0
2021-09-08,0.0,0.0,0.0,0.0,0.0,0.0
2021-09-09,0.0,0.0,0.002440873468389171,0.0,0.0,0.0
2021-09-10,0.009000577227341378,0.0030759067218828484,-0.0005299675297584239,-0.000927972420859291,0.00430836101052301,0.005109386911906988
2021-09-13,-0.0014929501657994226,-0.0011897466546119118,0.0,0.0006204543888252978,0.0009257333083361186,-0.0004545889018907623
2021-09-14,0.0,-0.01280842495809098,0.0,0.0,0.0,0.0
2021-09-15,-0.007593782064995058,-0.0032692090393506845,-0.010796034894024586,0.0,0.0,0.0004588639720630727
2021-09-16,-0.0002577296395351869,-0.015896580142768957,-0.0005288068064768225,-0.02230461908973702,-0.027363408739973893,0.0004856417072707231
2021-09-17,0.0,-0.003424707873737165,0.0,-0.0034993974641716052,-0.001985383459437995,0.0
2021-09-22,0.010525651154209337,0.018115563008419544,0.0069078345495567905,0.020141587240014802,0.016663250348550873,0.014013682661984106
2021-09-23,0.005325535046850627,0.006108630807925897,0.004132512563895574,0.007710018864329982,0.00623657576170511,0.00617110945332211
2021-09-24,0.0006306438418528515,-0.006944721611228388,0.007750536040356026,-0.014789773644255155,-0.013481155780332599,-0.006540514650301477
2021-09-27,0.004257374382326873,0.0034071011860725697,0.005348664411087833,0.002496539669809783,0.002633686592450335,0.0034140066750270037
2021-09-28,0.002871272232864097,0.006645496718529431,0.0,0.00545355748930576,0.00523051256733531,0.003789619002492417
2021-09-29,-0.007872896641626381,-0.008111058755980616,0.0,-0.007915029938076468,-0.007946074252273339,-0.007974952878465835
2021-09-30,0.0,0.0,0.0,0.00958821606865623,0.023012767938294543,0.0
2021-10-08,0.0,0.0,0.0,0.012111571167348956,0.012762318777938875,0.0
2021-10-11,0.0,0.0,0.0,0.0,0.0,0.0
2021-10-12,0.0,0.0,0.0,0.0,0.0,0.0
2021-10-13,0.0,0.0,0.0,0.0,0.0,0.0
2021-10-14,0.0,0.0,0.0,0.0,0.0,0.0
2021-10-15,0.0,0.0,0.0,0.0,0.0,0.0
2021-10-18,0.0,0.0,0.0,0.0,0.0,0.0
2021-10-19,0.0,0.0,0.0,0.0,0.0,0.0
2021-10-20,0.0,0.0,0.0,0.0,0.0,0.0
2021-10-21,0.0,0.0,0.0,0.0,0.0,0.0
2021-10-22,0.0,0.0,0.0,0.0,0.0,0.0
2021-10-25,0.0,0.0,0.0,0.0,0.0,0.0
2021-10-26,0.0,0.0,0.0,0.0,0.0,0.0
2021-10-27,0.0,0.0,0.0,0.0,0.0,0.0
2021-10-28,0.0,0.0,0.0,0.0,0.0,0.0
2021-10-29,0.0,0.0,0.0,0.0,0.0,0.0
2021-11-01,0.0,0.0,0.0,0.0,0.0,0.0
2021-11-02,0.0,0.0,0.0,0.0,0.0,0.0
2021-11-03,0.0,0.0,0.0,0.0,0.0,0.0
2021-11-04,0.0,0.0,0.0,0.0,0.0,0.0
2021-11-05,0.0,0.0,0.0,0.0,0.0,0.0
2021-11-08,0.0,0.0,0.0,0.0,0.0,0.0
2021-11-09,0.0,0.0,0.0,0.0,0.0,0.0
2021-11-10,0.0,0.0,0.0,0.0,0.0,0.0
2021-11-11,0.0,0.0,0.0,0.0,0.0,0.0
2021-11-12,0.0,0.0,0.0,0.0,0.0,0.0
2021-11-15,0.0,0.0,0.0,0.0,0.0,0.0
2021-11-16,0.0,0.0,0.0,0.0,0.0,0.0
2021-11-17,0.0,0.0,0.0,0.0,0.0,0.0
2021-11-18,0.0,0.0,0.0,0.0,0.0,0.0
2021-11-19,0.0,0.0,0.0,0.0,0.0,0.0
2021-11-22,0.0,0.0,0.0,0.0,0.0,0.0
2021-11-23,0.0,0.0,0.0,0.0,0.0,0.0
2021-11-24,0.0,0.0,0.0,0.0,0.0,0.0
2021-11-25,0.0,-0.0027098456014182926,-0.004848670082408968,0.0,0.0,0.0
2021-11-26,-0.00562385672102006,-0.002397534995187911,-0.0015221353436021268,0.0,0.0,0.0
2021-11-29,-0.008382315606042634,0.0,0.005000514271440659,0.0,0.0,0.0
2021-11-30,0.0,0.0,-0.00039888621039319005,0.0,0.0,0.0
2021-12-01,0.0,0.0,0.0,0.0,0.0,0.0
2021-12-02,0.0,0.0,0.0,0.0,0.0,0.0
2021-12-03,0.0,0.0,0.0,0.0,0.0,0.0
2021-12-06,-0.003564858282629646,-0.007304638560431287,-0.0020897734240066246,0.0,0.0,-0.008496087565712962
2021-12-07,0.007639753504773639,0.005940022977266146,0.008324351811592745,-0.009395774800596612,0.0,0.0059881215478201355
2021-12-08,0.0,0.0,0.0,0.0023701373219042754,0.014691571239205947,0.012604366268488265
2021-12-09,0.0,0.0,0.0,0.0,9.884982258334674e-05,0.00032327601668069583
2021-12-10,0.0016021829970129797,0.003119209980572357,0.004149393882062702,0.0,0.0,0.004350409885630846
2021-12-13,0.006748300504714866,0.005450078020332372,0.011151132936320307,0.0024172488674136794,0.00251911378143177,0.004606311331548429
2021-12-14,0.0,0.0,0.0,-0.0032332900940602594,-0.0020495007429359724,0.0
2021-12-15,0.0,0.0,0.0,-0.0008828839184564785,-0.0034507165356560954,0.0
2021-12-16,0.005458991681687619,0.006997804325117096,0.005315324890808437,0.0010944269308508225,0.0012148907444187174,0.005659158572763223
2021-12-17,-0.0028062209093511203,-0.0014443657546850952,-0.002899960345445929,0.0,0.0,-0.0018312578903921795
2021-12-20,0.0,0.0,0.0,0.0,-0.015499503098772016,0.0
2021-12-21,0.0,0.0,0.0,0.0,-0.0004214105494889653,0.0
2021-12-22,0.0,0.0,0.0,0.0,0.0,0.0
2021-12-23,0.0,0.0,0.0,0.0,-7.911512973945989e-05,0.0
2021-12-24,-0.006537419333731753,0.0,-0.0010791984773305119,0.0,0.0008187651380211491,-0.011362535010962405
2021-12-27,-0.0007980176843614961,0.0006580486950551467,-0.0014015607801642904,0.00031480852763410283,0.0008814830468413248,-0.00106273432423043
2021-12-28,0.006397917909123585,0.0008615280204073983,0.0061726950889333665,0.0009848219217245546,0.0021015761536213873,0.005763120022223234
2021-12-29,0.000390557917716583,-0.009463212541929056,-0.018896991979416744,-0.0039821488230139535,-0.000592858506928251,-0.0004224108948012173
2021-12-30,0.0,-0.00029042439558069066,-0.00032888495315519517,-0.00039023886104938565,0.0008300121100373037,0.0
2021-12-31,0.0,0.0,0.0012870697298594802,0.0,0.007770972447161961,0.0
2022-01-04,-0.008254643829507802,0.0,0.0008690928388677133,-0.004659990049110219,0.0041620490657396925,-0.0056737087048888135
2022-01-05,-0.0021471440494041927,-0.009239663761540728,-0.0016590913422476206,-0.0015840350808301595,-0.023496641096056314,-0.0017793395307945659
2022-01-06,0.0,-0.004019347118973782,-0.003753934275830484,0.005682493899734409,-0.004981847697477448,0.0
2022-01-07,0.0,0.0,0.00296085853512551,0.00018825486402085367,0.0,0.0
2022-01-10,0.0,0.0,-0.00198584390311618,0.0,0.0,0.0
2022-01-11,-0.008856059912467185,-0.006404029814500056,-0.00475874516403596,-0.00734502603774001,-0.011432910125046658,-0.008659869530436515
2022-01-12,0.004241573240507224,0.002853992760555535,0.0016076151759185642,0.0033419386030946185,0.005717132796221325,0.004098052621498649
2022-01-13,0.0,0.0,-0.018286307215923947,-0.014767211674561853,-0.017600660208578534,-0.01631708966465817
2022-01-14,-0.0037618859447337005,-0.006583022573999897,-0.0033646737227084333,-0.004978506111869674,-0.004507028262933477,-0.003908261332784546
2022-01-17,0.0002782608876803483,8.542396980804057e-05,0.0024821552830551763,0.0,0.0,0.0006974464530709046
2022-01-18,0.0,0.0,-0.00010306352779498873,0.0,0.0,0.001248205796129831
2022-01-19,-0.007491113636215685,-0.0027909572106599168,-0.0025664257847000105,-0.0037366108042221624,-0.008292355724788592,-0.0067328543338525115
2022-01-20,-0.0005915316584543806,-0.0006969519791230061,0.00014654828074567305,-4.478191388535002e-05,-0.0002887604738700533,-0.0047709296204871965
2022-01-21,0.0,0.0,0.0,0.0,0.0,-0.0030779744211271165
2022-01-24,0.0,0.0,0.0,0.0,0.0,0.006861057211344779
2022-01-25,0.0,0.0,0.0,-0.031005048732387075,-0.035931646178450016,-0.03021274875197244
2022-01-26,0.0,0.0,0.0,0.0025617382212479445,0.003412295619147132,0.0032174072179020907
2022-01-27,0.0,0.0,0.0,-0.025979747066570025,-0.030559745031847663,0.0
2022-01-28,0.0,0.0,0.0,0.012566753707480727,0.005113630936126601,0.0
2022-02-07,0.0,0.0,0.0,0.0,0.0,0.0
2022-02-08,0.0,0.0,0.0,0.0,0.0,0.0
2022-02-09,0.0,0.0,0.0,0.0,0.0,0.0
2022-02-10,0.0,0.0,0.0,0.0,0.0,0.0
2022-02-11,0.0,0.0,0.0,0.0,0.0,0.0
2022-02-14,0.0,0.0,0.0,0.0,0.0,0.0
2022-02-15,0.0,0.0,0.0,0.0,0.0,0.0
2022-02-16,0.0,0.0,0.0,0.0,0.0,0.0
2022-02-17,0.0,0.0,0.0,0.0,0.0,0.0
2022-02-18,0.0,0.0,0.0,0.0,0.0,0.0
2022-02-21,0.0,0.0,0.0,0.0,0.0,0.0
2022-02-22,0.0,0.0,0.0,0.0,0.0,0.0
2022-02-23,0.0,0.0,0.0,0.0,0.0,0.0
2022-02-24,0.0,0.0,0.0,0.0,0.0,0.0
2022-02-25,0.0,0.0,-0.0005450633260852822,0.0,0.0,0.0
2022-02-28,0.0,0.0,-0.0022567921413638725,0.0,0.0,0.0035705416970031045
2022-03-01,0.0,0.0,0.010093154422677886,0.0,0.0,0.002575007461203649
2022-03-02,-0.003497501070364284,0.0015413930865919578,-0.0058906869439396825,0.0030690405753970307,0.0016399571891976272,0.0002073201347123632
2022-03-03,0.0034290446782332396,0.003208922376728651,-0.003260457048159693,0.0035749939164684275,0.0034096924632820436,-0.0057592195456583894
2022-03-04,0.0,0.0,-0.011183096143468463,0.0,0.0,-0.007022770062878325
2022-03-07,0.0,0.0,-0.028580390281389145,0.0,0.0,-0.02144622473151614
2022-03-08,0.0,0.0,0.0026583745254247226,0.0,0.0,0.0005878225481081856
2022-03-09,0.0,0.0,-0.014430747643808806,0.0,-0.013575573268407193,-0.013866860900801914
2022-03-10,-0.007842350861777647,0.0,0.021263752116494228,-0.0016934621190535237,0.021770919757083007,0.021604807126872183
2022-03-11,-0.014471557844460636,0.0,0.013075422372075707,-0.011278127896902412,0.019332916845044457,0.018792773282239716
2022-03-14,0.0,0.0,-0.01575859076430286,0.0,-0.007649945017642823,-0.010681783664786004
2022-03-15,-0.034478213305982996,-0.04028508403291675,-0.037773499341678396,-0.04898991074385617,-0.04008783700965668,-0.03845590869033455
2022-03-16,0.017235426418644284,0.014082750807227429,0.01583824095773423,0.01720581824903089,0.017179200557565943,0.01694565497142131
2022-03-17,0.0,0.0,-0.0039543016516568885,0.0,0.0,0.0028654262299885325
2022-03-18,0.01107909156465725,0.0,0.012469576492648127,0.0,0.0,-0.004324961698198182
2022-03-21,0.0031836623687111487,0.0,0.0019307416946778844,0.002738947069476305,0.00971780793468846,0.0015421443373311305
2022-03-22,0.000490887280002239,0.00302433444020056,0.0023334493823425895,-0.0025843546486608027,-0.0023547550127583916,-0.001710318274302569
2022-03-23,0.0032079261980482165,0.0013618858474031548,0.0054171548976125194,0.0045001470101482255,0.00392507537792719,0.004835390493908687
2022-03-24,0.0002671158263922724,-0.0019237568909806768,-0.0044126188564189706,-0.004363841124451873,-0.004832711303709103,-0.008010935734870661
2022-03-25,-0.0006748254986745916,-0.0011030515067718127,-0.0019118528575146065,-0.012475375921218279,-0.012604182585481127,-0.01383007039042028
2022-03-28,0.0,0.0,0.0,-0.006211275740359401,-0.007026316697958501,-0.008639691683201667
2022-03-29,0.0,0.0,0.0,0.0,0.0,0.0
2022-03-30,0.0,0.0,0.0,0.0,0.0,0.0
2022-03-31,0.0,0.0,0.0,0.0,0.0,0.0
2022-04-01,0.0,0.0,0.0,0.0,0.0,0.0
2022-04-06,0.0,0.0,0.0,0.0,0.0,0.0
2022-04-07,0.0,0.0,0.0,0.0,0.0,0.0
2022-04-08,0.0,0.0,0.0,0.0,0.0,0.0
2022-04-11,0.0,0.0,0.0,0.0,0.0,0.0
2022-04-12,0.0,0.0,0.0,0.0,0.0,0.0
2022-04-13,-0.0036788272467109806,0.0,3.8589813006195683e-05,-0.008364951769807893,0.0,0.0
2022-04-14,0.007791487028091515,0.0,0.007991738219790712,0.0047541989682926555,0.0,0.005840751329421634
2022-04-15,0.006183971264261512,0.0,0.006513974771549913,-0.003976894426090505,0.0,-0.006321708399159465
2022-04-18,-0.005337297403580132,0.0,-0.014595759650606666,0.0005356113121741668,0.0,0.00768464311404693
2022-04-19,-0.001217955960621131,0.0,-0.0021608775079677844,-0.0012220651772170132,0.0,-0.0010808720171434638
2022-04-20,0.0,0.0,0.0,0.0,0.0,0.0
2022-04-21,0.0,0.0,0.0,0.0,0.0,0.0
2022-04-22,0.0,0.0,0.0,0.0,0.0,0.0
2022-04-25,0.0,0.0,0.0,0.0,0.0,0.0
2022-04-26,0.0,0.0,0.0,0.0,0.0,0.0
2022-04-27,0.0,0.0,0.0,0.0,0.0,0.0
2022-04-28,0.0,0.0,0.0,0.0,0.0,0.0
2022-04-29,0.0,0.0,0.0,0.0,0.0,0.0
2022-05-05,0.0,0.0,0.0,0.0,0.0,0.0
2022-05-06,0.0,0.0,0.0,0.0,0.0,0.0
2022-05-09,0.0,0.0,0.0,0.0,0.0,0.0
2022-05-10,0.0,0.0,0.0,0.0,0.0,0.0
2022-05-11,0.0,0.0,0.0,0.0,0.0,0.0
2022-05-12,0.0,0.0,0.0,0.0,0.0,0.0
2022-05-13,0.0,0.0,0.0,0.0,0.0,0.0
2022-05-16,0.0,0.0,0.0,0.0,0.0,0.0
2022-05-17,0.0,0.0,0.0,0.0,0.0,0.0
2022-05-18,0.0,0.0,0.0,0.0,0.0,0.0
2022-05-19,0.0,0.0,0.0,0.0,0.0,0.0
2022-05-20,0.0,0.0,0.0,0.0,0.0,0.0
2022-05-23,0.0,0.0,0.0,0.0,0.0,0.0
2022-05-24,0.0,0.0,0.0,0.0,0.0,0.0
2022-05-25,0.0,0.0,0.0,0.0,0.0,0.0
2022-05-26,0.0,0.0,0.0,0.0,0.0,0.0
2022-05-27,0.0,0.0,0.0,0.0,0.0,0.0
2022-05-30,0.0,0.0,0.0,0.0,0.0,0.0
2022-05-31,0.0,0.0,0.0,0.0,0.0,0.0
2022-06-01,0.0,0.0,0.0,0.0,0.0,0.0
2022-06-02,0.0,0.0,0.0,0.0,0.0,0.0
2022-06-06,0.0,0.0,0.0,0.0,0.0,0.0
2022-06-07,0.0,0.0,0.0,0.0,0.0,0.0
2022-06-08,0.0,0.0,0.0,0.0,0.0,0.0
2022-06-09,0.0,0.0,0.0,0.0,0.0,0.0
2022-06-10,0.0,0.0,0.0,0.0,0.0,0.0
2022-06-13,0.0,0.0,0.0,0.0,0.0,0.0
2022-06-14,0.0,0.0,0.0,0.0,0.0,0.0
2022-06-15,0.0,0.0,0.0,0.0,0.0,0.0
2022-06-16,0.0,0.0,0.0,0.0,0.0,0.0
2022-06-17,0.0,0.0,0.0,0.0,0.0,0.0
2022-06-20,0.0,0.0,0.0,0.0,0.0,0.0
2022-06-21,0.0,0.0,0.0,0.0,0.0,0.0
2022-06-22,0.0,0.0,0.0,0.0,0.0,0.0
2022-06-23,0.0,0.0,0.0,0.0,0.0,0.0
2022-06-24,0.0,0.0,0.0,0.0,0.0,0.0
2022-06-27,0.0,0.0,0.0,0.0,0.0,0.0
2022-06-28,0.0,0.0,0.0,0.0,0.0,0.0
2022-06-29,0.0,-0.011355230983200681,-0.006785498420328495,0.0,0.0,0.0
2022-06-30,0.014977005868243687,-0.0009171081611724086,-0.0026109390930176835,0.010605628448506543,0.012136808780241592,0.012745767423326448
2022-07-01,0.0008540200066269321,-0.00385663202177855,-0.0071000281187261205,-0.0006637645718385876,0.00043822019647365984,0.0003505279489051105
2022-07-04,0.0,-0.0018644490848450657,-0.004815141851304938,0.0,0.0,0.0
2022-07-05,0.0,0.0,0.0,0.0,0.0,0.0
2022-07-06,0.0,0.0,0.0,0.0,0.0,0.0
2022-07-07,0.0,0.0,0.0,0.0,0.0,0.0
2022-07-08,0.0,0.0,0.0,-0.011494002234848866,-0.009518703481522728,0.0
2022-07-11,0.0,0.0,0.0,-0.0027891546636023,-0.0036745459629943245,0.0
2022-07-12,0.0,0.0,0.0,0.0,0.0,0.0
2022-07-13,0.0,0.0,0.0,0.0,0.0077968361018223575,0.0
2022-07-14,0.0,0.0,0.0,0.0,-0.00186369757734961,0.0
2022-07-15,0.0,0.0,0.0,0.0,0.0,0.0
2022-07-18,0.0,0.0,0.0,0.0,0.0,0.0
2022-07-19,0.0,0.0,0.0,0.0,0.0,0.0
2022-07-20,0.0,0.0,0.0,0.0,0.0,0.0
2022-07-21,0.0,0.0,0.0,0.0,0.0,0.0
2022-07-22,0.0,0.0,0.0,0.0,0.0,0.0
2022-07-25,0.0,0.0,0.0,0.0,0.0,0.0
2022-07-26,0.0,0.0,0.0,0.0,0.0,0.0
2022-07-27,0.0,0.0,0.0,0.0,0.0,0.0
2022-07-28,0.0,0.0,0.0,0.0,0.0,0.0
2022-07-29,0.0,0.0,0.0,0.0,0.0,0.0
2022-08-01,0.006569085097289484,0.00395017091081451,-0.0015862267495556637,0.008353408717975075,0.010970126549584736,0.007681671248585875
2022-08-02,-0.01069748803672832,-0.008931396662069435,-0.008933925464518211,-0.009327916511916778,-0.011493629384722315,-0.010584615330875513
2022-08-03,-0.011759383515561161,-0.008054029213721337,-0.009075331348511795,0.0,0.0,0.0
2022-08-04,0.0053652396944869896,0.004827378631189649,0.005039701939613783,-0.00043424510110323666,0.0007534773307793508,0.002926223501901193
2022-08-05,0.011335710435249613,0.009791293974935389,0.009186221003658623,0.0025683426280258548,0.0020699875779965904,0.0019811762210959483
2022-08-08,-0.0037040316743208734,-0.002680559967399798,-0.004478025359860194,0.0,0.0,0.0
2022-08-09,0.0,0.003459589967714116,0.0,0.004169395470908777,0.00519803289261378,0.0037711037140741865
2022-08-10,0.0,-0.0017085429285905729,0.0,-0.0017308599806080682,-0.003500673334360771,-0.0021610574813654138
2022-08-11,0.0,0.0,0.0,0.0,0.0,0.0
2022-08-12,0.0,0.0,0.0,0.0,0.0,0.0
2022-08-15,0.0,0.0,0.0,0.0,0.0,0.0
2022-08-16,0.0,0.0,0.0,0.0,0.0,0.0
2022-08-17,0.0,0.0,0.0,0.0,0.0,0.0
2022-08-18,0.0,0.0,0.0,0.0,0.0,0.0
2022-08-19,0.0,0.0,-0.0017671562046261968,0.0,0.0,0.0
2022-08-22,0.0,0.0,-0.0049593026147675134,0.0,0.0,0.0
2022-08-23,0.0,0.0003984668321714846,0.0,0.0,0.0,0.0
2022-08-24,0.0,0.0007495762717242282,0.0,0.0,0.0,0.0
2022-08-25,0.0,0.0,0.0,0.0,0.0,0.0
2022-08-26,0.0,0.0,0.0,0.0,0.0,0.0
2022-08-29,0.0,0.011565509294021448,0.0,0.015419098687058153,0.0,0.0
2022-08-30,0.0,-0.00031704517598618587,0.0,-0.00027966857875350026,0.0,0.0
2022-08-31,0.0,0.0,0.0,0.0,0.0,0.0
2022-09-01,0.0,-0.0037606965626926225,0.0,-0.004451421587814752,-0.006054233749918536,-0.00536463827574396
2022-09-02,-0.007838738857616545,0.0013127400801564715,-0.009594918232125771,0.0012394715521661936,0.0020188932959435135,0.002039461553743349
2022-09-05,-0.0034269099944874704,0.0,-0.004251805291053068,0.0,0.0,0.0
2022-09-06,0.0,0.0,0.006646187942331849,0.014807197612118683,0.0,0.0
2022-09-07,0.0,0.004220172971868497,-0.0055538475673675425,-0.003565700264632321,0.00975962268797459,0.00650166999194024
2022-09-08,0.0,-0.00037624997369545277,0.0,0.0,0.00014226915912374238,0.0003816743499494013
2022-09-09,0.0,0.0,0.0,0.0,0.0,0.0
2022-09-13,0.0,0.0,0.0,0.0,0.0,0.0
2022-09-14,0.0,0.0,0.0,0.0,0.0,0.0
2022-09-15,0.0,0.0,0.0,0.0,0.0,0.0
2022-09-16,0.0,0.0,0.0,0.0,0.0,0.0
2022-09-19,0.0,0.0,0.0,0.0,0.0,0.0
2022-09-20,0.0,0.0,0.0,0.0,0.0,0.0
2022-09-21,0.0,0.0,0.0,0.0,0.0,0.0
2022-09-22,0.0,0.0,0.0,0.0,0.0,0.0
2022-09-23,0.0,0.0,0.0,0.0,0.0,0.0
2022-09-26,0.0,0.0,0.0,0.0,0.0,0.0
2022-09-27,0.0,0.0,0.0,0.0,0.0,0.0
2022-09-28,0.0,0.0,0.0,0.0,0.0,0.0
2022-09-29,0.0,0.0,0.0,0.0,0.0,0.0
2022-09-30,0.0,0.0,0.0,0.0,0.0,0.0
2022-10-10,0.0,0.0,0.0,0.0,0.0,0.0
2022-10-11,0.0,0.0,0.0,0.0,0.0,0.0
2022-10-12,0.0,0.0,0.0,0.0,0.0,0.0
2022-10-13,0.0,0.0,0.0,0.0,0.0,0.0
2022-10-14,0.0,0.0,0.0,0.0,0.0,0.0
2022-10-17,0.0,0.0,0.0,0.0,0.0,0.0
2022-10-18,0.0,0.0,0.0,0.0,0.0,0.0
2022-10-19,0.0,0.0,0.0,0.0,0.0,0.0
2022-10-20,0.0,0.0,0.0,0.0,0.0,0.0
2022-10-21,0.0,0.0,0.0,0.0,0.0,0.0
2022-10-24,0.0,0.0,0.0,0.0,0.0,0.0
2022-10-25,0.0,0.0,0.0,0.0,0.0,0.0
2022-10-26,0.0,0.0,0.0017870183426145214,0.0,0.0,0.0
2022-10-27,-0.010096148089636436,0.0,0.0050548147241309405,0.0,0.0,0.0
2022-10-28,-0.007298102148284413,-0.017343709194390988,-0.016103436676071947,0.0,0.0,0.0
2022-10-31,0.0010464276407322615,-0.00793208720529559,-0.0113230841619949,0.0,0.0,0.0
2022-11-01,0.003014645644863423,0.02384463481702004,0.03887041480802278,0.0,0.0,0.0
2022-11-02,0.01570429380491989,0.011489102373111182,0.009033612200456842,0.0,0.0,0.0
2022-11-03,-0.008128096860031575,-0.0018495989079491126,-0.012740175776954854,0.008624517939793908,0.015102706596034743,0.006534879447258168
2022-11-04,-0.00045831151196384923,-0.00041899719404514535,-0.00160862360059022,-0.00021874409671629458,0.00020491453425219852,-0.0001275883502626085
2022-11-07,0.005381968777265378,0.004725991102994209,0.010351841620020341,0.0,0.0,0.0
2022-11-08,-0.0005832097954283633,-0.0043227607691123104,-0.0005994096086116008,-0.0010659847606614425,-0.0019311215174796503,-0.003982939392356166
2022-11-09,-0.009873422764840156,-0.0001593899172891433,-0.008222504662117047,0.0008732977071368442,-0.00023048937180769613,0.00023588727951029398
2022-11-10,-0.0077990204292091025,0.0013132006151810316,-0.007655423637968006,0.0,0.0,0.0
2022-11-11,3.0004957999762993e-05,0.02074821663016224,0.002345556198543264,0.0,0.0,0.0
2022-11-14,0.007685454691522375,-0.005780329851874377,0.012920745206275397,0.0,0.0,0.0
2022-11-15,0.020171880256208308,-0.0008847232412847461,0.018945875805597368,0.0,0.023861386509956395,0.0
2022-11-16,-0.0014842310675299286,-0.004501123538076968,-0.0008421986580433583,0.0,-0.0005263077235251323,0.0
2022-11-17,-0.0008316097619188723,-0.0030320465768312044,-0.002589248559964452,0.005429260981652861,0.0,0.0
2022-11-18,0.001199508352719203,-0.006399782322206948,0.0011203395553238682,-0.0008113145409536227,0.0,0.0
2022-11-21,-0.0002819732847690881,-0.006342419298544066,-0.003390516869712701,0.0,0.0,0.0
2022-11-22,-0.00095560791509397,0.0013759016178509498,0.0005805809348349289,-0.008639038676397148,-0.01488585385915886,-0.005755747318511362
2022-11-23,0.0033861380402386843,-0.0015091895183729775,0.004332423765787796,-0.001955461223819177,-0.001824743889521363,-0.002163844533963677
2022-11-24,0.004617102361983871,-0.0049001043102293584,0.005664760278217829,0.0,0.0,0.0
2022-11-25,0.006366887116911579,-0.0013919891562121922,0.010061623341068415,0.0,0.0,0.0
2022-11-28,-0.019676458522662532,0.007454824309584884,-0.02180789736203481,0.0,0.0,0.0
2022-11-29,0.021551799529223592,0.005549568399945137,0.027014937803454542,0.015059910819869016,0.013390994554709268,0.017859383617718105
2022-11-30,-0.0032281550683610494,0.003012257209083158,-0.004937410847396961,-0.0012933499802282311,-0.0005490579667987161,-0.0018424948604160996
2022-12-01,-0.006904778335683814,0.011478776522539702,-0.011386620684423976,0.0,0.0017911771243326324,0.0
2022-12-02,-0.0022945078716206657,-0.0015485825821680566,-0.001324075240602518,0.0,-0.0022391631318395833,0.0
2022-12-05,0.009884312775587212,0.007991917480646205,0.010681315679132108,0.001959347073354767,0.0003909059266140602,0.005580296580714572
2022-12-06,-0.004674197299758376,0.0036712524684747727,-0.005017714743428159,-0.0021663405631853205,-0.0036257730453286285,-0.0038062834754538644
2022-12-07,0.0002967291833448904,-0.0025089521933001624,-0.00312412758255165,0.0,0.0,0.0
2022-12-08,-0.001472827396985621,0.0002669120623739474,-0.0013774518264795255,-0.002215938338013812,0.0,-0.0009023881801953904
2022-12-09,0.008991169199835225,-0.00022197814646507386,0.011046401061043376,-0.00022794456726638046,0.0,0.00012820714656025523
2022-12-12,-0.005664912056101423,-0.005402854327533624,-0.0064804374547877686,0.0,-0.002156869861424271,-0.004087294727534774
2022-12-13,-0.0021370018244277755,-2.6121048834926164e-05,0.0011058908958283542,0.0,-0.00029853793335121726,-0.00025161439422671794
2022-12-14,0.0016490492515670585,-0.0007865473444548243,0.00043517023896244567,0.0,-0.004727394664076012,-0.0018275034076571384
2022-12-15,-0.0008281105053433713,6.208283025355144e-05,-0.005497061621407506,0.0017774902449794183,-0.001982643656693317,-0.0007942632365590674
2022-12-16,-0.005399277302962746,0.0035636322252312613,-0.004898764866807737,-0.00504345451744681,-0.007675625570340405,0.0002937455715339432
2022-12-19,-0.015179042316696645,-0.0009543102842312079,-0.015722820539510907,-0.020275333215290514,-0.00031053137979564216,-0.000901413889416669
2022-12-20,-0.0032231908474142923,-0.00826363991117851,-0.017613814279620943,-0.003076900623383283,-0.0061704505622586225,-0.009352772445992197
2022-12-21,-0.002353338335671862,0.0013329420226289024,0.003451955516205585,-0.005812101795812263,-0.0002068721279164798,0.0010742993705499249
2022-12-22,0.0014327128469500128,-0.010297813671540701,-0.004870876392862877,0.0035787475862998352,-0.02016823853532812,-0.012174731575730235
2022-12-23,-0.0065109928974679265,-0.005244824338324516,-0.006761013822974782,0.0018207398000087416,-0.00531380675365567,-0.002874139197723169
2022-12-26,0.00322232249257004,0.00554096940753479,-0.003835350342612509,0.013786677443108575,0.018132830877799266,0.010577095902861933
2022-12-27,0.011542289525215077,0.00977828681927928,0.009548974882728434,0.007216855551770207,0.007920378900537539,0.008994972190682349
2022-12-28,-0.003477816123605315,-0.0023926258653038657,0.002220666855534903,-0.003981687839445303,-0.00896519711287358,-0.003325068954455057
2022-12-29,0.0004892918887346998,-0.0011309442533631309,-0.006145706542434071,-0.0007963827073745877,-0.002470290983563994,0.00031453632117472985
2022-12-30,0.004317892034893189,0.0033640013232389965,0.005019219497561789,0.002885348485569761,-0.0004476316876361741,0.003647018250286571
2023-01-03,0.0,0.0,-0.002641858914127604,0.015917332896129954,0.0006746036604690087,0.013008391049016632
2023-01-04,0.0,0.0,0.0,-0.0007180568882130256,-0.00048488821102576907,-0.0003936650775842043
2023-01-05,0.0,0.0,0.0,0.008409742606712234,0.009992603063283978,0.0
2023-01-06,0.0,0.0,0.0,-0.0011963393895538799,0.0022890178487779966,0.0
2023-01-09,0.0,0.0,0.0,0.0017741433453235533,0.00335812878401609,0.0
2023-01-10,0.0,0.0,0.0,0.0006139652974532783,-0.0003946041849064441,0.0
2023-01-11,0.0,0.0,0.0,-0.005911280756160764,-0.008092040916250265,0.0
2023-01-12,0.0,0.0,0.0,0.0012462888911761727,0.0011144526431399182,0.0
2023-01-13,0.0,0.0,0.0,0.004264788568614897,0.0017278094604877836,0.0
2023-01-16,0.0,0.0,0.0,0.0016935364670456199,0.01133975890596628,0.0
2023-01-17,0.0,0.0,0.0,0.00032353956672181994,0.0008586146326119426,0.0
2023-01-18,0.0,0.0,0.0,0.0009989355970116964,0.00230050329658793,0.0
2023-01-19,0.0,0.0,0.0,0.0,0.010477548532893621,0.0
2023-01-20,0.0,0.0,0.0,0.0,0.00904821299391223,0.0
2023-01-30,0.0,0.0,0.0,0.0,0.011400907721166753,0.0
2023-01-31,0.0,0.0,0.0,0.0,0.0,0.0
2023-02-01,0.0,0.0,0.0,0.0,0.0,0.0
2023-02-02,0.0,0.0,0.0,0.0,0.0,0.0
2023-02-03,0.0,0.0,0.0,0.0,0.0,0.0
2023-02-06,0.0,0.0,0.0,0.0,0.0,0.0
2023-02-07,0.0,0.0,0.0,0.0,0.0,0.0
2023-02-08,0.0,0.0,0.0,0.0,0.0,0.0
2023-02-09,0.0,0.0,0.0,0.0,0.0,0.0
2023-02-10,0.0,0.0,0.0,0.0,0.0,0.0
2023-02-13,0.0,0.0,0.0,0.0,0.0,0.0
2023-02-14,0.0,0.0,0.0,0.0,0.0,0.0
2023-02-15,0.0,0.0,0.0,0.0,0.0,0.0
2023-02-16,0.0,0.0,0.0,0.0,0.0,0.0
2023-02-17,0.0,0.0,0.0,0.0,0.0,0.0
2023-02-20,0.0,0.0,0.0,0.0,0.0,0.0
2023-02-21,0.0,0.0,0.0,0.0,0.0,0.0
2023-02-22,0.0,0.0,0.0,0.0,0.0,0.0
2023-02-23,0.0,0.0,0.0,0.0,0.0,0.0
2023-02-24,0.0,0.0,0.0,0.0,0.0,0.0
2023-02-27,0.0,0.0,0.0,0.0,0.0,0.0
2023-02-28,0.0,0.0,0.0,0.0,0.0,0.0
2023-03-01,0.0,0.0,0.0,0.0,0.0,0.0
2023-03-02,0.0,0.0,0.0,0.0,0.0,0.0
2023-03-03,0.0,0.0,0.0,0.0,0.0,0.0
2023-03-06,-0.005507029830400745,0.0,0.0,-0.000598957701319125,0.003214727645792337,-0.0021027827666935117
2023-03-07,-0.0014557481224656277,0.0,-0.010579029209929924,-0.0009929056665068936,-0.0009315305860639889,-0.0010809082163679706
2023-03-08,0.0006843339073174803,0.0,-0.005517683025205278,0.005749610166190688,0.007540158285964882,0.004431164525178
2023-03-09,0.00027959931707211005,0.0,0.0,0.0013570485283243006,0.0008306116879588377,0.0007978544135445187
2023-03-10,-0.00631297612868742,0.0,0.0,-0.007611582606764977,-0.008328975895672608,-0.0074460396202853385
2023-03-13,-0.0012794453336543166,0.0,0.0,-0.0025542402912712703,-0.002835888620338456,-0.001994263817648556
2023-03-14,0.0,0.0,-0.0051003030086609336,-0.007861815806167183,-0.00809041078249173,0.0
2023-03-15,0.0,0.0,0.008098706967533564,0.003313062550194701,0.0039664420806071465,0.0
2023-03-16,0.0,0.0,0.0,0.0,0.0,0.0
2023-03-17,-0.0032489254302030535,0.0014764427341671382,-0.006320246178489031,0.0013010658417604848,0.001243505024055791,-0.0008428783331968503
2023-03-20,0.000818660592534215,0.0008897281928930134,0.0012380876471487223,0.0018101395481251448,0.0012674703950628086,0.001139013678985279
2023-03-21,0.008511702480669792,0.004409825558507663,0.007371124268339635,0.01000954735305859,0.012046082170223071,0.010476122022347933
2023-03-22,0.002712415876739538,0.002228975646095588,0.0033801696879773857,0.0014010385999756458,0.002885498021216293,0.002283779953557774
2023-03-23,0.0,0.0,0.0,0.00814662867152438,0.005838520797316837,0.00902067406610274
2023-03-24,0.0,0.0,0.0,0.0009028750500301719,0.0006757880883798695,-0.000250135217001457
2023-03-27,0.0,0.0,0.0,0.0,0.0,0.0
2023-03-28,-0.004168341077076865,-0.0035926569922558604,-0.0032599318325400306,-0.0056100889308809965,-0.008203366224345032,-0.0060584702331633045
2023-03-29,0.0033605756373096263,0.002387519274600347,0.006158353452102139,0.0008063602867205422,-0.00018616323575937344,0.0017219872027878225
2023-03-30,0.0,0.0,0.0,0.004396267105177598,0.0,0.0034213810502690123
2023-03-31,0.0,0.0027446646107405215,0.0,-0.00035966486307648093,0.009937420684202447,0.000741590011107629
2023-04-03,0.0,0.001217714158533445,0.0,0.01036803089374283,0.00018024068572519703,0.0
2023-04-04,0.0,0.0,0.0,7.472152010468136e-06,0.0,0.0
2023-04-06,0.0,0.0,0.0,0.0,0.0,0.0
2023-04-07,0.0,0.0,0.0,0.0,0.0,0.0
2023-04-10,-0.006714235108313926,-0.004988862869410582,0.0,-0.010078857052250867,-0.01170436797704133,-0.009652384587915841
2023-04-11,0.0007479779127406161,0.0003679723697471715,0.0,-0.0009115930824903362,-0.00037048606078204926,7.970798221501596e-05
2023-04-12,0.0,0.0,0.0,0.0,0.0,0.0
2023-04-13,0.0,0.0,0.0,0.0,0.0,0.0
2023-04-14,0.0030394124242634213,0.0033871301120942388,-0.00019613522235584213,0.0015167861165881202,0.005794076265685177,0.002859729958595958
2023-04-17,-0.0006199704484687318,-0.0004764625349099605,0.0004538268881264518,-0.0014172817486202138,-0.0016628431661962484,-0.0010377638220137042
2023-04-18,0.0,0.0,0.0,0.0,0.0,0.0
2023-04-19,0.0,0.0,0.0,0.0,0.0,0.0
2023-04-20,0.0,0.0,0.0,0.0,0.0,0.0
2023-04-21,0.0,0.0,0.0,0.0,0.0,0.0
2023-04-24,0.0,0.0,0.0,0.0,0.0,0.0
2023-04-25,0.0,0.0,0.0,0.0,0.0,0.0
2023-04-26,0.0,0.0,0.0,0.0,0.0,0.0
2023-04-27,0.0,0.0,0.0,0.0,0.0,0.0
2023-04-28,0.0,0.0,0.0,0.0,0.0,0.0
2023-05-04,0.0,0.0,0.0,0.0,0.0,0.0
2023-05-05,0.0,0.0,0.0,0.0,0.0,0.0
2023-05-08,0.0,0.0,0.0,0.0,0.0,0.0
2023-05-09,0.0,0.0,0.0,0.0,0.0,0.0
2023-05-10,0.0,0.0,0.0,0.0,0.0,0.0
2023-05-11,0.0,0.0,0.0,0.0,0.0,0.0
2023-05-12,0.0,0.0,0.0,0.0,0.0,0.0
2023-05-15,0.0,0.0,0.0,0.0,0.0,0.0
2023-05-16,0.0,0.0,0.0,0.0,0.0,0.0
2023-05-17,0.0,0.0,0.0,0.0,0.0,0.0
2023-05-18,0.0,0.0,0.0,0.0,0.0,0.0
2023-05-19,0.0,0.0,0.0,0.0,0.0,0.0
2023-05-22,0.0,0.0,0.0,0.0,0.0,0.0
2023-05-23,0.0,0.0,0.0,0.0,0.0,0.0
2023-05-24,0.0,0.0,0.0,0.0,0.0,0.0
2023-05-25,-0.0003845777582529575,0.0010677521359021558,-0.0012931666513471551,-0.00215342311709521,-0.00033637210883796786,-0.000427399757018998
2023-05-26,-0.000689737231348353,-0.0008922013920760197,-0.0009105000780406103,-0.0009929399190585775,-0.001011057653309555,-0.0008196564420900332
2023-05-29,0.0,0.0,0.0,-0.0036811749604570565,-0.004089735279530604,0.0
2023-05-30,0.0,0.0,0.0,-0.0029157927997172095,-0.002641737076308215,0.0
2023-05-31,0.0,0.0,0.0,0.0,0.0,0.0
2023-06-01,0.0,0.0,0.0,0.0,0.0,0.0
2023-06-02,0.010365923200692073,0.005324956277023896,0.012515727273373356,0.0,0.0,0.008008160791059593
2023-06-05,-0.0004806399324259747,0.000388630554781777,-0.001544827249342462,-0.0009695717081235067,0.00011050379091037676,-0.00018962803471089806
2023-06-06,-0.008554470122451696,-0.01036539885737775,0.0,-0.0015290316011986604,-0.0013247722612381718,-0.013828253802283363
2023-06-07,0.0017709877963207887,0.0005143786035484155,0.0,0.0006340290640856061,5.9718700286204296e-05,0.0005627447438896205
2023-06-08,0.0,0.0,0.0,-0.0026946071897636648,-0.001783968833995453,0.0015931855001929396
2023-06-09,0.0,0.0,0.0,0.006676586266927131,0.007398565654078704,0.00018167299059124176
2023-06-12,0.0,0.0,0.0,-0.0018021004193242707,-0.0012763011919882938,0.0
2023-06-13,0.0,0.0,0.0,0.0,0.0,0.0
2023-06-14,0.0,0.0,0.0,-0.0005397761261126677,0.0032052430049436254,0.0
2023-06-15,0.0,0.0,0.0,0.0007410997482952819,5.3294562076144913e-05,0.0
2023-06-16,0.0,0.0,0.0,0.008526785620725619,0.008233419179534573,0.008011066095999775
2023-06-19,0.0,0.0,0.0,-1.2948419387703858e-05,0.0006115914544591039,-0.0006583296308700914
2023-06-20,0.0,0.0,0.0,0.0,0.0,0.0
2023-06-21,0.0,0.0,0.0,0.0,0.0,0.0
2023-06-26,-0.006341129970824033,-0.008523592558418724,-0.004991218259242536,-0.010298600885424891,-0.012987269419339476,-0.0099242146685945
2023-06-27,0.0003723750544124549,0.0007049972884347611,0.0007491431268960014,0.0016562814565921347,0.0006048782154692844,0.0005588785709076394
2023-06-28,0.0,0.0,0.0,0.0,0.0,0.0
2023-06-29,0.0,0.0,0.0,0.0,0.008276188587376998,0.0
2023-06-30,0.0,0.0,0.0,0.0,-0.0020548190206303163,0.0
2023-07-03,0.010103800588626477,0.010674304152640701,0.014876200693583641,0.005340670715985096,-0.0007827195925363961,0.0057557112772728125
2023-07-04,-0.0013928949961549142,-0.0009938762987391492,-0.0008912710266572033,-8.212925748074529e-05,-0.00048537277621063524,-0.0008425160736823534
2023-07-05,0.0,0.0,0.0,-0.0050005396610375286,-0.007328963593251858,0.0
2023-07-06,0.0,0.0,0.0,-0.0018277234068247994,-0.00261663855389227,0.0
2023-07-07,0.0,0.0,0.0,-0.0022078465158045235,-0.002193853647264321,0.0
2023-07-10,0.0005698425214137881,0.0,0.0005481942666158979,0.0030199493160847357,-0.002002262660892873,-0.0006122419867319318
2023-07-11,0.0023103647397584304,0.0030322025931894814,0.004011716324496595,0.00620487562970129,0.007977264276292306,0.0014769782434935763
2023-07-12,-0.005623439912501249,-0.0004563805720757541,0.0,8.400707396494234e-05,-0.01452439031518915,-0.009520698378371883
2023-07-13,0.003029107729705993,0.0,0.0,0.009460112065998505,0.00998941115360652,0.002552022185757785
2023-07-14,-0.0015583268687132668,0.0,0.0,0.0013146484889066112,-0.0005834482010421693,-0.0016790603708966012
2023-07-17,-0.004631905399783864,-0.003057415702093169,-0.006000816205629977,-0.00016165759908648436,-0.004226515256059549,-0.003906712520389877
2023-07-18,-0.004309719885265517,-0.0010331608744902354,-0.00021484108570879457,0.0003954346586030333,0.0003375926730475598,-0.0031406935262493496
2023-07-19,-0.001056557848534534,0.0010473730226336908,0.00411164801583519,-0.0009762496999694559,-0.002632849338833787,-0.0012460458249832218
2023-07-20,-0.007055938408289886,0.0008109509321947428,0.002296089541031776,0.000420603510684181,0.0006856879945118521,-0.011141404292972168
2023-07-21,-0.0019048558165041252,0.0,0.0,0.0017485350330821436,0.0005128443019555284,-0.0019512996068483668
2023-07-24,0.0003418367525087618,0.0,0.0,-0.0021753532227667405,-0.0007674870754725838,0.00041364546074662556
2023-07-25,0.01597746586990123,0.0,0.0,0.006455361303343565,0.007543706323946742,0.011953587246638087
2023-07-26,-0.0004459394974524189,-0.00171632568222424,0.00046377431847433037,-0.00045863429165404757,-0.006263252539549846,-0.002819654159095464
2023-07-27,-0.0011915400243739382,0.0006092874312733088,0.0013415636542184473,-0.006420521975338933,-0.007638423408452888,0.0006542939089622113
2023-07-28,0.023105621604020632,0.0,0.0,-0.00270824630554245,0.008955038031917884,0.018692797298260233
2023-07-31,0.005469700030681812,0.0,-0.005062632152625035,0.004632677074671188,0.001455050043909889,0.003936565607282949
2023-08-01,-0.0041320722668064525,0.0,-0.0005760994674546271,-0.0003688992732922003,-0.001027435447967573,-0.0015558267281973182
2023-08-02,-0.0032196858676335482,-0.0062941406855214765,-0.0057801713348193395,-0.0018933175713766737,-0.0017473795752755983,-0.0024063175379188673
2023-08-03,0.010659950828038278,-0.0023341039705951916,-0.0012522783118444902,0.0034751386990286015,0.0005413507926310679,0.007083316296024433
2023-08-04,0.007022097694384222,0.0,0.0,0.004874125046844258,0.00549524111749089,0.004701037433471722
2023-08-07,-0.0033502454484514166,-0.0025698141451293566,-0.0006038886031134449,-0.006142480603011702,-0.004787319888980401,-0.0036230899194084065
2023-08-08,-0.0026831344230854315,-0.002626031057413991,-0.0035328126040605756,-0.0023429285322438265,-0.0012842927634775236,-0.002031998864297724
2023-08-09,0.0,0.0,0.0,-0.004712730200605808,-0.005067285126623466,-0.00304879812135328
2023-08-10,0.0,0.0,0.0,0.0016486358708651672,0.0009017130314534771,-0.001398292009295754
2023-08-11,0.0,0.0,0.0,-0.019559620321677462,0.00016976087285636154,-0.02103694020754565
2023-08-14,0.0,0.0,0.0,-0.008385072298004337,0.010549692362744834,-0.009633561633553223
2023-08-15,0.0,0.0,0.0,-0.006866669158559269,-0.009053469569865524,-0.005531903924059334
2023-08-16,0.0,0.0,0.0,-0.007875553313719696,-0.011933147951405987,-0.003715908352075248
2023-08-17,0.0,0.0,0.0,0.0070145216165971025,0.009811537556206895,0.010668600130266048
2023-08-18,-0.012784566447496148,0.0,0.0,-2.2425748636534237e-05,-0.0005416260172198539,-0.0001722775157060319
2023-08-21,-0.014382413538121752,0.0,0.0,-0.00949047988760754,-0.008431680561601262,-0.00935481571479102
2023-08-22,0.004810680135097778,0.0,0.0,0.003782656458632516,0.004054630007015669,0.004318854700406716
2023-08-23,-0.014820649272882624,0.0,0.0,-0.018087457871164614,-0.018258559131518526,-0.01580891255057404
2023-08-24,0.0072366530482306235,-0.001334817701545199,0.0,0.00411415882274202,0.0023866694123764187,0.0031656781028193137
2023-08-25,-0.0038282579784206794,-0.004560065163158766,0.0,-0.005082846006591479,-0.004708889432600727,-0.006061919151551076
2023-08-28,0.011699799750364726,-0.03745507208787713,0.0,-0.041113338415947887,-0.045243262746677115,0.05395615624325778
2023-08-29,-0.0026943906001799522,-0.0023053984885225143,0.0,0.022297194316669655,0.03125894574917498,0.022387343722544806
2023-08-30,0.0,0.0,0.0,0.0015734351332024055,0.0012564473454619307,0.002172162146248935
2023-08-31,0.0,0.0,0.0,0.0,0.0,0.0
2023-09-01,0.0,0.0,0.0,0.0,0.0,0.0
2023-09-04,0.0,0.0,0.0,0.0,0.0,0.0
2023-09-05,0.0,0.0,0.0,0.0,0.0,0.0
2023-09-06,0.0,0.0,0.0,0.0,0.0,0.0
2023-09-07,0.0,0.0,0.0,0.0,0.0,0.0
2023-09-08,0.0,0.0,0.0,0.0,0.0,0.0
2023-09-11,0.0,0.0,0.0,0.0,0.0,0.0
2023-09-12,0.0,0.0,0.0,0.0,0.0,0.0
2023-09-13,0.0,0.0,0.0,0.0,0.0,0.0
2023-09-14,0.0,0.0,0.0,0.0,0.0,0.0
2023-09-15,0.0,0.0,0.0,0.0,0.0,0.0
2023-09-18,0.0,0.0,0.0,0.0,0.0,0.0
2023-09-19,0.0,0.0,0.0,0.0,0.0,0.0
2023-09-20,0.0,0.0,0.0,0.0,0.0,0.0
2023-09-21,0.0,0.0,0.0,0.0,0.0,0.0
2023-09-22,0.0,0.0,0.0,0.01620966134357582,0.020151332108766296,0.018487904392424426
2023-09-25,-0.006423156652096029,-0.005124504248789963,-0.007888323916571238,-0.0008345675321898005,-0.00066213542716409,-0.0004563775233904499
2023-09-26,-0.0009285159911344154,-0.0006579631345057235,-0.001255380272481177,-0.0026829433288226845,-0.003646343337782687,-0.0038491702007136253
2023-09-27,0.0013448733690240022,0.0,0.0,0.004892174958623263,0.006285978313599561,-0.000344726590626121
2023-09-28,0.002740046832500953,0.0,0.0,0.0021876033557410857,0.0022822041671397564,-0.00014780671857839156
2023-10-09,0.0014247195856464945,-0.00113949688952375,0.0,-0.0039313378573995195,-0.0023356726720786813,-0.0025588372130668224
2023-10-10,-0.007484839337780991,0.0022468922516070133,0.0,-0.004880620213017162,-0.002713398007808898,-0.004831489125005528
2023-10-11,0.004665072315741536,0.0,0.0,0.0013902020360512246,0.002627735765616368,0.0030104233855530182
2023-10-12,0.0010513523000246217,0.0,0.0,0.002683010389848972,0.007417227176685914,0.0019018546274667258
2023-10-13,-0.010511085046384316,0.0,-0.0025594770084038654,-0.006743718666562981,-0.004091866949552436,-0.007488262471260443
2023-10-16,-0.01003430951906048,0.0,0.0005685837111328862,-0.009355205855611892,-0.010826156378975105,-0.008682031215492492
2023-10-17,0.0022458936570330934,0.0,0.0,0.0006521406884834047,0.00043960991379288217,0.0010578669623961812
2023-10-18,-0.005778741270769272,-0.005942004942118495,0.0,-0.01108027445531079,-0.01416030179378458,-0.009434177839028335
2023-10-19,-0.006244630778144189,-0.00520780170514934,0.0,-0.005158794411374457,-0.004891361410065631,-0.005604938764721568
2023-10-20,-0.0023539383267290326,0.0,0.0,-0.0037700825849743547,0.0,-0.004201902488012221
2023-10-23,-0.003108377927420247,0.0,0.0,-0.0043987156428625385,0.0,-0.0035289683724225585
2023-10-24,0.001390211253784912,0.005933567622665725,0.001348308418808175,0.0074259220892425315,0.0,0.007703744376438726
2023-10-25,0.010501290198804414,0.00799724179042216,0.010047752538383081,0.00626383074345771,0.0,0.007961055282786234
2023-10-26,0.008257947271064436,0.0,0.0,0.008750178791887109,0.0,0.009063113239331289
2023-10-27,-0.003833409239820784,0.0,0.0,0.017192746797507708,0.0,-0.0034715905727358276
2023-10-30,0.0,0.0,0.0,0.009869795650591984,0.0,0.0
2023-10-31,0.0,0.0,0.0,1.8716046684019716e-05,0.0,0.0
2023-11-01,0.0,0.0,0.0,0.0,0.0,0.0
2023-11-02,0.0,0.0,0.0,0.0,0.0,0.0
2023-11-03,0.0,0.0,0.0,0.0,0.0,0.0
2023-11-06,0.0,0.0,0.0,0.0,0.0,0.0
2023-11-07,0.0,0.0,0.0,0.0,0.0,0.0
2023-11-08,0.0,0.0,0.0,0.0,0.0,0.0
2023-11-09,0.0,0.0,0.0,0.0,0.0,0.0
2023-11-10,0.0,0.0,0.0,0.0,0.0,0.0
2023-11-13,0.0,0.0,0.0,0.0,0.0,0.0
2023-11-14,0.0,0.0,0.0,0.0,0.0060677656680130365,0.0
2023-11-15,0.0,0.0,0.0,0.0,0.006947123855193471,0.0
2023-11-16,0.0,0.0,0.0,0.0,-0.007175916798663473,0.0
2023-11-17,0.0,0.0,0.0,0.0,0.008762942180089883,0.0
2023-11-20,0.0,0.0,0.0,0.0,0.008682081283878595,0.0
2023-11-21,0.0,0.0,0.0,0.0,0.0007209111712711547,0.0
2023-11-22,0.0,0.0,0.0,0.0,-0.009848289271722654,0.0
2023-11-23,0.0,0.0,0.0,0.0,0.010471561552080288,0.0
2023-11-24,0.0,0.0,0.0,0.0,-0.0007112596149984052,0.0
2023-11-27,0.0,0.0,0.0,0.0,0.0,0.0
2023-11-28,0.0,0.0,0.0,0.0,0.0,0.0
2023-11-29,0.0,0.0,0.0,0.0,0.0,0.0
2023-11-30,0.0,0.0,0.0,0.0,0.0,0.0
2023-12-01,0.0,0.0,0.0,0.0,0.0,0.0
2023-12-04,0.0,0.0,0.0,0.0,-0.0029367535342973428,0.0
2023-12-05,0.0,0.0,0.0,0.0,-0.0027949994806198974,0.0
2023-12-06,0.0,0.0,0.0,0.0,0.007519817833619324,0.0
2023-12-07,0.0,3.6654535838787083e-05,0.0,0.0009176294527990514,-0.000782192965919748,-0.0006715604889635518
2023-12-08,0.0020885938347576793,-0.0004241555111571538,0.0,0.0004949995359944115,-0.0032451067896978048,-7.029464281793629e-05
2023-12-11,-0.006438757647289295,0.0,0.0,0.01650430104549727,0.01190127735602231,0.013757345488683459
2023-12-12,0.004774270658671309,0.0,0.0,-0.0009435480181292366,-0.0008362571776352468,-0.0015922379608031
2023-12-13,-0.00252963426388475,0.0,0.0,0.0,-0.008040627568881242,0.0
2023-12-14,-0.010599994633425314,-0.007081905808652866,0.0,-0.007999725640659983,-0.00456786746893012,-0.008691925902241882
2023-12-15,0.004016591034535555,0.0023159589901000643,0.0,0.0016708015307329571,0.0012422392723938636,0.0024770528763797817
2023-12-18,-9.730051843570564e-05,0.0,0.0062019860331674614,0.0,-0.013913550772631567,0.0
2023-12-19,0.0014013020044278957,0.001087269395435575,-0.001382308717556735,0.0,-0.0007940047865097055,0.0
2023-12-20,-6.265678118910767e-05,-0.00024254104234167073,0.0,0.0,-0.01849508330250471,0.0
2023-12-21,0.013611097838923447,0.0,0.0,0.009741296204414995,-0.003997740537574179,0.0
2023-12-22,-0.000570586032777709,0.0,0.0,-0.0004086027881771148,-0.01109510399169733,0.0
2023-12-25,0.004987007829525547,0.0029205516890096206,0.002746014859853707,0.0024496860515510477,-0.00142592399391972,0.0026437516617885404
2023-12-26,-0.0007636641291380863,-0.00043829467702294345,-0.00011157690291063727,-0.0006335009304218042,-0.014516144762264593,-0.0006120214366537313
2023-12-27,0.0,0.0,0.0,0.0,0.007870187250943239,0.0
2023-12-28,0.023505304967338603,0.0,0.0,0.019150052507096893,0.019160186643603527,0.02110680586885727
2023-12-29,-0.0011536670974807706,0.0,0.0,-0.001228955352991612,0.014045494063580799,-0.0012290129247259918
