trade_date,000300.SH,000001.SH,000016.SH,000905.SH,000852.SH,000985.CSI
2014-11-17,1.0,1.0,1.0,1.0,1.0,1.0
2014-11-18,1.0,1.0,1.0,1.0,1.0,1.0
2014-11-19,1.0,1.0,1.0,1.0,1.0,1.0
2014-11-20,1.0,1.0,1.0,1.0,1.0,1.0
2014-11-21,1.0,1.0,1.0,1.0,1.0,1.0
2014-11-24,1.0,1.0,1.0,1.0,1.0,1.0
2014-11-25,1.0,1.0,1.0,1.0,1.0,1.0
2014-11-26,1.0,1.0,1.0,1.0,1.0,1.0
2014-11-27,1.0,1.0,1.0,1.0,1.0,1.0
2014-11-28,1.0,1.0,1.0,1.0,1.0,1.0
2014-12-01,1.0,1.0,1.0,1.0,1.0,1.0
2014-12-02,1.0,1.0,1.0,1.0,1.0,1.0
2014-12-03,1.0,1.0,1.0,1.0,1.0,1.0
2014-12-04,1.0,1.0,1.0,1.0,1.0,1.0
2014-12-05,1.0,1.0,1.0,1.0,1.0,1.0
2014-12-08,1.0,1.0,1.0,1.0,1.0,1.0
2014-12-09,1.0,1.0,1.0,1.0,1.0,1.0
2014-12-10,1.0,1.0,1.0,1.0,1.0,1.0
2014-12-11,1.0,1.0,1.0,1.0,1.0,1.0
2014-12-12,1.0,1.0,1.0,1.0,1.0,1.0
2014-12-15,1.0,1.0,1.0,1.0,1.0,1.0
2014-12-16,1.0,1.0,1.0,1.0,1.0,1.0
2014-12-17,1.0,1.0,1.0,1.0,1.0,1.0
2014-12-18,1.0,1.0,1.0,1.0,1.0,1.0
2014-12-19,1.0,1.0,1.0,1.0,1.0,1.0
2014-12-22,1.0,1.0,1.0,1.0,1.0,1.0
2014-12-23,1.0,1.0,1.0,1.0,1.0,1.0
2014-12-24,1.0,1.0,1.0,1.0,1.0,1.0
2014-12-25,1.024698404196,1.0,1.0278803320255,1.0,1.0,1.0
2014-12-26,1.027068276574,1.025640160957,1.0300650086874998,1.0,1.0,1.0
2014-12-29,1.027068276574,1.0432897745896,1.0300650086874998,1.0,1.0,1.0
2014-12-30,1.027068276574,1.0432897745896,1.0300650086874998,1.0,1.0,0.9936467030802999
2014-12-31,1.027068276574,1.0432897745896,1.0510713221337498,1.0,1.0,1.0094388670803
2015-01-05,1.027068276574,1.0432897745896,1.0636439886412499,1.0,1.0,1.0150437843037998
2015-01-06,1.027068276574,1.0432897745896,1.0688077225193495,1.0,1.0,1.02882746257565
2015-01-07,1.027068276574,1.0432897745896,1.0603156919100496,1.0,1.0007067699874,1.0247687502293
2015-01-08,1.00139569199705,1.01887667538265,1.0242728228900495,0.9928693566437999,1.0002761739874,1.0090017470735497
2015-01-09,0.9979626767529499,1.0136290690549,1.0225911657300495,0.9865031786437999,0.9944281359873998,1.0041367770735496
2015-01-12,0.9979626767529499,1.0136290690549,1.0225911657300495,0.9725188446437998,0.9837800379874,0.9929329170735496
2015-01-13,0.9979626767529499,1.0171695662266997,1.0225911657300495,0.9857811846437999,1.0007631459874,0.9993500620735495
2015-01-14,0.9920161573507997,1.0192261561539997,1.0225911657300495,0.9811669386438,0.9962551719873999,1.0004826864270497
2015-01-15,0.9916682773792499,1.0545869952359996,1.0225911657300495,0.9811490904407001,0.9956631456765997,1.0204193658088996
2015-01-16,0.9966977015864499,1.0672396352359996,1.0225911657300495,0.9919104133234498,1.0082517447167498,1.0310758338088997
2015-01-19,0.9199801675864498,0.9850341312359998,1.0225911657300495,0.94926760132345,0.9852625547167498,0.9724060098088996
2015-01-20,0.91481183739415,0.9843205450919996,1.0225911657300495,0.98338840232345,1.0218652607167498,0.9709627998256997
2015-01-21,0.9489560447295998,1.0256072173649995,1.0225911657300495,1.00830162232345,1.0426506827167497,0.9991649753951996
2015-01-22,0.9493924140969999,1.0265955592271996,1.0225911657300495,1.0092095745218,1.04353009290785,0.9998172884691994
2015-01-23,0.9493924140969999,1.0265955592271996,1.0225911657300495,1.0092095745218,1.0315379644818496,0.9998172884691994
2015-01-26,0.9493924140969999,1.0265955592271996,1.0225911657300495,1.0092095745218,1.0324369355097498,0.9998172884691994
2015-01-27,0.9493924140969999,1.0265955592271996,1.0225911657300495,1.0092095745218,1.0324369355097498,0.9998172884691994
2015-01-28,0.9493924140969999,1.0265955592271996,1.0225911657300495,1.0092095745218,1.0324369355097498,0.9998172884691994
2015-01-29,0.9493924140969999,1.0265955592271996,1.0225911657300495,1.0092095745218,1.0324369355097498,0.9998172884691994
2015-01-30,0.9493924140969999,1.0265955592271996,1.0225911657300495,1.0092095745218,1.0324369355097498,0.9998172884691994
2015-02-02,0.9493924140969999,1.0265955592271996,1.0225911657300495,1.0092095745218,1.0324369355097498,0.9998172884691994
2015-02-03,0.9493924140969999,1.0265955592271996,1.0225911657300495,1.0092095745218,1.0324369355097498,0.9998172884691994
2015-02-04,0.9493924140969999,1.0265955592271996,1.0225911657300495,1.0092095745218,1.0324369355097498,0.9998172884691994
2015-02-05,0.9493924140969999,1.0265955592271996,1.0225911657300495,1.0092095745218,1.0324369355097498,0.9998172884691994
2015-02-06,0.9493924140969999,1.0265955592271996,1.0225911657300495,1.0092095745218,1.0324369355097498,0.9998172884691994
2015-02-09,0.9493924140969999,1.0265955592271996,1.0225911657300495,1.0092095745218,1.0324369355097498,0.9998172884691994
2015-02-10,0.9493924140969999,1.0265955592271996,1.0225911657300495,1.0092095745218,1.0324369355097498,0.9998172884691994
2015-02-11,0.9493924140969999,1.0265955592271996,1.0225911657300495,1.0092095745218,1.0324369355097498,0.9998172884691994
2015-02-12,0.9493924140969999,1.0265955592271996,1.0225911657300495,1.0092095745218,1.0324369355097498,0.9998172884691994
2015-02-13,0.9493924140969999,1.0265955592271996,1.0225911657300495,1.0092095745218,1.0324369355097498,0.9998172884691994
2015-02-16,0.9493924140969999,1.0265955592271996,1.0225911657300495,1.0092095745218,1.0324369355097498,0.9998172884691994
2015-02-17,0.9493924140969999,1.0265955592271996,1.0225911657300495,1.0092095745218,1.0324369355097498,0.9998172884691994
2015-02-25,0.9493924140969999,1.0265955592271996,1.0225911657300495,1.0092095745218,1.0324369355097498,0.9998172884691994
2015-02-26,0.9493924140969999,1.0265955592271996,1.0225911657300495,1.0092095745218,1.0324369355097498,0.9998172884691994
2015-02-27,0.9512744213002996,1.0306315540610493,1.0225911657300495,1.0092095745218,1.0324369355097498,1.0057832123207493
2015-03-02,0.9592726375654997,1.0374480806263993,1.0225911657300495,1.0092095745218,1.0324369355097498,1.0133208064575494
2015-03-03,0.9400614809997496,1.0202441965003992,0.9953807360432995,1.0081372373322002,1.0288520153671996,1.0018274887315493
2015-03-04,0.9417275075863994,1.020443992782799,0.9981597506337995,1.0073370478598,1.0280542893538998,1.0023666889315492
2015-03-05,0.9417275075863994,1.020443992782799,0.9981597506337995,1.0073370478598,1.0280542893538998,1.0023666889315492
2015-03-06,0.9355128079895995,1.018140424287199,0.9983203448787992,1.0073370478598,1.0280542893538998,1.0023666889315492
2015-03-09,0.9276492982103994,1.012690437097799,0.9900241548297992,1.0073370478598,1.0280542893538998,1.0023666889315492
2015-03-10,0.9267136636123994,1.0116127557335488,0.9823280138542992,1.0172245270481002,1.0280542893538998,1.0080497745831494
2015-03-11,0.9276171511286494,1.0125437519298488,0.9845718663027991,1.0168594963442001,1.0280542893538998,1.0087469341504494
2015-03-12,0.9276171511286494,1.0125437519298488,0.9845718663027991,1.0168594963442001,1.0280542893538998,1.0087469341504494
2015-03-13,0.9276171511286494,1.0125437519298488,0.9845718663027991,1.0168594963442001,1.0280542893538998,1.0087469341504494
2015-03-16,0.9276171511286494,1.0125437519298488,0.9845718663027991,1.0168594963442001,1.0280542893538998,1.0087469341504494
2015-03-17,0.9276171511286494,1.0125437519298488,0.9845718663027991,1.0168594963442001,1.0280542893538998,1.0087469341504494
2015-03-18,0.9276171511286494,1.0125437519298488,0.9845718663027991,1.0168594963442001,1.0280542893538998,1.0087469341504494
2015-03-19,0.9276171511286494,1.0125437519298488,0.9845718663027991,1.0168594963442001,1.0280542893538998,1.0087469341504494
2015-03-20,0.9276171511286494,1.0125437519298488,0.9845718663027991,1.0168594963442001,1.0280542893538998,1.0087469341504494
2015-03-23,0.9276171511286494,1.0125437519298488,0.9845718663027991,1.0168594963442001,1.0280542893538998,1.0087469341504494
2015-03-24,0.9276171511286494,1.0125437519298488,0.9845718663027991,1.0168594963442001,1.0280542893538998,1.0087469341504494
2015-03-25,0.9276171511286494,1.0125437519298488,0.9845718663027991,1.0168594963442001,1.0280542893538998,1.0087469341504494
2015-03-26,0.9276171511286494,1.0125437519298488,0.9845718663027991,1.0168594963442001,1.0280542893538998,1.0087469341504494
2015-03-27,0.9276171511286494,1.0125437519298488,0.9845718663027991,1.0168594963442001,1.0280542893538998,1.0087469341504494
2015-03-30,0.9276171511286494,1.0125437519298488,0.9845718663027991,1.0168594963442001,1.0280542893538998,1.0087469341504494
2015-03-31,0.9276171511286494,1.0125437519298488,0.9845718663027991,1.0168594963442001,1.0280542893538998,1.0087469341504494
2015-04-01,0.9276171511286494,1.0125437519298488,0.9845718663027991,1.0168594963442001,1.0280542893538998,1.0087469341504494
2015-04-02,0.9276171511286494,1.0125437519298488,0.9845718663027991,1.0168594963442001,1.0280542893538998,1.0087469341504494
2015-04-03,0.9276171511286494,1.0125437519298488,0.9845718663027991,1.0168594963442001,1.0280542893538998,1.0087469341504494
2015-04-07,0.9276171511286494,1.0125437519298488,0.9845718663027991,1.0168594963442001,1.0280542893538998,1.0087469341504494
2015-04-08,0.9276171511286494,1.0125437519298488,0.9845718663027991,1.0168594963442001,1.0280542893538998,1.0087469341504494
2015-04-09,0.9276171511286494,1.0125437519298488,0.9845718663027991,1.0168594963442001,1.0280542893538998,1.0087469341504494
2015-04-10,0.9276171511286494,1.0125437519298488,0.9845718663027991,1.0168594963442001,1.0280542893538998,1.0087469341504494
2015-04-13,0.9276171511286494,1.0125437519298488,0.9845718663027991,1.0168594963442001,1.0280542893538998,1.0087469341504494
2015-04-14,0.9276171511286494,1.0125437519298488,0.9845718663027991,1.0168594963442001,1.0280542893538998,1.0087469341504494
2015-04-15,0.9276171511286494,1.0125437519298488,0.9845718663027991,1.0168594963442001,1.0280542893538998,1.0087469341504494
2015-04-16,0.9276171511286494,1.0125437519298488,0.9845718663027991,1.0168594963442001,1.0280542893538998,1.0087469341504494
2015-04-17,0.9276171511286494,1.0125437519298488,0.9845718663027991,1.0168594963442001,1.0280542893538998,1.0087469341504494
2015-04-20,0.9276171511286494,1.0125437519298488,0.9845718663027991,1.0168594963442001,1.0280542893538998,1.0087469341504494
2015-04-21,0.9276171511286494,1.0125437519298488,0.9845718663027991,1.0168594963442001,1.0280542893538998,1.0087469341504494
2015-04-22,0.9276171511286494,1.0125437519298488,0.9845718663027991,1.0168594963442001,1.0280542893538998,1.0087469341504494
2015-04-23,0.9276171511286494,1.0125437519298488,0.9845718663027991,1.0168594963442001,1.0280542893538998,1.0087469341504494
2015-04-24,0.9276171511286494,1.0125437519298488,0.983684329234799,1.0286347900417998,1.0415260872283996,1.0087469341504494
2015-04-27,0.9379536954018993,1.0317935132473985,0.993908937107299,1.0387851247108,1.0493382361693997,1.0142215156944492
2015-04-28,0.9385397293211496,1.0316936002756487,0.9856003083022989,1.0387851247108,1.0493382361693997,1.0152203609584491
2015-04-29,0.9385397293211496,1.0316936002756487,0.9813096249922989,1.0387851247108,1.0799172627779996,1.0152203609584491
2015-04-30,0.9385397293211496,1.0316936002756487,0.9813096249922989,1.0387851247108,1.0849455366539997,1.0152203609584491
2015-05-04,0.9385397293211496,1.0316936002756487,0.9813096249922989,1.0387851247108,1.0849455366539997,1.0152203609584491
2015-05-05,0.9385397293211496,1.0316936002756487,0.9813096249922989,1.0018130042330997,1.0568222279264996,1.0152203609584491
2015-05-06,0.9236729465218496,1.0118514029457986,0.9698081710590989,1.0042554333079998,1.0592661231389993,1.0010599150192492
2015-05-07,0.9169691477364497,1.0042034783741987,0.9628167194534989,1.0042554333079998,1.0592661231389993,0.9951008497914493
2015-05-08,0.9169691477364497,1.0042034783741987,0.9628167194534989,1.0042554333079998,1.0592661231389993,0.9951008497914493
2015-05-11,0.9169691477364497,1.0042034783741987,0.9628167194534989,1.0042554333079998,1.0592661231389993,0.9951008497914493
2015-05-12,0.9169691477364497,1.0042034783741987,0.9628167194534989,1.0042554333079998,1.0592661231389993,0.9951008497914493
2015-05-13,0.9169691477364497,1.0042034783741987,0.9485965134993486,1.0042554333079998,1.0592661231389993,0.9951008497914493
2015-05-14,0.9134995172459497,1.0053116271445985,0.9468993493201489,1.0042554333079998,1.0592661231389993,0.9946615897548491
2015-05-15,0.9114185542754497,1.0025306458088987,0.9468993493201489,1.0042554333079998,1.0592661231389993,0.9917581704514492
2015-05-18,0.9099127031528496,1.0036899556943983,0.9360498905857485,1.0042554333079998,1.0592661231389993,0.9917581704514492
2015-05-19,0.9102711533339495,1.0040744489216984,0.9354266624269487,1.0042554333079998,1.0592661231389993,0.9917581704514492
2015-05-20,0.9102711533339495,1.0040744489216984,0.9354266624269487,1.0042554333079998,1.0592661231389993,0.9917581704514492
2015-05-21,0.9102711533339495,1.0040744489216984,0.9354266624269487,1.0042554333079998,1.0592661231389993,0.9917581704514492
2015-05-22,0.9102711533339495,1.0040744489216984,0.9354266624269487,1.0042554333079998,1.0592661231389993,0.9917581704514492
2015-05-25,0.9102711533339495,1.0040744489216984,0.9354266624269487,1.0042554333079998,1.0592661231389993,0.9917581704514492
2015-05-26,0.9102711533339495,1.0040744489216984,0.9354266624269487,1.0042554333079998,1.0592661231389993,0.9917581704514492
2015-05-27,0.9102711533339495,1.0040744489216984,0.9354266624269487,1.0042554333079998,1.0592661231389993,0.9917581704514492
2015-05-28,0.9102711533339495,1.0040744489216984,0.9354266624269487,1.0042554333079998,1.0592661231389993,0.9917581704514492
2015-05-29,0.9102711533339495,1.0040744489216984,0.9354266624269487,1.0042554333079998,1.0592661231389993,0.9917581704514492
2015-06-01,0.9102711533339495,1.0040744489216984,0.9354266624269487,1.0042554333079998,1.0592661231389993,0.9917581704514492
2015-06-02,0.9102711533339495,1.0040744489216984,0.9354266624269487,1.0042554333079998,1.0592661231389993,0.9917581704514492
2015-06-03,0.9102711533339495,1.0040744489216984,0.9354266624269487,1.0042554333079998,1.0592661231389993,0.9917581704514492
2015-06-04,0.9102711533339495,1.0040744489216984,0.9354266624269487,1.0042554333079998,1.0592661231389993,0.9917581704514492
2015-06-05,0.9102711533339495,1.0040744489216984,0.9225682677968985,1.0042554333079998,1.0592661231389993,0.9917581704514492
2015-06-08,0.9102711533339495,1.0040744489216984,0.9307555018858487,1.0042554333079998,1.0592661231389993,0.9917581704514492
2015-06-09,0.9102711533339495,1.0040744489216984,0.9307555018858487,1.0042554333079998,1.0592661231389993,0.9917581704514492
2015-06-10,0.9102711533339495,1.0040744489216984,0.9307555018858487,1.0042554333079998,1.0592661231389993,0.9917581704514492
2015-06-11,0.9102711533339495,1.0040744489216984,0.9307555018858487,1.0042554333079998,1.0592661231389993,0.9917581704514492
2015-06-12,0.9111275467423994,1.0084103516360232,0.9266983387290885,1.0042554333079998,1.0592661231389993,0.998739119370199
2015-06-15,0.9142037983904993,1.0098322989036732,0.9291697376799885,1.0042554333079998,1.0592661231389993,1.0020444430183242
2015-06-16,0.9142037983904993,1.0098322989036732,0.9291697376799885,1.0042554333079998,1.0592661231389993,1.0020444430183242
2015-06-17,0.9260412201176992,1.0256147040746832,0.9329641204725383,1.0257393828625199,1.0850079458696242,1.020497240437864
2015-06-18,0.9202988143634991,1.0202340092128632,0.9245672040066885,1.0249196265335598,1.0837215347718745,1.017165071393704
2015-06-19,0.880470436403219,0.9741718989369331,0.9245672040066885,0.9773813341757348,1.0409397694376192,0.9737199436922039
2015-06-23,0.881165367910139,0.9725613158337831,0.9548889002999483,0.9737808913447249,1.0353382220610146,0.9713361276674038
2015-06-24,0.881165367910139,0.9725613158337831,0.9568398243982634,0.9737808913447249,1.0353382220610146,0.9713361276674038
2015-06-25,0.881165367910139,0.9725613158337831,0.9176940957929284,0.9367450150825648,0.9892352357323845,0.9319939909251437
2015-06-26,0.881165367910139,0.9725613158337831,0.8961421788376333,0.9051624783570649,0.9543908053481593,0.9022803287340138
2015-06-29,0.881165367910139,0.9725613158337831,0.8961421788376333,0.8291363077952998,0.8728573722637593,0.8374412972978837
2015-06-30,0.881165367910139,0.9725613158337831,0.8961421788376333,0.8113166776588399,0.8437060854473594,0.8212747236734538
2015-07-01,0.8499970630287836,0.9355123816622332,0.8683981512861682,0.7747075061628796,0.8437060854473594,0.7878545676893037
2015-07-02,0.8567770407569438,0.9365049711307831,0.8781374380613781,0.7706895787732798,0.7942544704423492,0.7870754855302537
2015-07-03,0.8567770407569438,0.9365049711307831,0.8781374380613781,0.7706895787732798,0.7580313279952192,0.7870754855302537
2015-07-06,0.8567770407569438,0.9365049711307831,0.8781374380613781,0.7706895787732798,0.7580313279952192,0.7870754855302537
2015-07-07,0.8567770407569438,0.954885536474783,0.8781374380613781,0.7706895787732798,0.7580313279952192,0.7870754855302537
2015-07-08,0.8567770407569438,0.888262481168543,0.8781374380613781,0.7893415911637597,0.7633222809569092,0.7936165356225787
2015-07-09,0.8567770407569438,0.888262481168543,0.8781374380613781,0.7800320940503398,0.7478718285854493,0.7820566548432436
2015-07-10,0.8981309778723536,0.888262481168543,0.9256293069502382,0.7800320940503398,0.7478718285854493,0.8081640936852436
2015-07-13,0.903592938525194,0.8997456432244928,0.9118682035956683,0.7800320940503398,0.7478718285854493,0.8259489275164936
2015-07-14,0.903592938525194,0.8968960869831827,0.8927073928055633,0.7804164219919196,0.7498927144510491,0.8200928062264236
2015-07-15,0.903592938525194,0.8807616505385177,0.8805761302071434,0.7354938948919196,0.718271602451049,0.7858081956264235
2015-07-16,0.903592938525194,0.8697284955575927,0.8805761302071434,0.7526668308919198,0.726137490451049,0.7949230924264236
2015-07-17,0.903592938525194,0.8697284955575927,0.8805761302071434,0.7576048551292196,0.7297026205802492,0.7996523458928035
2015-07-20,0.903592938525194,0.8792097336711925,0.8805761302071434,0.7660824927599995,0.743265954813624,0.8064788614008435
2015-07-21,0.903592938525194,0.8675931210437928,0.8805761302071434,0.7758554001599994,0.759989177313624,0.8151015596008435
2015-07-22,0.903592938525194,0.8675931210437928,0.8805761302071434,0.7744904754164695,0.7613803940687491,0.8137386453722784
2015-07-23,0.923394006288594,0.8675931210437928,0.8805761302071434,0.7947554285290895,0.783589856191599,0.8343949603551682
2015-07-24,0.924208715503459,0.8561553422644429,0.8805761302071434,0.7830790645290895,0.775932898591599,0.8224309951551684
2015-07-27,0.861280812378334,0.783631884264443,0.8805761302071434,0.7660009571671696,0.7599744548941589,0.8060257155532582
2015-07-28,0.832410849502459,0.7515120962662428,0.8805761302071434,0.7795899696234546,0.773023209113324,0.826062458438483
2015-07-29,0.8518172844470588,0.7715663903980379,0.8805761302071434,0.7912013142021646,0.7854262552991089,0.835612727095988
2015-07-30,0.8485368995912589,0.7683294197412577,0.8805761302071434,0.7733628967025142,0.7676208786778489,0.8155666025824879
2015-07-31,0.8572679999966989,0.7699066142370578,0.8805761302071434,0.7625466148982744,0.7531431162683238,0.8042906445087379
2015-08-03,0.8458009223808589,0.7595582660520576,0.8805761302071434,0.7558635964792744,0.7241282599827236,0.7993105781457979
2015-08-04,0.8722468350850588,0.7875949309009426,0.8805761302071434,0.7565327660412744,0.7237460796184237,0.7990416931079329
2015-08-05,0.854370603085059,0.7746428665009426,0.8658032274593234,0.7474916352697493,0.7202192721669486,0.7890068151844076
2015-08-06,0.8466599990850588,0.7677387396009426,0.8536573387238233,0.7304007754648493,0.7035433705980836,0.7841590156844078
2015-08-07,0.8541396109016588,0.7850157873009426,0.8536573387238233,0.7430712029309492,0.7231748682690835,0.7914160898646578
2015-08-10,0.8835804279958988,0.7936391680789326,0.8838742609552432,0.7514970396777092,0.7319863023938336,0.8198261932272276
2015-08-11,0.8797582215958987,0.7933399753328074,0.882154502033843,0.7543226163230641,0.7361856317362735,0.8213537872272277
2015-08-12,0.8707727185744988,0.7838401155236825,0.882154502033843,0.7459590201396392,0.7288595510527134,0.8128166986201176
2015-08-13,0.8707727185744988,0.7838401155236825,0.882154502033843,0.7678009047941191,0.7552045530960634,0.8128166986201176
2015-08-14,0.8707727185744988,0.7838401155236825,0.882154502033843,0.7735018473072142,0.7617854465352986,0.8128166986201176
2015-08-17,0.8707727185744988,0.7838401155236825,0.882154502033843,0.7735018473072142,0.7617854465352986,0.8128166986201176
2015-08-18,0.8707727185744988,0.7838401155236825,0.882154502033843,0.7735018473072142,0.7617854465352986,0.8128166986201176
2015-08-19,0.8707727185744988,0.7838401155236825,0.882154502033843,0.7735018473072142,0.7617854465352986,0.8128166986201176
2015-08-20,0.8707727185744988,0.7838401155236825,0.882154502033843,0.7735018473072142,0.7617854465352986,0.8128166986201176
2015-08-21,0.8707727185744988,0.7838401155236825,0.882154502033843,0.7735018473072142,0.7617854465352986,0.8128166986201176
2015-08-24,0.8707727185744988,0.7838401155236825,0.882154502033843,0.7735018473072142,0.7617854465352986,0.8128166986201176
2015-08-25,0.8707727185744988,0.7838401155236825,0.882154502033843,0.7735018473072142,0.7617854465352986,0.8128166986201176
2015-08-26,0.8707727185744988,0.7838401155236825,0.882154502033843,0.7735018473072142,0.7617854465352986,0.8128166986201176
2015-08-27,0.8707727185744988,0.7838401155236825,0.882154502033843,0.7735018473072142,0.7617854465352986,0.8128166986201176
2015-08-28,0.8707727185744988,0.7838401155236825,0.882154502033843,0.8070990275534542,0.7617854465352986,0.8128166986201176
2015-08-31,0.8707727185744988,0.7838401155236825,0.882154502033843,0.8009573099464943,0.7366414804254384,0.8128166986201176
2015-09-01,0.8707727185744988,0.7838401155236825,0.882154502033843,0.7591811002527442,0.7271673481629785,0.8128166986201176
2015-09-02,0.8707727185744988,0.7838401155236825,0.882154502033843,0.7232796473299042,0.7328913210530285,0.8128166986201176
2015-09-07,0.8707727185744988,0.7838401155236825,0.882154502033843,0.7180524955221642,0.7493641578530285,0.8128166986201176
2015-09-08,0.8707727185744988,0.7838401155236825,0.882154502033843,0.7448831215221642,0.7860874422530284,0.8128166986201176
2015-09-09,0.8707727185744988,0.7838401155236825,0.882154502033843,0.7653167651221642,0.8172207084530285,0.8128166986201176
2015-09-10,0.8707727185744988,0.7838401155236825,0.882154502033843,0.7516935534845042,0.8043275591060884,0.8128166986201176
2015-09-11,0.8707727185744988,0.7838401155236825,0.882154502033843,0.7516935534845042,0.8043275591060884,0.8128166986201176
2015-09-14,0.8707727185744988,0.7838401155236825,0.882154502033843,0.7516935534845042,0.8043275591060884,0.8128166986201176
2015-09-15,0.8707727185744988,0.7838401155236825,0.882154502033843,0.7516935534845042,0.8043275591060884,0.8128166986201176
2015-09-16,0.8707727185744988,0.7838401155236825,0.882154502033843,0.7516935534845042,0.8043275591060884,0.8128166986201176
2015-09-17,0.8707727185744988,0.7838401155236825,0.882154502033843,0.7516935534845042,0.8043275591060884,0.8128166986201176
2015-09-18,0.8707727185744988,0.7838401155236825,0.882154502033843,0.7516935534845042,0.8043275591060884,0.8128166986201176
2015-09-21,0.8707727185744988,0.7838401155236825,0.882154502033843,0.7516935534845042,0.8043275591060884,0.8128166986201176
2015-09-22,0.8707727185744988,0.7838401155236825,0.882154502033843,0.7516935534845042,0.8043275591060884,0.8128166986201176
2015-09-23,0.8707727185744988,0.7838401155236825,0.882154502033843,0.7516935534845042,0.8043275591060884,0.8128166986201176
2015-09-24,0.8707727185744988,0.7838401155236825,0.882154502033843,0.7516935534845042,0.8043275591060884,0.8128166986201176
2015-09-25,0.8707727185744988,0.7838401155236825,0.882154502033843,0.7516935534845042,0.8043275591060884,0.8128166986201176
2015-09-28,0.8707727185744988,0.7838401155236825,0.882154502033843,0.7516935534845042,0.8043275591060884,0.8128166986201176
2015-09-29,0.8707727185744988,0.7838401155236825,0.882154502033843,0.7516935534845042,0.8043275591060884,0.8128166986201176
2015-09-30,0.8707727185744988,0.7838401155236825,0.882154502033843,0.7516935534845042,0.8015458687037833,0.8128166986201176
2015-10-08,0.8707727185744988,0.7838401155236825,0.882154502033843,0.7516935534845042,0.8354091478037833,0.8128166986201176
2015-10-09,0.8707727185744988,0.7928130305777525,0.882154502033843,0.7516935534845042,0.8342026608217482,0.8128166986201176
2015-10-12,0.8707727185744988,0.8188362197777526,0.882154502033843,0.7516935534845042,0.8639823510362132,0.8128166986201176
2015-10-13,0.8707727185744988,0.8123632597548877,0.882154502033843,0.7516935534845042,0.8562906494600632,0.8128166986201176
2015-10-14,0.8707727185744988,0.8078998702212976,0.882154502033843,0.7516935534845042,0.8486760889788979,0.8128166986201176
2015-10-15,0.8919161434414237,0.8059490260042226,0.882154502033843,0.7779202227656241,0.8427672693442129,0.8377799042110775
2015-10-16,0.8973161311393986,0.8137286326496026,0.882154502033843,0.7834521881937042,0.8498821880339876,0.8431193529281975
2015-10-19,0.8973161311393986,0.8160625527144827,0.882154502033843,0.7834521881937042,0.8515254838832628,0.8431193529281975
2015-10-20,0.9098379549018983,0.8274563020012776,0.891375433670048,0.7976397219337841,0.8704622347799376,0.8576347897543275
2015-10-21,0.9104978403817183,0.8281109100283577,0.891864444442088,0.7971938271826542,0.8703263590012126,0.8576908461466675
2015-10-22,0.9291220853904331,0.8281109100283577,0.891864444442088,0.7971938271826542,0.8703263590012126,0.8576908461466675
2015-10-23,0.9322197187538082,0.8365337326283325,0.895320959743928,0.7971938271826542,0.8898459447695325,0.8712688085978674
2015-10-26,0.9255419835801432,0.8452796452886077,0.9039001936808029,0.7971938271826542,0.9006210684594526,0.8815238560131173
2015-10-27,0.9203125688366132,0.8452796452886077,0.9039001936808029,0.7971938271826542,0.9006210684594526,0.8815238560131173
2015-10-28,0.9203125688366132,0.8452796452886077,0.9039001936808029,0.7971938271826542,0.9006210684594526,0.8815238560131173
2015-10-29,0.9203125688366132,0.8452796452886077,0.9039001936808029,0.7971938271826542,0.9006210684594526,0.8815238560131173
2015-10-30,0.9203125688366132,0.8452796452886077,0.9039001936808029,0.7971938271826542,0.9006210684594526,0.8815238560131173
2015-11-02,0.9203125688366132,0.8452796452886077,0.9039001936808029,0.7971938271826542,0.9006210684594526,0.8815238560131173
2015-11-03,0.9150980914533331,0.8452796452886077,0.9039001936808029,0.7971938271826542,0.9006210684594526,0.8815238560131173
2015-11-04,0.918040351949013,0.8452796452886077,0.9039001936808029,0.7971938271826542,0.9006210684594526,0.8815238560131173
2015-11-05,0.918040351949013,0.8452796452886077,0.9039001936808029,0.7971938271826542,0.9006210684594526,0.8815238560131173
2015-11-06,0.918040351949013,0.8632963576070076,0.9039001936808029,0.8147305287039343,0.9006210684594526,0.9031250275113923
2015-11-09,0.9285012083409329,0.8627989876682077,0.9154463242666379,0.8112204274818893,0.9006210684594526,0.9008187845127873
2015-11-10,0.9202452230746581,0.8627989876682077,0.9045418362450278,0.8112204274818893,0.9006210684594526,0.9008187845127873
2015-11-11,0.9202452230746581,0.8627989876682077,0.9045418362450278,0.8211699426211093,0.9176225708597023,0.9008187845127873
2015-11-12,0.9090146702816979,0.8627989876682077,0.8912393188546178,0.8240120999134792,0.9208111161564526,0.9008187845127873
2015-11-13,0.8995304020539581,0.8627989876682077,0.8831188728854727,0.8240120999134792,0.9208111161564526,0.9008187845127873
2015-11-16,0.919255091156618,0.8832872360029276,0.8966215623333925,0.8547388882375792,0.9208111161564526,0.9304209103259073
2015-11-17,0.925533537161358,0.8887710392630278,0.9019485706036227,0.8621146564951293,0.9208111161564526,0.9383064628981472
2015-11-18,0.9143553049534079,0.8796361345268877,0.8958939380338127,0.8476069494099293,0.9035604730199075,0.9242946577294971
2015-11-19,0.9166882599016081,0.8808101285924878,0.8977525611999128,0.8503981406771294,0.9057900186518574,0.9267371631254971
2015-11-20,0.915461844401518,0.8830373405641826,0.8977525611999128,0.8573116671516393,0.9204387668595772,0.932787213231347
2015-11-23,0.915337488989238,0.8829941764802577,0.8977525611999128,0.8583375067639493,0.9209569925952971,0.9333466102660769
2015-11-24,0.917183626147618,0.8861020178830076,0.8977525611999128,0.8647446807855491,0.932883935481322,0.9401001982809569
2015-11-25,0.915550908953578,0.8854683228803326,0.8977525611999128,0.8651430905021991,0.9337524563058719,0.9396104422424368
2015-11-26,0.915550908953578,0.8854683228803326,0.8977525611999128,0.8651430905021991,0.9337524563058719,0.9396104422424368
2015-11-27,0.870980828447298,0.8413571289662725,0.8594419849135926,0.8651430905021991,0.9337524563058719,0.8893384090369518
2015-11-30,0.870337733873298,0.8406341622696125,0.8558657386109526,0.867367337489954,0.9397319554507617,0.889318083179712
2015-12-01,0.8773754386125379,0.8438917901216926,0.8596501707822123,0.8667159761043441,0.9381606954746818,0.8926110942772119
2015-12-02,0.8762831570843779,0.8422940679468924,0.8582745181332423,0.864540799246104,0.9381606954746818,0.890698048763422
2015-12-03,0.8855332167241179,0.8422940679468924,0.8650057202981373,0.8652654068494241,0.9381606954746818,0.9068340229723819
2015-12-04,0.8784242689475978,0.8422940679468924,0.8567822262647071,0.8652654068494241,0.9387551281753919,0.9017875952608618
2015-12-07,0.8797269292809078,0.8422940679468924,0.8557595593308871,0.8652654068494241,0.940866054446742,0.9017875952608618
2015-12-08,0.8751289773464577,0.8422940679468924,0.8506667575239271,0.8652654068494241,0.9285689313924418,0.9017875952608618
2015-12-09,0.8751289773464577,0.8422940679468924,0.8548095362037271,0.8657405595092891,0.9233700749363817,0.9017875952608618
2015-12-10,0.8751289773464577,0.8422940679468924,0.8546275424733271,0.8656205697825491,0.9242679371682017,0.9017875952608618
2015-12-11,0.8751289773464577,0.8422940679468924,0.8528940181480669,0.8656205697825491,0.9212144604843419,0.9017875952608618
2015-12-14,0.9085330939993777,0.8711069079310674,0.8792708777480669,0.8912219654490391,0.9465432745201768,0.9308862602154618
2015-12-15,0.9075210406667377,0.8703486379627673,0.8679560105480669,0.8920033543094941,0.9613829962201769,0.9310001431976117
2015-12-16,0.9028689140857578,0.8703486379627673,0.869798546583407,0.8926577104061939,0.9650607338205118,0.9312289014945216
2015-12-17,0.9094048402169777,0.8816255130895672,0.875809931733617,0.897393180156044,0.9872872419225517,0.9369082828935766
2015-12-18,0.9094048402169777,0.8802490838035673,0.874784283041747,0.897393180156044,0.9869938303516919,0.9369082828935766
2015-12-21,0.9343010284104274,0.8982945891646671,0.905218222332747,0.897393180156044,0.9964436104321918,0.9369082828935766
2015-12-22,0.9356389845858024,0.8990254801336671,0.904935446514207,0.897393180156044,0.9985643821169219,0.9411778258516166
2015-12-23,0.9356389845858024,0.8946611960278671,0.9068606331295471,0.8874719916056839,0.9819360636598216,0.9414377274314767
2015-12-24,0.9285456450925623,0.893352304578167,0.905171752805427,0.8858681419470139,0.9783221775986616,0.9393586945090265
2015-12-25,0.9290557538106923,0.8966418238774669,0.9081954467332269,0.8858681419470139,0.9850315757905214,0.9402771668877515
2015-12-28,0.9290557538106923,0.8984473036360169,0.9104049568742469,0.8858681419470139,0.9884258406804465,0.9402771668877515
2015-12-29,0.9290557538106923,0.9072894857865167,0.9192994655485318,0.8858681419470139,1.0027733309205764,0.9402771668877515
2015-12-30,0.9290557538106923,0.9079143233354168,0.9188993827942269,0.8858681419470139,1.0049168865131763,0.9402771668877515
2015-12-31,0.9215617732567823,0.8998318985427166,0.9164900782332067,0.8858681419470139,0.9867382980790363,0.9275056259006015
2016-01-04,0.9201577335666923,0.8990385325018166,0.914925629338387,0.8858681419470139,0.9851101979323365,0.9261209190691265
2016-01-05,0.9201577335666923,0.9244916536621665,0.9385818864183868,0.8858681419470139,1.0182798982419214,0.9261209190691265
2016-01-06,0.9351739054732524,0.9453219026621665,0.9506907444183869,0.8858681419470139,1.0458354584419214,0.9442418870440266
2016-01-07,0.9195502607372124,0.8787704246621665,0.8944971284183869,0.8858681419470139,0.9545561338419214,0.9271783969084267
2016-01-08,0.9195502607372124,0.8981998342184165,0.9127637266812867,0.8858681419470139,0.9566705822419213,0.9271783969084267
2016-01-11,0.8886449538413921,0.8651328637247164,0.8864551298370865,0.8858681419470139,0.8848596080419212,0.8878499996962467
2016-01-12,0.8947307287056123,0.8668937657247163,0.8911090164370867,0.8858681419470139,0.8830232526419214,0.8888081967944467
2016-01-13,0.8947307287056123,0.8459402617247165,0.8802989930370867,0.8858681419470139,0.8453767043419214,0.8888081967944467
2016-01-14,0.8947307287056123,0.8242102370226164,0.8596466324868365,0.8858681419470139,0.8144293613989414,0.8888081967944467
2016-01-15,0.8947307287056123,0.8242102370226164,0.8398210585710366,0.8858681419470139,0.8144293613989414,0.8888081967944467
2016-01-18,0.8947307287056123,0.8242102370226164,0.8273357343822366,0.8858681419470139,0.8144293613989414,0.8888081967944467
2016-01-19,0.8947307287056123,0.8242102370226164,0.8273357343822366,0.8858681419470139,0.8144293613989414,0.8888081967944467
2016-01-20,0.8947307287056123,0.8242102370226164,0.8273357343822366,0.8858681419470139,0.8144293613989414,0.8888081967944467
2016-01-21,0.8947307287056123,0.8242102370226164,0.8273357343822366,0.8858681419470139,0.8144293613989414,0.8888081967944467
2016-01-22,0.8947307287056123,0.8242102370226164,0.8273357343822366,0.8858681419470139,0.8144293613989414,0.8888081967944467
2016-01-25,0.8947307287056123,0.8242102370226164,0.8273357343822366,0.8858681419470139,0.8144293613989414,0.8888081967944467
2016-01-26,0.8947307287056123,0.8242102370226164,0.8273357343822366,0.8858681419470139,0.8144293613989414,0.8888081967944467
2016-01-27,0.8947307287056123,0.8242102370226164,0.8273357343822366,0.8858681419470139,0.8144293613989414,0.8888081967944467
2016-01-28,0.8947307287056123,0.8242102370226164,0.8273357343822366,0.8858681419470139,0.8144293613989414,0.8888081967944467
2016-01-29,0.9229206230654272,0.8503581393116163,0.8521575980475464,0.9204553823650938,0.8504181211734914,0.9216620462870017
2016-02-01,0.9205759538327323,0.8481801885556163,0.8508270010447715,0.9185503647241339,0.8471856536652664,0.9189704424217917
2016-02-02,0.9393962662573123,0.8674534014061162,0.8658013865975113,0.9486507255567537,0.8795204409885464,0.9456769708432317
2016-02-03,0.9353719195573122,0.8578761615346162,0.8561104725747065,0.9526301347567537,0.8682816017528865,0.9469843244432313
2016-02-04,0.9468223399573122,0.8669506082318161,0.8609396827513867,0.9714418458567539,0.8846218710294564,0.9637882892432316
2016-02-05,0.9401747231573123,0.8614984672318162,0.8592638281365665,0.9617601400567539,0.8868858495848714,0.9551807532432316
2016-02-15,0.9347594755573122,0.8369500728011662,0.8734045612706466,0.9624095563567537,0.9215124884814763,0.9533417804432316
2016-02-16,0.9395259420607074,0.8604562713856161,0.8775914854028065,1.0020390930567538,0.9623561563814764,0.9579400052307515
2016-02-17,0.9484172892799372,0.8697786723856161,0.8848191147209016,1.0136795088567538,0.9781298919814764,0.970432925225796
2016-02-18,0.9454442766799372,0.8684318373856161,0.8882447711363265,1.011265884656754,0.9750350708814765,0.9678792692257961
2016-02-19,0.9435241533821422,0.8658814149988161,0.8875342950477964,1.0081691025301986,0.9825459105814764,0.9649404212607363
2016-02-22,0.954038238470267,0.8772863843785159,0.8967145126137964,1.0159941846202085,0.9956092614031513,0.9739778648690313
2016-02-23,0.945039426970267,0.8701570283785159,0.8869464547903914,1.0104792164202083,0.9886966678662711,0.9669585563690313
2016-02-24,0.9511949979702671,0.877800963378516,0.8921318093903913,1.0172093378202083,0.9895589292662711,0.9715617419690312
2016-02-25,0.8930024314702671,0.8216933143785159,0.8445920651903912,0.9367009148202085,0.9114345040662711,0.9027870239690314
2016-02-26,0.901932983970267,0.8294568493785159,0.8507395433968413,0.9435777222281083,0.9072138092662713,0.9057969908690314
2016-02-29,0.899221126176117,0.8256268919706158,0.8475390085443664,0.8986683366676381,0.9008646040714413,0.9012625104798062
2016-03-01,0.9144861004840769,0.8392536220716158,0.8599723960443664,0.9192429370676382,0.9209764456895662,0.9188873739865111
2016-03-02,0.915355679385957,0.8393110111012657,0.8630047074314913,0.9659216581676382,0.9182647239870662,0.9609212645865113
2016-03-03,0.9176284018989569,0.8428389818041654,0.867052697676281,0.9664809404795982,0.920014726730261,0.9607867029429963
2016-03-04,0.928268681898957,0.8470693478041654,0.8961692628762813,0.944032622143638,0.883319970030261,0.9514541334266462
2016-03-07,0.9326617469259569,0.8538880898041655,0.8900097086762812,0.9547660289518232,0.9049347254302611,0.9587465853904861
2016-03-08,0.9347792902119568,0.8550779078041656,0.8931683364762811,0.9567584191111981,0.913294784830261,0.9637766395294859
2016-03-09,0.9240495802119568,0.8436615938041656,0.8918013940762812,0.932455948611198,0.893002928630261,0.9466461195294859
2016-03-10,0.9064211902119568,0.8266595738041655,0.8705039824762812,0.916766164611198,0.878309689230261,0.929852969529486
2016-03-11,0.9079628002119567,0.8283003878041655,0.8744171462762812,0.9146267416111978,0.867261510003106,0.9290740375294859
2016-03-14,0.9142113696114569,0.8339900190997654,0.8781605453948311,0.924303485127198,0.867261510003106,0.9376537011219859
2016-03-15,0.9180787237927667,0.8368988948633651,0.8879920371574211,0.9188273484147179,0.867261510003106,0.9367167696072359
2016-03-16,0.9226241773927666,0.8386689988633652,0.9027666791574211,0.906353753414718,0.867261510003106,0.9332541223072359
2016-03-17,0.9245046404930466,0.8399975078615652,0.9021803275543712,0.910497424561428,0.867261510003106,0.9360075891817157
2016-03-18,0.9348738930587466,0.851285573483965,0.9024282796933213,0.937830159725778,0.8972323811311058,0.9576004787435155
2016-03-21,0.9576513078587465,0.8696173494839652,0.9244079739933212,0.9614143072257779,0.9223974111311061,0.9824181951435155
2016-03-22,0.9506991192587466,0.864018917483965,0.9159335386933212,0.9576481441257779,0.9207731731311058,0.9749507062679554
2016-03-23,0.9481871364186666,0.8615298269831652,0.9144944661809264,0.9541662085882578,0.9171902550913059,0.9848746320425753
2016-03-24,0.9392996642206665,0.8539614691799651,0.9043827038000113,0.9470630711444229,0.912080653039906,0.9763253697388155
2016-03-25,0.9376721133737413,0.8524600013399651,0.9040626733787114,0.9450759692012478,0.9089497160406059,0.9848295299227354
2016-03-28,0.9266619780235813,0.8437281139124652,0.8914526919336213,0.9330785198950977,0.8978585121673256,0.9893039409073655
2016-03-29,0.9269860404791413,0.8432839397737152,0.8933172961396514,0.9317326536048678,0.8950585890445256,0.9745188292481256
2016-03-30,0.9429582049451714,0.8601538835215151,0.9070426946677512,0.9557863730689425,0.9223092084419304,0.9826063132156054
2016-03-31,0.9466030722271465,0.8625192736772151,0.9106407661258511,0.9597935815356926,0.9261760908483505,0.9802299395152054
2016-04-01,0.9488782644037465,0.865961103038815,0.915149069624041,0.9588395231917525,0.9249495384245503,0.9767865448570054
2016-04-05,0.9456231270708864,0.863366008657915,0.908086475360011,0.9605925103533927,0.9261370872700003,0.9979781503081053
2016-04-06,0.9475134983856363,0.866306672482665,0.908196485713981,0.9697562173535575,0.9355832132574953,0.9936776508905554
2016-04-07,0.9499120178445863,0.8683692469921149,0.910921790331071,0.9553037608535576,0.9204194942574953,0.9759546006989555
2016-04-08,0.9485463296231063,0.8672990802921149,0.9100812764988508,0.9471892330224624,0.9113296543699452,0.9680952790989554
2016-04-11,0.9566541842862563,0.8815087902921149,0.9171172178707911,0.9588910203356623,0.9236290872960153,0.9763139284729552
2016-04-12,0.9538712795781362,0.8785186002921149,0.9153121401351109,0.9510588403356623,0.9220993226917152,0.9715070407246852
2016-04-13,0.9665795659781362,0.8909862802921149,0.9269925915351109,0.9649596355356623,0.9298741598943951,0.9848926941246853
2016-04-14,0.9708564699781361,0.8955462402921149,0.9302100417351109,0.9737192435356624,0.9412349748943952,0.9929628883246853
2016-04-15,0.9697829371781361,0.8943151902921149,0.9315728157351107,0.9710584987356623,0.941667073294395,0.9923827511246854
2016-04-18,0.9568322859781362,0.8814226602921149,0.9214184667351109,0.9553801243356624,0.9283911668943952,0.9785764045246854
2016-04-19,0.9597478267781362,0.884079930292115,0.923708983535111,0.9594881675356624,0.9324885226943952,0.9819768877246853
2016-04-20,0.9613321308777762,0.8861390587186149,0.9247109599875111,0.9629372177019423,0.9355437822341253,0.9843269038822353
2016-04-21,0.9613321308777762,0.8861390587186149,0.9247109599875111,0.9580535783891423,0.9275488058493603,0.9802907163513352
2016-04-22,0.9613321308777762,0.8861390587186149,0.9247109599875111,0.9514870856451424,0.9197708876045303,0.9735122986322102
2016-04-25,0.9613321308777762,0.8861390587186149,0.9247109599875111,0.9514870856451424,0.9181294413266753,0.9735122986322102
2016-04-26,0.9613321308777762,0.8861390587186149,0.9247109599875111,0.9514870856451424,0.9164376825095001,0.9735122986322102
2016-04-27,0.9613321308777762,0.8861390587186149,0.9247109599875111,0.9514870856451424,0.912616623310135,0.9735122986322102
2016-04-28,0.9613321308777762,0.8861390587186149,0.9247109599875111,0.9514870856451424,0.910447414310135,0.9735122986322102
2016-04-29,0.9613321308777762,0.8861390587186149,0.9247109599875111,0.9514870856451424,0.9091548487101351,0.9735122986322102
2016-05-03,0.9613321308777762,0.8861390587186149,0.9247109599875111,0.9514870856451424,0.90892054025276,0.9735122986322102
2016-05-04,0.9613321308777762,0.8861390587186149,0.9247109599875111,0.9514870856451424,0.9128981641142199,0.9735122986322102
2016-05-05,0.9613321308777762,0.8861390587186149,0.9247109599875111,0.9514870856451424,0.9110890727703999,0.9735122986322102
2016-05-06,0.9364363831371463,0.8608859494301148,0.9050559923966809,0.9135610836448471,0.8735290851450999,0.94010855415018
2016-05-09,0.9318342903971613,0.8557174242616148,0.9021897162389361,0.9055666012990473,0.8633828517320499,0.9322748107480051
2016-05-10,0.9359207247345213,0.8586991414994647,0.906596424992761,0.9071353017299671,0.8632549840931047,0.9343688315154048
2016-05-11,0.9400843695345212,0.8618889643792147,0.9092318845927609,0.9046885611299671,0.8551145697931049,0.9323236463154048
2016-05-12,0.9423122639345214,0.8690286126220145,0.9120399591927609,0.9051696869299672,0.8548892013931048,0.9214983084382248
2016-05-13,0.9396006593402013,0.8663501946220143,0.909633947889231,0.9032508085299672,0.8532590736931048,0.9210502968150397
2016-05-16,0.9488794119922114,0.8630587006495144,0.9155085411570008,0.8996864089890971,0.8700657400931047,0.9179909697242646
2016-05-17,0.9488029338911012,0.8607424697017144,0.9149120563120109,0.8958928784144172,0.8703024034169998,0.9157934394958444
2016-05-18,0.947585062042061,0.8559315412383142,0.9196560611345809,0.8884747207474972,0.8509997532870498,0.9090921171991895
2016-05-19,0.9450741686139411,0.8572035903270641,0.9166934433759607,0.8943091690337122,0.85708944128705,0.9127860000117395
2016-05-20,0.954369001946241,0.8628695753270641,0.9234904279798707,0.904697654933712,0.86729881628705,0.9205014840117395
2016-05-23,0.957160303946241,0.8684089853270641,0.9231778471798706,0.9167198200337121,0.8821986902870499,0.9297299970117394
2016-05-24,0.955783629095591,0.8670703548755642,0.9161921801798707,0.915096016053642,0.8804637976765,0.9281075242626394
2016-05-25,0.9492783837856908,0.8608580372850889,0.9185242650798706,0.904675972949442,0.8719705148559499,0.9201540183193894
2016-05-26,0.9508237957856909,0.863101830785089,0.9176469764112856,0.909290236549442,0.8763416618559497,0.9232696413193894
2016-05-27,0.9492929972476909,0.862675745785089,0.9176469764112856,0.9085321683494421,0.8734941891971498,0.9226150293193893
2016-05-30,0.9492929972476909,0.863104270785089,0.9176469764112856,0.9040647973494419,0.8738387113273747,0.9186134050875394
2016-05-31,0.9492929972476909,0.8630184471553389,0.9176469764112856,0.9055899122708722,0.8742309135492246,0.9186134050875394
2016-06-01,0.9492929972476909,0.8630184471553389,0.9176469764112856,0.9055899122708722,0.8742309135492246,0.9186134050875394
2016-06-02,0.9492929972476909,0.8630184471553389,0.9176469764112856,0.9055899122708722,0.8742309135492246,0.9186134050875394
2016-06-03,0.9492929972476909,0.8630184471553389,0.9176469764112856,0.9055899122708722,0.8742309135492246,0.9186134050875394
2016-06-06,0.9492929972476909,0.8630184471553389,0.9176469764112856,0.9055899122708722,0.8742309135492246,0.9186134050875394
2016-06-07,0.9492929972476909,0.8630184471553389,0.9176469764112856,0.9055899122708722,0.8742309135492246,0.9186134050875394
2016-06-08,0.9492929972476909,0.8630184471553389,0.9176469764112856,0.9055899122708722,0.8742309135492246,0.9186134050875394
2016-06-13,0.9492929972476909,0.8630184471553389,0.9176469764112856,0.9055899122708722,0.8742309135492246,0.9186134050875394
2016-06-14,0.9492929972476909,0.8630184471553389,0.9176469764112856,0.9055899122708722,0.8742309135492246,0.9186134050875394
2016-06-15,0.9492929972476909,0.8630184471553389,0.9176469764112856,0.9055899122708722,0.8742309135492246,0.9186134050875394
2016-06-16,0.9492929972476909,0.8630184471553389,0.9176469764112856,0.9055899122708722,0.8742309135492246,0.9186134050875394
2016-06-17,0.9492929972476909,0.8630184471553389,0.9176469764112856,0.9055899122708722,0.8742309135492246,0.9186134050875394
2016-06-20,0.9492929972476909,0.8630184471553389,0.9176469764112856,0.9055899122708722,0.8742309135492246,0.9186134050875394
2016-06-21,0.9492929972476909,0.8630184471553389,0.9176469764112856,0.9055899122708722,0.8742309135492246,0.9186134050875394
2016-06-22,0.9492929972476909,0.8630184471553389,0.9176469764112856,0.9055899122708722,0.8742309135492246,0.9186134050875394
2016-06-23,0.9492929972476909,0.8630184471553389,0.9176469764112856,0.9055899122708722,0.8742309135492246,0.9186134050875394
2016-06-24,0.9492929972476909,0.8630184471553389,0.9176469764112856,0.9055899122708722,0.8742309135492246,0.9186134050875394
2016-06-27,0.9492929972476909,0.8630184471553389,0.9176469764112856,0.9055899122708722,0.8742309135492246,0.9186134050875394
2016-06-28,0.9492929972476909,0.8630184471553389,0.9176469764112856,0.9055899122708722,0.8742309135492246,0.9186134050875394
2016-06-29,0.9492929972476909,0.8630184471553389,0.9176469764112856,0.9055899122708722,0.8742309135492246,0.9186134050875394
2016-06-30,0.9492929972476909,0.8630184471553389,0.9176469764112856,0.9055899122708722,0.8742309135492246,0.9186134050875394
2016-07-01,0.9492929972476909,0.8630184471553389,0.9176469764112856,0.9055899122708722,0.8742309135492246,0.9186134050875394
2016-07-04,0.9492929972476909,0.881860792190089,0.9353922470921652,0.9055899122708722,0.8742309135492246,0.9186134050875394
2016-07-05,0.9515857026680108,0.882657067164089,0.9347344346139254,0.9090961488536221,0.8768765042301744,0.9213213940282594
2016-07-06,0.9543742594680107,0.8880435063879888,0.9369805595984052,0.906202895224397,0.8738538902777043,0.9183723378706595
2016-07-07,0.9511970598169307,0.8855767279206889,0.9343597867611252,0.9102049203910371,0.8748184438688393,0.9200213897122397
2016-07-08,0.9488347921673208,0.8818355234951888,0.9309184942748601,0.908379503045357,0.8734481807835193,0.9177308454269747
2016-07-11,0.9521164639673207,0.8833712751019388,0.93250140766382,0.9071622713961519,0.8656673179982993,0.9152479689294295
2016-07-12,0.9728626564673207,0.9000128510919387,0.9512477044074197,0.9066437143786019,0.8643134254424443,0.9142728613389746
2016-07-13,0.9757393390673208,0.8999168501416888,0.9492188608256598,0.9111259814505717,0.8699250655424441,0.9182086251484344
2016-07-14,0.9739935367620407,0.8995007677441886,0.9490284349232597,0.9096804506420217,0.8686582390947641,0.9167249532367195
2016-07-15,0.9730876792316056,0.9001491840679885,0.9496323954975796,0.9069394545065218,0.8630568808630842,0.9141966197813094
2016-07-18,0.9709907831535706,0.8988127911307384,0.9484136432360294,0.9048220765347217,0.8610152253973241,0.9120967410127345
2016-07-19,0.9672218931787756,0.8976935511302385,0.9429640351360294,0.9081980881677365,0.8674328065280439,0.9134967396382496
2016-07-20,0.9666699099499455,0.8955491350357383,0.9393802240360296,0.9077449489453866,0.8675219169310839,0.9131684907470695
2016-07-21,0.9707525842994554,0.8953278435587384,0.9398264429003444,0.9115443885105817,0.8689501666165239,0.9161370230260697
2016-07-22,0.9702256051820556,0.8877550745549382,0.9316073176165943,0.9107277612787866,0.8682960021234037,0.9154476913249198
2016-07-25,0.9733066938961853,0.8862341496095385,0.9326081858165943,0.9141732444167066,0.8694665990575137,0.9180380675693096
2016-07-26,0.9723629881310852,0.8966866005515385,0.9425001961165944,0.9143263170931966,0.8690859212795385,0.9175341572142995
2016-07-27,0.95682061800225,0.8966117228779383,0.9424518344556645,0.8763829430014964,0.8272363413097785,0.8875972149560344
2016-07-28,0.9525856446087753,0.9006242003329383,0.9439002594216244,0.8750802657486965,0.8249207336641784,0.8847374928526144
2016-07-29,0.9485172788706552,0.8999534362129383,0.9401637394216242,0.8697746188188964,0.8186377844238584,0.8797826057058243
2016-08-01,0.946153759200655,0.8942124789232382,0.9384114417486642,0.8663281995789963,0.8148502929688184,0.8766691066042442
2016-08-02,0.950569891635935,0.8930807302992383,0.939421841201779,0.8757532864355312,0.8236874184699884,0.8836715713216443
2016-08-03,0.9476358871521952,0.8975359871419881,0.935653536498849,0.8799663241355312,0.8221811804049134,0.8815361666245443
2016-08-04,0.9506740957097951,0.8987294521419882,0.934722132065649,0.8855841025355312,0.8296959896869933,0.8865941781809944
2016-08-05,0.9518052005097951,0.8970047221419881,0.936831630865649,0.8806570408355312,0.8288781750734633,0.8859677492402444
2016-08-08,0.9604108677097952,0.9053066031419882,0.941623576065649,0.8929901698355313,0.8410355227425884,0.8970810949700941
2016-08-09,0.9671590757097952,0.9117492071419881,0.9484567424656488,0.9001520533355312,0.8403707453433381,0.9049330919700942
2016-08-10,0.9631215173097951,0.9109477883811882,0.9461711432656489,0.8968693477355313,0.8380754854266981,0.9017863119700942
2016-08-11,0.9618580313212752,0.9074771887677882,0.9451706017543692,0.8839036645355313,0.8355832901706982,0.8999264328764441
2016-08-12,0.9802549327417001,0.9219819467677881,0.9643784946339542,0.8826498427632363,0.8452126302649179,0.913313168743324
2016-08-15,1.0097144221417,0.9444894027677881,0.9925960221339541,0.9010210123792515,0.846416472578928,0.9365403879433242
2016-08-16,1.0125209213889552,0.945959665622888,0.9796245978339541,0.9046860809792513,0.852420180025488,0.9381008955855641
2016-08-17,1.0109570420461502,0.9465974428332878,0.9808749551162341,0.9073924387792512,0.855749632825488,0.9398579280418838
2016-08-18,1.0083968545461501,0.9449433788332878,0.9770751137254591,0.9076764435792514,0.8554210440254879,0.9389214096418839
2016-08-19,1.0085566999461502,0.9461557308332879,0.9790855532254592,0.9089478487792513,0.8568647016254881,0.939976334441884
2016-08-22,1.0083045227033003,0.9457948502596878,0.978824917775034,0.9088398370354563,0.8565970644754082,0.939785577658204
2016-08-23,1.010934612572,0.9481424101048878,0.9815455449212038,0.9106381020682713,0.8587686252509382,0.9423868878884839
2016-08-24,1.0073206691720002,0.9469716541048877,0.9772899515212038,0.9115349748682714,0.8617078125509383,0.9424376576884839
2016-08-25,1.001011587172,0.9416010481048878,0.9728932508212039,0.9041341386682713,0.8553129323509382,0.9363019614884839
2016-08-26,1.0019266849627702,0.9419255679898877,0.9732522480276887,0.9081051357682713,0.8582112923509383,0.9374563778205839
2016-08-29,1.0021411997198,0.9422642276758877,0.9710213156202587,0.9104733153682714,0.8603966053509381,0.9391855823365439
2016-08-30,1.0034114117197999,0.9425556265798876,0.9715682567059787,0.9102230685682713,0.8605392244509382,0.9397696193365438
2016-08-31,1.0081850049197998,0.9462625297354874,0.9760950073146436,0.9114153645682712,0.8605311249509382,0.9421335093365438
2016-09-01,1.00771572384763,0.9456527959255874,0.9749223377331037,0.9112864004523513,0.8597449554694833,0.9416735057457238
2016-09-02,1.0122595198298547,0.9485568940323373,0.9807489901683035,0.9090707550468062,0.8570688753102832,0.9422389848841438
2016-09-05,1.0142093693373797,0.9494512617628874,0.9808297829644435,0.9111749008620063,0.8587829382778932,0.944118979639244
2016-09-06,1.0203427965138798,0.9553832403636373,0.9828878759772434,0.9111749008620063,0.8587829382778932,0.9547269470352439
2016-09-07,1.0206289445081047,0.9554303012644875,0.9829972357134431,0.9111749008620063,0.8587829382778932,0.9547947685344437
2016-09-08,1.0209507496329546,0.9571413909429375,0.9835874967127581,0.9111749008620063,0.8587829382778932,0.9575840342140636
2016-09-09,1.0207398098044795,0.9568350749014873,0.983336758118088,0.9111749008620063,0.8587829382778932,0.9573732273156637
2016-09-12,1.0177054821596496,0.9518155883217873,0.9824315336070679,0.9111749008620063,0.8587829382778932,0.9497065101906637
2016-09-13,1.0184031171746046,0.9526333211732874,0.9811258655854179,0.9111749008620063,0.8587829382778932,0.9527029907406636
2016-09-14,1.0160574762177594,0.9505773191236873,0.9775716189893627,0.9111749008620063,0.8587829382778932,0.9517846911690784
2016-09-19,1.0236928921177595,0.9579091511236871,0.9784291578235677,0.9111749008620063,0.8587829382778932,0.9609644817690786
2016-09-20,1.0240218552007045,0.9569450351236872,0.9756553881141975,0.9111749008620063,0.8587829382778932,0.9611413485613682
2016-09-21,1.0266713694738345,0.9563518284212872,0.9756059875820475,0.9111749008620063,0.8587829382778932,0.963342674022333
2016-09-22,1.0311751591520546,0.9574304927450872,0.9778804721917876,0.9111749008620063,0.8587829382778932,0.968052665801253
2016-09-23,1.0258209367623943,0.9580636053244872,0.9786215505316277,0.9111749008620063,0.8587829382778932,0.9633841170163828
2016-09-26,1.0231710306934196,0.9428111586062873,0.9681608620473177,0.9111749008620063,0.8587829382778932,0.9612791099735278
2016-09-27,1.0312488569753395,0.9408256708980872,0.9662829314658076,0.9111749008620063,0.8587829382778932,0.9695454773095677
2016-09-28,1.0320139182134394,0.9366668072678371,0.9614016419589926,0.9111749008620063,0.8587829382778932,0.9701594085469677
2016-09-29,1.0348902827345394,0.937875354980237,0.9631465976595527,0.9111749008620063,0.8587829382778932,0.9726268931174678
2016-09-30,1.0333969780677894,0.9410062508957869,0.9654003198997128,0.9111749008620063,0.8587829382778932,0.9713072993813927
2016-10-10,1.0422496217952293,0.9457954424396368,0.9698175846376028,0.9111749008620063,0.8587829382778932,0.9831892630201476
2016-10-11,1.0430408130899496,0.9498650517599366,0.9713730920096276,0.9111749008620063,0.8587829382778932,0.9835326965170227
2016-10-12,1.0431597015108294,0.9472717391633366,0.9695668631222276,0.9111749008620063,0.8587829382778932,0.9855476431274626
2016-10-13,1.0427333943306494,0.9481725681611365,0.9697634106954275,0.9115850393467061,0.8587829382778932,0.9852707766805128
2016-10-14,1.0448250899390494,0.9466857995355865,0.9684914440126277,0.9102492658615061,0.8586499243700533,0.9858854810241329
2016-10-17,1.0447048536691494,0.9392985108113866,0.9620091303073877,0.900962523134706,0.8593316856246132,0.9863709789159526
2016-10-18,1.060067892959374,0.9379994867465864,0.9605720567749876,0.900350434634606,0.8731618759592129,1.0015227413979524
2016-10-19,1.0605377494725443,0.9375471494545364,0.9598894461791474,0.8969752705724959,0.8740165500164478,1.0003341557979524
2016-10-20,1.0608336612478242,0.9374680664545365,0.9607059693791474,0.8969193841577359,0.8775659331595628,1.0021965941979525
2016-10-21,1.0637479176478242,0.9394324154545364,0.9681905421791475,0.8935382450016008,0.8724832495595628,1.0006828121979525
2016-10-24,1.065110884424699,0.9396269999183864,0.9700791084942673,0.9023316448016008,0.8780793347595628,1.0011243659129325
2016-10-25,1.0649447564954788,0.9406775413583863,0.9682919416246322,0.9056042734016009,0.8818407619595627,1.0031747392247925
2016-10-26,1.064071970933979,0.9399063986483863,0.9670881202456272,0.9051686170026457,0.8819471622271376,1.0027089199346124
2016-10-27,1.0620850088967138,0.9396897116229362,0.9652044287796471,0.9042708120458857,0.8825321776680077,1.0022561339602725
2016-10-28,1.0623851218090237,0.9393547721873364,0.9659691973525272,0.9034016596592855,0.8815383563884376,1.0017957463088774
2016-10-31,1.0634573984428235,0.9402151169927363,0.9668881159895922,0.9047743295284854,0.8831108235230275,1.0034234288490274
2016-11-01,1.0640715497805937,0.9404292623639363,0.9667541503620821,0.9053098225431854,0.8833914982190875,1.0039584199279274
2016-11-02,1.0584098643200937,0.9363767911995864,0.961741107192902,0.8996351410039303,0.8789743667424273,0.9990608482381821
2016-11-03,1.0684690985200935,0.9442638941995863,0.974105727592902,0.9036109163039303,0.8846692447424274,1.006473048138182
2016-11-04,1.0673964241485685,0.9431745751995863,0.9731948251182221,0.9006725397039304,0.8822262517424273,1.0035037062381822
2016-11-07,1.0682373698649985,0.9455873911995862,0.975184642203742,0.9015377174039303,0.8822413031669974,1.003067554237107
2016-11-08,1.0716083750990184,0.9499684461995862,0.977523277003742,0.9063138964039303,0.8854238888487974,1.005262499574937
2016-11-09,1.0658862746737734,0.9440935281995863,0.9696078022037421,0.8994186207039303,0.8850184734102574,1.0049525030149873
2016-11-10,1.0777919070737734,0.9570100401995864,0.9805324166037419,0.9110102894039303,0.8902926373333274,1.010498674366627
2016-11-11,1.0767863855416182,0.9563007607444363,0.978742631228902,0.9175323501039304,0.8898251121300076,1.0100187240502971
2016-11-14,1.0832478912028933,0.9629337299957863,0.9841782726237019,0.9218581274039302,0.8941776195746977,1.015673777297567
2016-11-15,1.0831286637028934,0.9619216149957861,0.981264714223702,0.9253963029039303,0.8986100636746974,1.018531173197567
2016-11-16,1.0830412197028931,0.9613448439957861,0.980858352623702,0.9259142447039304,0.8999766190746975,1.019084425697567
2016-11-17,1.080949550462743,0.9592405493156362,0.979213545792222,0.9248413315039302,0.8963381296746975,1.017160179921497
2016-11-18,1.074496843093163,0.9548099437095862,0.974162528907072,0.9241690032309805,0.8963882253513725,1.012536403799192
2016-11-21,1.081924575893163,0.9623722517095861,0.9857268059070718,0.9260415625580805,0.8991386729340525,1.017106661399192
2016-11-22,1.090482049293163,0.971403247709586,0.9934598293070719,0.9330004165580804,0.9066572035340523,1.025471437199192
2016-11-23,1.092055225643373,0.971135884376336,0.9942871613979418,0.9338407193416806,0.9003655251340524,1.026469394851637
2016-11-24,1.098150838228963,0.9722787777305358,0.9991424587909468,0.9319969076439804,0.8941479543340525,1.026640078076557
2016-11-25,1.108374113028963,0.978319175730536,1.0097570475909468,0.9361645396439804,0.8959363465340525,1.032115328476557
2016-11-28,1.112701755228963,0.982822713730536,1.0136255323909467,0.9386825516439804,0.8958475977340525,1.0341527812765572
2016-11-29,1.121795101028963,0.9845939897305359,1.0298102037909467,0.9316813476439804,0.8857908475340526,1.031722701076557
2016-11-30,1.113618729428963,0.974759879730536,1.0204787387909466,0.9267509256439803,0.8838804088658024,1.026445814676557
2016-12-01,1.115321522124913,0.976704709069586,1.0213843564377467,0.9277347421720804,0.8870489337444973,1.0275022082791572
2016-12-02,1.105508857671768,0.9687276906608858,1.0167547069419467,0.9140297948117803,0.8719585273444973,1.014185985699577
2016-12-05,1.086870521471768,0.9570657586608858,0.9994297489419465,0.9091357868117803,0.8672154116444973,1.003484162799577
2016-12-06,1.085716948623953,0.956123987964586,0.9975390069048464,0.9098179228117803,0.8684273295460424,1.003689560754952
2016-12-07,1.0909940800134879,0.963063582132086,1.0013880359434362,0.9099774177508804,0.8778853198795874,1.0119359278097169
2016-12-08,1.089239808913488,0.9610145341320859,1.002264642143436,0.9051098875158304,0.8725868306795874,1.0082947726097167
2016-12-09,1.0874278422120531,0.959075328634086,1.0001335635826114,0.9032443621158305,0.8693694182795874,1.0067145347297168
2016-12-12,1.0623574199458579,0.9350457378636858,0.9912988307228863,0.9029775468645305,0.8686823150349023,0.9695070031442768
2016-12-13,1.061068667045858,0.9307676947964858,0.9853941692228863,0.9089803116095704,0.8749616580116623,0.9717092998442768
2016-12-14,1.052954614845858,0.9280187648642356,0.9801851307228864,0.9075347154642904,0.8731210946644823,0.9655301578442768
2016-12-15,1.040977538345858,0.9235221201169858,0.9743894005891862,0.9167162718192404,0.8854815944264822,0.9656854705442768
2016-12-16,1.039244769385233,0.9235221201169858,0.9740069954465762,0.9164170655553654,0.8856435868602023,0.9648737534618318
2016-12-19,1.039244769385233,0.9235221201169858,0.9727606018186563,0.9164065566355252,0.8851368943988472,0.9630590090067017
2016-12-20,1.039244769385233,0.9235221201169858,0.9727606018186563,0.9153887226314452,0.884236964804257,0.9622416062263618
2016-12-21,1.039244769385233,0.9235221201169858,0.9727606018186563,0.9205508736177702,0.8893705525658967,0.9622416062263618
2016-12-22,1.039244769385233,0.9235221201169858,0.9727606018186563,0.919484241998195,0.8885114034919618,0.9622416062263618
2016-12-23,1.039244769385233,0.9235221201169858,0.9727606018186563,0.911030611209645,0.8787677476528218,0.9622416062263618
2016-12-26,1.039244769385233,0.9235221201169858,0.9727606018186563,0.912880521209645,0.8826545762528217,0.9622416062263618
2016-12-27,1.039244769385233,0.9235221201169858,0.9727606018186563,0.912293017896095,0.8818947297842817,0.9622416062263618
2016-12-28,1.039244769385233,0.9235221201169858,0.9727606018186563,0.9094747674663949,0.8786880942611215,0.9589443747303616
2016-12-29,1.0393185564342329,0.9234588616588956,0.9734202386392262,0.906918141966395,0.8752810705611217,0.9566804547303617
2016-12-30,1.043198096434233,0.9257059306588955,0.9784554226392264,0.9085157519663949,0.8755451522611216,0.9586162747303617
2017-01-03,1.0533242124342328,0.9353264136588957,0.9874195617392263,0.9168006169663949,0.8767321192048515,0.9675587147303617
2017-01-04,1.061540829934233,0.9421426272588956,0.9935317251392262,0.9168059004626198,0.8870786030164515,0.9772191947303617
2017-01-05,1.061376242434233,0.9441144634588955,0.9937360019392263,0.9177699438901097,0.8864644626280515,0.9774903947303616
2017-01-06,1.0609220036677829,0.9434858722672257,0.9937247500793064,0.9175725138723246,0.8810490017404513,0.9767120690933616
2017-01-09,1.0665174460361178,0.9501333061204806,0.9978303615509562,0.9246391974785645,0.8794907083098014,0.9826919512689515
2017-01-10,1.0656405460826477,0.9488950767014956,0.9967439563986562,0.9241182610215245,0.8756704022796212,0.9818311725346864
2017-01-11,1.0587271659546076,0.9427733958494955,0.9916617819900513,0.9168177121978446,0.8738429474383314,0.9743058653063265
2017-01-12,1.0579950218495726,0.9416867837819954,0.9910884556874111,0.9157680323367244,0.8669531606079112,0.9732620605022966
2017-01-13,1.0584567596383225,0.9405434986356854,0.997242675935971,0.9043024011563994,0.8658790088828813,0.9650472139683814
2017-01-16,1.0564665176499326,0.9379047211299655,0.9950468209490112,0.9026412928462995,0.8313007997831612,0.9626776726514064
2017-01-17,1.0629295724851475,0.9443531809391904,0.996429104778966,0.9139040860575492,0.8279506125188412,0.9728648491043663
2017-01-18,1.0618080001187826,0.9456372040391903,1.002057007478966,0.9118831810575493,0.825729239752686,0.9710257298556464
2017-01-19,1.0611202478988424,0.9420881347391902,0.9987187641789661,0.9081454810575492,0.8222531030526862,0.9696764565983661
2017-01-20,1.0602263986816325,0.9487055638391904,1.0039391380789662,0.9198939760575493,0.8358883048526861,0.9685342862651662
2017-01-23,1.0616510308659575,0.9492549594592853,1.0052249708564263,0.9210223561485493,0.8370262380088462,0.9733332060993911
2017-01-24,1.0611949516238075,0.9515172448371552,1.007180791602346,0.9205006660178442,0.8331074676518961,0.972704471292091
2017-01-25,1.0655242648730823,0.9536316676371552,1.009865721202346,0.9226319471178444,0.831359784326906,0.9765666947584408
2017-01-26,1.0661070025455575,0.9565342802371553,1.012145677202346,0.9230287678186643,0.8361704898299611,0.9770068816572659
2017-02-03,1.0576453808719073,0.9507974882371553,1.001858697202346,0.9198758469733642,0.8337876877299611,0.9716115321341456
2017-02-06,1.0586221041803974,0.9515378823197254,1.004470538710386,0.9275947869733642,0.8436583874299611,0.9781980801341458
2017-02-07,1.0565593198023724,0.9509991041520351,1.001699132247526,0.9271034121733641,0.8438974241299612,0.9777460569341458
2017-02-08,1.0620690275023723,0.9551811981520353,1.005504779847526,0.9258611785216042,0.842299465855406,0.9835410237341456
2017-02-09,1.0661394673023723,0.9543477282114103,1.009131908647526,0.9319395649249941,0.8494715263569209,0.9893690589341457
2017-02-10,1.0715213145023725,0.9582989082519454,1.014816818647526,0.931580289225869,0.8487631046652658,0.9892059858394857
2017-02-13,1.0786540211023725,0.9588418177441355,1.0153127188680262,0.935518586811139,0.8546156745800456,0.9950116752446456
2017-02-14,1.0785066607023726,0.9592317744202351,1.0119285471332964,0.934982673290839,0.8539568460523158,0.9947847540443455
2017-02-15,1.0740961464023724,0.9577589690202353,1.0113654603332962,0.9266748430938089,0.8466079107092458,0.9884187533462453
2017-02-16,1.0801120064023724,0.9627155136202352,1.0133125359332962,0.926043532127419,0.8454451611559307,0.9876641842059052
2017-02-17,1.0740112608023724,0.9545077592202353,1.007325531933296,0.9188105096220687,0.8387490093544308,0.9804761143474051
2017-02-20,1.0739136841447425,0.9534373001607253,1.006770810024566,0.9186836947782188,0.8460316493544308,0.9799490774836349
2017-02-21,1.0761446332466622,0.9565586295440651,1.006897005887366,0.9248286512816186,0.8542680593544307,0.9852310610426347
2017-02-22,1.0782802128466624,0.9588790833440652,1.006999098206366,0.9305181493816187,0.8573378193544308,0.9885977010426347
2017-02-23,1.0732188180466624,0.9580337378572752,1.0025988717043608,0.9304849733816187,0.8575777693544308,0.9862193610426347
2017-02-24,1.0717141937501025,0.959828922289,1.0036296955043609,0.9292293150755736,0.8562496788709308,0.9847630383716348
2017-02-27,1.0638818246563222,0.952521034789,0.9955354535043609,0.9216370795103734,0.8503399680214306,0.9776534382006596
2017-02-28,1.0659107746563226,0.9563775402890001,0.9955972979043609,0.9254573531103735,0.8534579180214307,0.9805116354006596
2017-03-01,1.0676439830563225,0.957911658289,0.9961077237043611,0.9278409343103735,0.8552964780214307,0.9826849741006595
2017-03-02,1.0690379225463422,0.9588253388542252,0.998072605064441,0.9289128028473985,0.8554798142569306,0.9834930537290096
2017-03-03,1.0698760795319822,0.9584175637095799,0.9975996285378158,0.9338790160493183,0.8608544943720354,0.9866824760929646
2017-03-06,1.0695255200775422,0.9579839733576049,0.9969788711854408,0.9431647840493185,0.8615087540950753,0.9868380213610195
2017-03-07,1.071781320507342,0.9605968943884449,0.9996583632707607,0.9430991089951584,0.8623322828027801,0.9886045042940194
2017-03-08,1.0710764641794421,0.9598983107543247,0.998373879635921,0.9396626503545983,0.8619714954039402,0.9880014683020194
2017-03-09,1.0659549366136973,0.9547360544432446,0.9955969711931608,0.9377216761941983,0.8575098821199402,0.9827283746190193
2017-03-10,1.066249702413697,0.9537005400578847,0.994072014429801,0.939199615701173,0.8577322821199402,0.9831169746190194
2017-03-13,1.0653996925009022,0.9617473934960246,1.0013754680358011,0.9385725220559731,0.8567434845444404,0.9821940679040195
2017-03-14,1.0652507748828222,0.9624315032960247,1.0013794630358008,0.9362885876855731,0.8543335260767655,0.9808907270137295
2017-03-15,1.0637115966006423,0.9611217004923746,1.0001607934793009,0.9351139012055733,0.8523999352992405,0.9792681868896895
2017-03-16,1.0663788026351821,0.9674009305384743,1.0029024029451659,0.941196181002738,0.8603925870521505,0.9847322362211992
2017-03-17,1.055454143635182,0.9581118820384744,0.9934975055451658,0.9326026818027382,0.8543421525521505,0.9762681718211994
2017-03-20,1.056289230571332,0.9620534065384743,0.9948117242451661,0.9347613097027381,0.8574090240521504,0.9762093468438894
2017-03-21,1.061203509346692,0.9652401735384742,0.997801826645166,0.9372787103027382,0.8578765713521505,0.9794568294677792
2017-03-22,1.056216749746692,0.9604048285384743,0.993728091886791,0.9349688313027382,0.8532177501521505,0.9749410969677792
2017-03-23,1.059866717746692,0.9613870900384743,0.9967053311817511,0.9367412591027381,0.8530645476521506,0.9766180594677792
2017-03-24,1.060386541522752,0.9608893948230994,0.9979370071896309,0.9361791139613233,0.8522432839634655,0.9764188534194241
2017-03-27,1.0569779385671367,0.9601688672132993,0.9976540902428808,0.9318325693403329,0.8504999153024205,0.9734132056851043
2017-03-28,1.0544844909671367,0.9560647283132993,0.9990736082735757,0.929352606140333,0.8476449137024205,0.9708991528851041
2017-03-29,1.0530858429671368,0.9526561128132993,0.9966804013195106,0.9267575565403329,0.8407292786024204,0.9672312676851041
2017-03-30,1.051844560324482,0.9507039210465443,0.9957807488772357,0.924691198038983,0.8389227972809955,0.9654827732411843
2017-03-31,1.058181231785502,0.9553749082177844,1.0019034598275955,0.9284795717502329,0.8413046860779952,0.9696306512889039
2017-04-05,1.0728226279855018,0.9695211034177843,1.0122963782275958,0.935480166773108,0.8442038351814954,0.986759655888904
2017-04-06,1.0759296601855017,0.9726880962177843,1.0122162147396756,0.936037373096088,0.8453001337914754,0.9898412106889041
2017-04-07,1.0769751091855018,0.9743490410177842,1.0109465222209957,0.9387457958960879,0.8447317561732054,0.9909015423889038
2017-04-10,1.0732039039855017,0.9692509146177843,1.0070913002209956,0.937015966096088,0.8373031389869405,0.9853659792889039
2017-04-11,1.0769336767855018,0.9750445522177842,1.0083399539209956,0.945908290096088,0.8437657698869405,0.991313253488904
2017-04-12,1.0759291137169316,0.9733806250594242,1.0068434902140155,0.9453004616627381,0.8427745863449104,0.990256546347044
2017-04-13,1.0801526224479414,0.9733806250594242,1.0060565288278955,0.9453004616627381,0.8427745863449104,0.9949625121660438
2017-04-14,1.0806796120336266,0.9733806250594242,1.0057694945464155,0.9453004616627381,0.8427745863449104,0.9948988171230438
2017-04-17,1.0806796120336266,0.9733806250594242,1.0057694945464155,0.9453004616627381,0.8427745863449104,0.9948988171230438
2017-04-18,1.0806796120336266,0.9733806250594242,1.0057694945464155,0.9453004616627381,0.8427745863449104,0.9948988171230438
2017-04-19,1.0806796120336266,0.9733806250594242,1.0057694945464155,0.9453004616627381,0.8427745863449104,0.9948988171230438
2017-04-20,1.0806796120336266,0.9733806250594242,1.0057694945464155,0.9453004616627381,0.8427745863449104,0.9948988171230438
2017-04-21,1.0806796120336266,0.9733806250594242,1.0057694945464155,0.9453004616627381,0.8427745863449104,0.9948988171230438
2017-04-24,1.0806796120336266,0.9733806250594242,1.0057694945464155,0.9453004616627381,0.8427745863449104,0.9948988171230438
2017-04-25,1.0846889131871764,0.9733806250594242,1.0087234964677154,0.9453004616627381,0.8427745863449104,0.9948988171230438
2017-04-26,1.0842990257518266,0.9756929343677742,1.0089533984939656,0.9453004616627381,0.8427745863449104,0.9973271959344637
2017-04-27,1.0877965446965014,0.9726031016113742,1.0149158014764956,0.9504814046154579,0.8427745863449104,0.9944338909979238
2017-04-28,1.0856018766965012,0.9757440546963089,1.0129326842764954,0.953473778615458,0.8495964967981505,0.9986365834190837
2017-05-02,1.0814513106965011,0.972361647996309,1.0085160548764955,0.954124426415458,0.8499621307981506,0.9975579092190838
2017-05-03,1.0772150646965013,0.969776523096309,1.0054880212764954,0.9512729501154581,0.8483604583981506,0.9943970026190835
2017-05-04,1.0744742368807263,0.967085359942479,1.0032868391286904,0.9480335423154581,0.8454412597848305,0.9916401923483636
2017-05-05,1.0708585893817864,0.963302455974729,1.0038624626025303,0.934780299815458,0.8366886027054904,0.9846412246123036
2017-05-08,1.0664512848436263,0.959137261942929,0.9988060380107705,0.932617450704358,0.8342853138519305,0.9813054055684237
2017-05-09,1.069460383224541,0.963885519037809,1.0001409624453408,0.932617450704358,0.8342853138519305,0.9879460192740485
2017-05-10,1.0686996328124712,0.9630069813507689,0.9996751660266907,0.932617450704358,0.8342853138519305,0.9873340354878234
2017-05-11,1.0686996328124712,0.9630069813507689,0.9996751660266907,0.932617450704358,0.8342853138519305,0.9873340354878234
2017-05-12,1.0686996328124712,0.9630069813507689,0.9996751660266907,0.932617450704358,0.8342853138519305,0.9873340354878234
2017-05-15,1.0686996328124712,0.9630069813507689,0.9996751660266907,0.932617450704358,0.8342853138519305,0.9873340354878234
2017-05-16,1.0686996328124712,0.9630069813507689,0.9996751660266907,0.932617450704358,0.8342853138519305,0.9873340354878234
2017-05-17,1.0686996328124712,0.9630069813507689,0.9996751660266907,0.932617450704358,0.8342853138519305,0.9873340354878234
2017-05-18,1.0686996328124712,0.9630069813507689,0.9996751660266907,0.932617450704358,0.8342853138519305,0.9873340354878234
2017-05-19,1.0686996328124712,0.9630069813507689,0.9996751660266907,0.932617450704358,0.8342853138519305,0.9873340354878234
2017-05-22,1.0686996328124712,0.9630069813507689,0.9996751660266907,0.932617450704358,0.8342853138519305,0.9873340354878234
2017-05-23,1.0686996328124712,0.9630069813507689,0.9996751660266907,0.932617450704358,0.8342853138519305,0.9873340354878234
2017-05-24,1.0686996328124712,0.9630069813507689,0.9996751660266907,0.932617450704358,0.8342853138519305,0.9873340354878234
2017-05-25,1.0686996328124712,0.9630069813507689,0.9996751660266907,0.932617450704358,0.8342853138519305,0.9873340354878234
2017-05-26,1.0686996328124712,0.9630069813507689,0.9996751660266907,0.932617450704358,0.8342853138519305,0.9873340354878234
2017-05-31,1.0686996328124712,0.9603531921265288,1.0028151589596306,0.932617450704358,0.8342853138519305,0.9873340354878234
2017-06-01,1.072369526508901,0.9558703753265289,1.0098327197596304,0.932617450704358,0.8342853138519305,0.9873340354878234
2017-06-02,1.068932901708901,0.9567687497265288,1.0013549413596305,0.932617450704358,0.8342853138519305,0.993667396374818
2017-06-05,1.066833672742621,0.9555688382676288,0.9985685369834906,0.938533616537593,0.8409501399190503,0.995645207274818
2017-06-06,1.075425203904796,0.9608599129339938,1.0061570285293704,0.9426746975375929,0.8392623592171053,1.0011278065748181
2017-06-07,1.088009195304796,0.9726633730339936,1.0135120445293704,0.960946925637593,0.8568744184093653,1.000942320390098
2017-06-08,1.0870392023153008,0.9713269880263187,1.0121897268558506,0.959669793741343,0.8570167748778253,1.0051970140012478
2017-06-09,1.0914296815349755,0.9745532824838584,1.0170817786347504,0.9622417911340276,0.8588630278890854,1.004370311416748
2017-06-12,1.0908865070349756,0.9688479520838585,1.0178454636347505,0.9515483321340278,0.8548088278658853,1.0002114881470727
2017-06-13,1.0932892970349757,0.9731187724838586,1.0154172274347506,0.9639777736340278,0.8548088278658853,1.0083842186470728
2017-06-14,1.0789638435349755,0.9660135512838586,1.0001735912347507,0.9631826103935128,0.8565755451587254,1.0020037066470728
2017-06-15,1.0774138908826005,0.9643021991875586,0.9987928973726705,0.9729708595819229,0.8549570434612854,1.0003954206105228
2017-06-16,1.0759676277992256,0.9631701279641984,0.9978108539862205,0.9721505732912178,0.8536155438551153,0.9990633685091026
2017-06-19,1.0762028105450754,0.9627152970738383,0.9985713103861403,0.9794874494095379,0.8526107947963253,1.0070194391091027
2017-06-20,1.0717249906894453,0.9601297197183132,0.9924970907302003,0.9799364999078679,0.8532647898345551,1.0067577813091029
2017-06-21,1.0842462126894452,0.9650701707183131,0.9977314328504452,0.980366661088443,0.8538392025565802,1.0126764435091027
2017-06-22,1.0827560740984554,0.9637152886285132,1.0074816774404451,0.966543635788443,0.8538392025565802,1.0114858914380127
2017-06-23,1.0945067988521855,0.969535435577708,1.004946274780445,0.9641296926286681,0.8538392025565802,1.0183690537240526
2017-06-26,1.0955920802099455,0.969122720026398,1.009564033912805,0.979691257137468,0.8538392025565802,1.0313647369240526
2017-06-27,1.0981512634956954,0.9713417944835179,1.0140698407128048,0.9799352891374681,0.8551520824644602,1.0330659961240527
2017-06-28,1.0896437806956953,0.965871162483518,1.007312773912805,0.9756225531374682,0.85312399918623,1.0259929033240527
2017-06-29,1.0963968480956954,0.9662674121453578,1.0133870575128048,0.980547673137468,0.8566112084231698,1.0312189585240528
2017-06-30,1.0957918484956954,0.9708280985119979,1.0121959687128048,0.983933657137468,0.8540932841497498,1.032089503324053
2017-07-03,1.0910383312956955,0.9705522185940778,1.0060183291128049,0.990212009137468,0.8618264943744897,1.0340863585240527
2017-07-04,1.0818413956956954,0.9673514680117529,1.0047426828743449,0.9887260643334681,0.8613422567728498,1.0284159049240529
2017-07-05,1.0792704052372155,0.9661201116036477,1.0203068341183446,0.997956313964518,0.8688769693830599,1.0266549316546527
2017-07-06,1.0807427255634154,0.9685583080846827,1.0184780795783446,0.9991943073645181,0.8681843541368699,1.0284139782406927
2017-07-07,1.0795133425634154,0.9658185839988077,1.0186248250203447,1.003115832664518,0.87239215115967,1.0296939764406927
2017-07-10,1.0788518050634153,0.9669249631773076,1.0162727755283447,0.999983738664518,0.8711144280868499,1.0267638028406927
2017-07-11,1.0839027360634153,0.9634463949168076,1.0268424219863448,0.987496160064518,0.861513945088525,1.0223790712406926
2017-07-12,1.0842783610620153,0.9619867181028074,1.0268165919552648,0.986698317543308,0.8599477216854248,1.0217818281315927
2017-07-13,1.0931648279131352,0.9602883418353074,1.0408063763032647,0.9889802675121078,0.8610864181347497,1.0265558635603727
2017-07-14,1.0979521839131352,0.9632395536227875,1.0405746904392645,0.9877755476953078,0.8593740820146747,1.0248319703391726
2017-07-17,1.0970549508783751,0.9623132597472075,1.0420147394942147,0.9502771877795078,0.8177893711249946,0.9964062197788425
2017-07-18,1.102496718639375,0.9706311375771274,1.0392077509942146,0.9465314727407078,0.8135813323135945,0.9918641311936325
2017-07-19,1.100437719646875,0.9686116928687274,1.0377899906082146,0.9672748351594477,0.8254601857761745,1.0095545772577021
2017-07-20,1.106981388542575,0.9736741851167273,1.0423533098064046,0.9736229578594476,0.8302590157761746,1.0146963759577023
2017-07-21,1.101291812042575,0.9716092851167274,1.0320952293064045,0.9778881010594477,0.8311490023761745,1.0130564250577023
2017-07-24,1.105678757042575,0.9753944451167273,1.0380250180064046,0.9844102651594476,0.8357023105761746,1.0181366454577023
2017-07-25,1.098625425042575,0.9748098439247275,1.0336046848064047,0.9822590269594477,0.8341284721761745,1.0138688922577022
2017-07-26,1.09943923227515,0.9756280431887273,1.0331312077336496,0.9811626265594476,0.8353864051761745,1.0140285180456874
2017-07-27,1.1026420124492602,0.9743091337637274,1.0347907790630095,0.9794672025562927,0.8334690366197246,1.0217606586952173
2017-07-28,1.0998915775920353,0.9780836059877274,1.0309252772961692,0.9864001321522127,0.8355651546463746,1.0194075470995774
2017-07-31,1.1042831351441853,0.9777906821522273,1.0309252772961692,0.9861254019884227,0.8350734753065746,1.0263339600510373
2017-08-01,1.1043723400584853,0.9830887182802772,1.0467367235708194,0.9849610712803626,0.8358648210880945,1.026124989535277
2017-08-02,1.102055727040975,0.9817139615122673,1.0456170723914193,0.9852365225403426,0.8348831418967345,1.021374541338832
2017-08-03,1.10020758083998,0.9794565719222271,1.0337091820334192,0.9885146475654525,0.8403667526726045,1.019405381167572
2017-08-04,1.094985606369355,0.9782304334009573,1.0328639869482694,0.9827288050654525,0.8364160918726044,1.0148036687137318
2017-08-07,1.09294459505693,0.9846198182509571,1.0376729975115695,0.9950228156654525,0.8427479790726045,1.0134477821973518
2017-08-08,1.095090981410565,0.9837919747594571,1.0366798053472444,0.9946554193507975,0.8427407092317295,1.0155950572892016
2017-08-09,1.09370210140856,0.982973883385957,1.0324703485502444,1.0014005448425474,0.8455386940370093,1.0145591501340516
2017-08-10,1.09088931772866,0.9810752553244569,1.0313730986298943,0.9934242226425475,0.8394737484370093,1.0101745539632014
2017-08-11,1.08252633894363,0.9720555456487968,1.0225714872669942,0.9733239679425475,0.8335820487966094,1.0028131813376016
2017-08-14,1.09518329707587,0.9711560064737169,1.0232298938543543,0.9737972806357574,0.8496175911562392,1.0183092085101413
2017-08-15,1.0985498530758697,0.9758199911327168,1.0278714657050643,0.9772828584969072,0.8533067586562392,1.0217136105101412
2017-08-16,1.09717762667587,0.9743768411327168,1.023836984505064,0.9779046796969072,0.8574985727562392,1.0229601705101412
2017-08-17,1.09868427850995,0.9764487080852169,1.025275219928774,0.9851789312969073,0.8653888090562393,1.0239067564959612
2017-08-18,1.10369544651391,0.9809465821322169,1.029594257437499,0.9786977897669673,0.8596970728876142,1.0274725864503411
2017-08-21,1.1085259593139098,0.9864009421322169,1.030993376737499,0.9786977897669673,0.8596970728876142,1.028673876360421
2017-08-22,1.1097686670229898,0.9864657594707169,1.033819887132629,0.9786977897669673,0.8596970728876142,1.026980152940221
2017-08-23,1.1121116427034698,0.9874904786237169,1.0406984104318289,0.9786977897669673,0.8596970728876142,1.0238637319402208
2017-08-24,1.1057646331034698,0.9826325186237168,1.035467299631829,0.9786977897669673,0.8596970728876142,1.0176569719402209
2017-08-25,1.10608589855643,0.9824700328877168,1.034939716542114,0.9786977897669673,0.8596970728876142,1.030784680940221
2017-08-28,1.1166663604899796,0.9901212597134769,1.0427825175544738,0.9786977897669673,0.8596970728876142,1.0427465329402208
2017-08-29,1.1142958134899799,0.9897992388498368,1.041858224171289,0.9786977897669673,0.8596970728876142,1.0407665479402208
2017-08-30,1.1142270544899797,0.9901819171569666,1.037231610450589,0.9786977897669673,0.8596970728876142,1.040250527673571
2017-08-31,1.1106868214899799,0.9893973136783567,1.0375466986947892,0.9786977897669673,0.8596970728876142,1.040250527673571
2017-09-01,1.1114618752347798,0.9895799116607216,1.035129974491544,0.9786977897669673,0.8596970728876142,1.040250527673571
2017-09-04,1.1114618752347798,0.9901933488326466,1.0323891368648992,0.9786977897669673,0.8596970728876142,1.040250527673571
2017-09-05,1.1114618752347798,0.9901933488326466,1.038727455493599,0.9786977897669673,0.8596970728876142,1.040250527673571
2017-09-06,1.1114618752347798,0.9901933488326466,1.0355702664860993,0.9786977897669673,0.8596970728876142,1.040250527673571
2017-09-07,1.1114618752347798,0.9901933488326466,1.0261582258366342,0.9786977897669673,0.8596970728876142,1.040250527673571
2017-09-08,1.1114618752347798,0.9901933488326466,1.0263733309595091,0.9786977897669673,0.8596970728876142,1.040250527673571
2017-09-11,1.1114618752347798,0.9901933488326466,1.0263733309595091,0.9786977897669673,0.8596970728876142,1.040250527673571
2017-09-12,1.1114618752347798,0.9901933488326466,1.0263733309595091,0.9786977897669673,0.8596970728876142,1.040250527673571
2017-09-13,1.1114618752347798,0.9901933488326466,1.0263733309595091,0.9786977897669673,0.8596970728876142,1.040250527673571
2017-09-14,1.1114618752347798,0.9901933488326466,1.0263733309595091,0.9786977897669673,0.8596970728876142,1.040250527673571
2017-09-15,1.1114618752347798,0.9901933488326466,1.0263733309595091,0.9786977897669673,0.8596970728876142,1.040250527673571
2017-09-18,1.1114618752347798,0.9901933488326466,1.0263733309595091,0.9786977897669673,0.8596970728876142,1.040250527673571
2017-09-19,1.1114618752347798,0.9901933488326466,1.0263733309595091,0.9786977897669673,0.8596970728876142,1.040250527673571
2017-09-20,1.1114618752347798,0.9901933488326466,1.0263733309595091,0.9786977897669673,0.8596970728876142,1.040250527673571
2017-09-21,1.1114618752347798,0.9901933488326466,1.0263733309595091,0.9786977897669673,0.8596970728876142,1.040250527673571
2017-09-22,1.1114618752347798,0.9901933488326466,1.0263733309595091,0.9786977897669673,0.8596970728876142,1.040250527673571
2017-09-25,1.1114618752347798,0.9901933488326466,1.0263733309595091,0.9786977897669673,0.8596970728876142,1.040250527673571
2017-09-26,1.1114618752347798,0.9901933488326466,1.0263733309595091,0.9786977897669673,0.8596970728876142,1.040250527673571
2017-09-27,1.1114618752347798,0.9901933488326466,1.0263733309595091,0.9786977897669673,0.8596970728876142,1.040250527673571
2017-09-28,1.1114618752347798,0.9901933488326466,1.0263733309595091,0.9786977897669673,0.8596970728876142,1.040250527673571
2017-09-29,1.1114618752347798,0.9901933488326466,1.0263733309595091,0.9786977897669673,0.8596970728876142,1.040250527673571
2017-10-09,1.1114618752347798,0.9901933488326466,1.0263733309595091,0.9786977897669673,0.8596970728876142,1.040250527673571
2017-10-10,1.1114618752347798,0.9901933488326466,1.0263733309595091,0.9786977897669673,0.8596970728876142,1.040250527673571
2017-10-11,1.1114618752347798,0.9901933488326466,1.0263733309595091,0.9786977897669673,0.8596970728876142,1.040250527673571
2017-10-12,1.1114618752347798,0.9901933488326466,1.0263733309595091,0.9786977897669673,0.8596970728876142,1.040250527673571
2017-10-13,1.1114618752347798,0.9901933488326466,1.0263733309595091,0.9786977897669673,0.8596970728876142,1.040250527673571
2017-10-16,1.1114618752347798,0.9901933488326466,1.0263733309595091,0.9786977897669673,0.8596970728876142,1.040250527673571
2017-10-17,1.1114618752347798,0.9901933488326466,1.0263733309595091,0.9786977897669673,0.8596970728876142,1.040250527673571
2017-10-18,1.1114618752347798,0.9901933488326466,1.0263733309595091,0.9786977897669673,0.8596970728876142,1.040250527673571
2017-10-19,1.1114618752347798,0.9901933488326466,1.0263733309595091,0.9786977897669673,0.8596970728876142,1.040250527673571
2017-10-20,1.1114618752347798,0.9901933488326466,1.0263733309595091,0.9786977897669673,0.8596970728876142,1.040250527673571
2017-10-23,1.1112692879285597,0.9901933488326466,1.022505936875759,0.9849126253155472,0.8639527910801642,1.043324833972481
2017-10-24,1.1193336983285598,0.9901933488326466,1.021821578286934,0.9834682193155474,0.8594853390801641,1.041989031936051
2017-10-25,1.1242838417285597,0.9935606552566266,1.021821578286934,0.9901116137155471,0.8646361220801642,1.0481907938477009
2017-10-26,1.1249893755023896,0.9935933219244265,1.025730550696084,0.9936690601155472,0.867975392080164,1.0479319240184257
2017-10-27,1.1330863390555046,0.9970282641954563,1.025386310353234,0.9875829893155472,0.8614421510801642,1.0484454365216256
2017-10-30,1.1329720213386896,0.9960223993616214,1.024093005352974,0.9699643145155472,0.859440156429464,1.0474274430946504
2017-10-31,1.1360072220846145,0.9995020511057214,1.0190012529836336,0.9771339969155473,0.866982968890779,1.0533849991073703
2017-11-01,1.1361749033371944,0.9995364505257412,1.0190012529836336,0.9760608637155471,0.866728316197199,1.0533076290468106
2017-11-02,1.1368680297072344,0.9969341836725413,1.0190012529836336,0.9659926161155473,0.857504801338864,1.0484077593416905
2017-11-03,1.1353391008142744,0.9951464989325812,1.0190012529836336,0.9574166229155473,0.8501175732388639,1.0471136819950506
2017-11-06,1.1441740064440342,1.000451704371331,1.0190012529836336,0.9580278020660873,0.849902011137004,1.0565339644167655
2017-11-07,1.1444321169273541,1.000684600730906,1.0190012529836336,0.9643126208193772,0.855126972682444,1.0563599425480856
2017-11-08,1.143277179152304,1.002384419102676,1.0190012529836336,0.9657463706193772,0.8575189230824439,1.0575313857176054
2017-11-09,1.151143315352304,1.000831665355091,1.0254886449047738,0.9730466846193773,0.8619029838824439,1.0565772175624055
2017-11-10,1.1612985301523038,1.003452371869611,1.0235886230876434,0.9774367955193771,0.8633929198824438,1.0636786623253853
2017-11-13,1.162150781357694,1.0040350644147908,1.0261954130240585,0.9778011197718022,0.863661190391804,1.0641423051740253
2017-11-14,1.1535684818754537,0.9989384666124457,1.0271957226686586,0.970340783766812,0.8580209370082839,1.0565658975091152
2017-11-15,1.146352008475454,0.9949082819935657,1.0271957226686586,0.9591196179668118,0.8500608282082839,1.0531225076351651
2017-11-16,1.1433214728907088,0.9965337349304507,1.0411337686609434,0.9577586063967819,0.8484322864066839,1.0588778029398849
2017-11-17,1.1506195515971136,0.9944605247950207,1.0370512998462635,0.9302719041868021,0.8196174169280438,1.0567292291998898
2017-11-20,1.1428826416292135,1.0034693222787456,1.0370512998462635,0.9406712943868019,0.8218350169280438,1.0687525151610098
2017-11-21,1.1664070939137334,1.0003580593708707,1.0370512998462635,0.9386645450808421,0.8207221802380438,1.0660802264051896
2017-11-22,1.1691771249087932,1.0040432162599306,1.0370512998462635,0.936076215533842,0.8213553838205236,1.0652482887074297
2017-11-23,1.1382601835487383,0.9811077550599306,1.0151431903968633,0.9342158747536671,0.8197049784558037,1.0624061391811097
2017-11-24,1.1387606671487382,0.9816632850599308,1.0128250432904884,0.9382439245730119,0.8238707454173286,1.0665405513998196
2017-11-27,1.134360538832448,0.9794248134964707,1.0128250432904884,0.9367922646629719,0.8226606676992285,1.0636160299988495
2017-11-28,1.140265098862193,0.9858936074716207,1.0116364499228934,0.9534468076471219,0.8363870834702684,1.0748169084038244
2017-11-29,1.139683260262193,0.9871340824716207,1.0143546365293383,0.9563242938471219,0.8382662254702684,1.0759488455038244
2017-11-30,1.133965218978628,0.9842670965321457,1.0143546365293383,0.9539994544112168,0.8361729332515685,1.0721090867003145
2017-12-01,1.133965218978628,0.9842670965321457,1.0143546365293383,0.9624372794098568,0.8443889338994884,1.0762273806565543
2017-12-04,1.133965218978628,0.9842670965321457,1.0143546365293383,0.9615043820759368,0.8435605778131385,1.0743728934136845
2017-12-05,1.133965218978628,0.9842670965321457,1.0143546365293383,0.9615043820759368,0.8435605778131385,1.0743728934136845
2017-12-06,1.133965218978628,0.9842670965321457,1.0143546365293383,0.9615043820759368,0.8435605778131385,1.0743728934136845
2017-12-07,1.133965218978628,0.9842670965321457,1.0143546365293383,0.9615043820759368,0.8435605778131385,1.0743728934136845
2017-12-08,1.133965218978628,0.9842670965321457,1.0143546365293383,0.9615043820759368,0.8435605778131385,1.0743728934136845
2017-12-11,1.133965218978628,0.9842670965321457,1.0143546365293383,0.9615043820759368,0.8435605778131385,1.0743728934136845
2017-12-12,1.133965218978628,0.9842670965321457,1.0143546365293383,0.9615043820759368,0.8435605778131385,1.0743728934136845
2017-12-13,1.133965218978628,0.9842670965321457,1.0143546365293383,0.9615043820759368,0.8435605778131385,1.0743728934136845
2017-12-14,1.133965218978628,0.9842670965321457,1.0143546365293383,0.9615043820759368,0.8435605778131385,1.0743728934136845
2017-12-15,1.133965218978628,0.9842670965321457,1.0143546365293383,0.9615043820759368,0.8435605778131385,1.0743728934136845
2017-12-18,1.133965218978628,0.9842670965321457,1.0143546365293383,0.9615043820759368,0.8435605778131385,1.0743728934136845
2017-12-19,1.133965218978628,0.9842670965321457,1.0143546365293383,0.9615043820759368,0.8435605778131385,1.0743728934136845
2017-12-20,1.133965218978628,0.9842670965321457,1.0143546365293383,0.9615043820759368,0.8435605778131385,1.0743728934136845
2017-12-21,1.133965218978628,0.9842670965321457,1.0143546365293383,0.9615043820759368,0.8435605778131385,1.0743728934136845
2017-12-22,1.133965218978628,0.9842670965321457,1.0143546365293383,0.9615043820759368,0.8435605778131385,1.0743728934136845
2017-12-25,1.129365677264623,0.9794263751183256,1.0143546365293383,0.9522922628494316,0.8326629320705186,1.0743728934136845
2017-12-26,1.1289391162306182,0.9784979633954858,1.0143546365293383,0.9575794226494316,0.8362608494705185,1.0795172883583846
2017-12-27,1.1289391162306182,0.9784979633954858,1.0143546365293383,0.9503892641494317,0.8329042878705185,1.0777054390740846
2017-12-28,1.136074125257518,0.9784979633954858,1.0143546365293383,0.9551502263494317,0.8345635881705186,1.0835859929681944
2017-12-29,1.137027783723538,0.9784979633954858,1.0143546365293383,0.9622724528494317,0.8418069158705186,1.0838080683105544
2018-01-02,1.137027783723538,0.9784979633954858,1.0143546365293383,0.9640151882431616,0.8507013923705184,1.0838080683105544
2018-01-03,1.137027783723538,0.9784979633954858,1.0143546365293383,0.9724639018294416,0.8504286170106337,1.0838080683105544
2018-01-04,1.137027783723538,0.9784979633954858,1.0143546365293383,0.9769147202294415,0.8532740510976435,1.0838080683105544
2018-01-05,1.137027783723538,0.9784979633954858,1.0143546365293383,0.9763475451692015,0.8528091900746335,1.0838080683105544
2018-01-08,1.137027783723538,0.9784979633954858,1.0143546365293383,0.9811122008579615,0.8545993436958333,1.0838080683105544
2018-01-09,1.137027783723538,0.9784979633954858,1.0143546365293383,0.9810459896579614,0.8534852951967833,1.0838080683105544
2018-01-10,1.137027783723538,0.9784979633954858,1.0143546365293383,0.9749953712579615,0.8493529223607431,1.0838080683105544
2018-01-11,1.137027783723538,0.9784979633954858,1.0143546365293383,0.9727162550444814,0.8471831242992732,1.0838080683105544
2018-01-12,1.137027783723538,0.9784979633954858,1.0143546365293383,0.9696333750061363,0.8424639016879932,1.0838080683105544
2018-01-15,1.137027783723538,0.9784979633954858,1.0143546365293383,0.9475877072061363,0.8190384354879933,1.0838080683105544
2018-01-16,1.137027783723538,0.9784979633954858,1.0143546365293383,0.9462045965906863,0.8173643313055532,1.0838080683105544
2018-01-17,1.137027783723538,0.9784979633954858,1.0143546365293383,0.9429795662104362,0.8177272058572683,1.0838080683105544
2018-01-18,1.137027783723538,0.9784979633954858,1.0143546365293383,0.9406790523356863,0.8191743788572683,1.0838080683105544
2018-01-19,1.137027783723538,0.9784979633954858,1.0143546365293383,0.9406790523356863,0.8188305041122232,1.0838080683105544
2018-01-22,1.137027783723538,0.9784979633954858,1.0143546365293383,0.9406790523356863,0.8188305041122232,1.0838080683105544
2018-01-23,1.137027783723538,0.9784979633954858,1.0143546365293383,0.9406790523356863,0.8188305041122232,1.0838080683105544
2018-01-24,1.137027783723538,0.9784979633954858,1.0143546365293383,0.9406790523356863,0.8188305041122232,1.0838080683105544
2018-01-25,1.137027783723538,0.9784979633954858,1.0143546365293383,0.9406790523356863,0.8188305041122232,1.0838080683105544
2018-01-26,1.137027783723538,0.9784979633954858,1.0143546365293383,0.9406790523356863,0.8188305041122232,1.0838080683105544
2018-01-29,1.137027783723538,0.9784979633954858,1.0143546365293383,0.9406790523356863,0.8188305041122232,1.0838080683105544
2018-01-30,1.137027783723538,0.9784979633954858,1.0143546365293383,0.9406790523356863,0.8188305041122232,1.0838080683105544
2018-01-31,1.137027783723538,0.9784979633954858,1.0143546365293383,0.9406790523356863,0.8188305041122232,1.0838080683105544
2018-02-01,1.137027783723538,0.9784979633954858,1.0143546365293383,0.9406790523356863,0.8188305041122232,1.0838080683105544
2018-02-02,1.137027783723538,0.9784979633954858,1.0143546365293383,0.9406790523356863,0.8188305041122232,1.0838080683105544
2018-02-05,1.137027783723538,0.9784979633954858,1.0143546365293383,0.9406790523356863,0.8188305041122232,1.0838080683105544
2018-02-06,1.137027783723538,0.9784979633954858,1.0143546365293383,0.9406790523356863,0.8188305041122232,1.0838080683105544
2018-02-07,1.137027783723538,0.9784979633954858,1.0143546365293383,0.9406790523356863,0.8188305041122232,1.0838080683105544
2018-02-08,1.137027783723538,0.9784979633954858,1.0143546365293383,0.9406790523356863,0.8188305041122232,1.0838080683105544
2018-02-09,1.137027783723538,0.9784979633954858,1.0143546365293383,0.9406790523356863,0.8188305041122232,1.0838080683105544
2018-02-12,1.137027783723538,0.9784979633954858,1.0143546365293383,0.9406790523356863,0.8188305041122232,1.0838080683105544
2018-02-13,1.137027783723538,0.9784979633954858,1.0143546365293383,0.9406790523356863,0.8188305041122232,1.0838080683105544
2018-02-14,1.137027783723538,0.9784979633954858,1.0143546365293383,0.9406790523356863,0.8188305041122232,1.0838080683105544
2018-02-22,1.137027783723538,0.9784979633954858,1.0143546365293383,0.9406790523356863,0.8188305041122232,1.0838080683105544
2018-02-23,1.137027783723538,0.9784979633954858,1.0143546365293383,0.9406790523356863,0.8188305041122232,1.0838080683105544
2018-02-26,1.137027783723538,0.9784979633954858,1.0143546365293383,0.9406790523356863,0.8188305041122232,1.0838080683105544
2018-02-27,1.137027783723538,0.9784979633954858,1.0143546365293383,0.9406790523356863,0.8188305041122232,1.0838080683105544
2018-02-28,1.137027783723538,0.9784979633954858,1.0143546365293383,0.9406790523356863,0.8188305041122232,1.0838080683105544
2018-03-01,1.137027783723538,0.9784979633954858,1.0143546365293383,0.9406790523356863,0.8188305041122232,1.0838080683105544
2018-03-02,1.137027783723538,0.9784979633954858,1.0143546365293383,0.9406790523356863,0.8188305041122232,1.0838080683105544
2018-03-05,1.137027783723538,0.9784979633954858,1.0143546365293383,0.9406790523356863,0.8188305041122232,1.0838080683105544
2018-03-06,1.137027783723538,0.9784979633954858,1.0143546365293383,0.9406790523356863,0.8188305041122232,1.0838080683105544
2018-03-07,1.137027783723538,0.9784979633954858,1.0143546365293383,0.9406790523356863,0.8188305041122232,1.0838080683105544
2018-03-08,1.137027783723538,0.9784979633954858,1.0143546365293383,0.9406790523356863,0.8188305041122232,1.0838080683105544
2018-03-09,1.137027783723538,0.9784979633954858,1.0143546365293383,0.9406790523356863,0.8188305041122232,1.0838080683105544
2018-03-12,1.137027783723538,0.9805537344829958,1.009678189478053,0.9406790523356863,0.8188305041122232,1.0838080683105544
2018-03-13,1.127761232561538,0.9796492969248457,1.0094117326300631,0.9358217759609864,0.8188305041122232,1.077494006032954
2018-03-14,1.1234156524792882,0.9796492969248457,1.0094117326300631,0.9327167595567561,0.8126689803794631,1.0735855666662542
2018-03-15,1.1234156524792882,0.9835549066356356,1.0214290611919832,0.9327167595567561,0.8096006407636632,1.0735855666662542
2018-03-16,1.1234156524792882,0.9831387402933355,1.021460485654063,0.9327167595567561,0.807674257233373,1.0735855666662542
2018-03-19,1.1234156524792882,0.9831387402933355,1.021460485654063,0.9327167595567561,0.8064238522666931,1.0735855666662542
2018-03-20,1.1234156524792882,0.9831387402933355,1.021460485654063,0.9327167595567561,0.812674600152138,1.0735855666662542
2018-03-21,1.1234156524792882,0.9831387402933355,1.021460485654063,0.9246419421042561,0.813024836989438,1.0735855666662542
2018-03-22,1.1234156524792882,0.9831387402933355,1.021460485654063,0.9246306160197562,0.8125940142212379,1.0735855666662542
2018-03-23,1.125608798288408,0.9768082215111354,1.023114227502163,0.904802547201536,0.788630050671238,1.062252771847754
2018-03-26,1.113276608273048,0.9657122793662155,1.0141402718460129,0.893468007957716,0.8134806694149381,1.049311523511304
2018-03-27,1.113276608273048,0.9657122793662155,1.0141402718460129,0.893468007957716,0.834014176614938,1.049311523511304
2018-03-28,1.113276608273048,0.9657122793662155,1.0141402718460129,0.893468007957716,0.828437834614938,1.049311523511304
2018-03-29,1.113276608273048,0.9657122793662155,1.0141402718460129,0.899425907679046,0.8344397074149381,1.0575298258821788
2018-03-30,1.113276608273048,0.9657122793662155,1.0141402718460129,0.9018710980521509,0.8486244518149381,1.058586267182929
2018-04-02,1.113276608273048,0.9657122793662155,1.0141402718460129,0.9018710980521509,0.8509101787010981,1.058586267182929
2018-04-03,1.113276608273048,0.9657122793662155,1.0141402718460129,0.9018710980521509,0.853850214582958,1.058586267182929
2018-04-04,1.113276608273048,0.9657122793662155,1.0141402718460129,0.9018710980521509,0.855459057979468,1.058586267182929
2018-04-09,1.113276608273048,0.9657122793662155,1.0141402718460129,0.9018710980521509,0.855459057979468,1.058586267182929
2018-04-10,1.113276608273048,0.9657122793662155,1.0141402718460129,0.9018710980521509,0.855459057979468,1.058586267182929
2018-04-11,1.113276608273048,0.9657122793662155,1.0141402718460129,0.9018710980521509,0.855459057979468,1.058586267182929
2018-04-12,1.113276608273048,0.9657122793662155,1.0141402718460129,0.9018710980521509,0.855459057979468,1.058586267182929
2018-04-13,1.113276608273048,0.9657122793662155,1.0141402718460129,0.9018710980521509,0.855459057979468,1.058586267182929
2018-04-16,1.113276608273048,0.9657122793662155,1.0141402718460129,0.9018710980521509,0.855459057979468,1.058586267182929
2018-04-17,1.113276608273048,0.9657122793662155,1.0141402718460129,0.9018710980521509,0.855459057979468,1.058586267182929
2018-04-18,1.113276608273048,0.9657122793662155,1.0141402718460129,0.9018710980521509,0.855459057979468,1.058586267182929
2018-04-19,1.113276608273048,0.9657122793662155,1.0141402718460129,0.9018710980521509,0.855459057979468,1.058586267182929
2018-04-20,1.113276608273048,0.9657122793662155,1.0141402718460129,0.9018710980521509,0.855459057979468,1.058586267182929
2018-04-23,1.113276608273048,0.9657122793662155,1.0141402718460129,0.9018710980521509,0.855459057979468,1.058586267182929
2018-04-24,1.113276608273048,0.9657122793662155,1.0141402718460129,0.9018710980521509,0.855459057979468,1.058586267182929
2018-04-25,1.113276608273048,0.9657122793662155,1.0141402718460129,0.9018710980521509,0.855459057979468,1.058586267182929
2018-04-26,1.113276608273048,0.9657122793662155,1.0141402718460129,0.9018710980521509,0.855459057979468,1.058586267182929
2018-04-27,1.113276608273048,0.9657122793662155,1.0141402718460129,0.9018710980521509,0.855459057979468,1.058586267182929
2018-05-02,1.113276608273048,0.9657122793662155,1.0141402718460129,0.9018710980521509,0.855459057979468,1.058586267182929
2018-05-03,1.113276608273048,0.9657122793662155,1.0141402718460129,0.9018710980521509,0.855459057979468,1.058586267182929
2018-05-04,1.113276608273048,0.9657122793662155,1.0141402718460129,0.9018710980521509,0.855459057979468,1.058586267182929
2018-05-07,1.113276608273048,0.9657122793662155,1.0141402718460129,0.9018710980521509,0.855459057979468,1.058586267182929
2018-05-08,1.113276608273048,0.9657122793662155,1.0141402718460129,0.9018710980521509,0.855459057979468,1.058586267182929
2018-05-09,1.113276608273048,0.9657122793662155,1.0141402718460129,0.9018710980521509,0.855459057979468,1.058586267182929
2018-05-10,1.113276608273048,0.9657122793662155,1.0141402718460129,0.9018710980521509,0.855459057979468,1.058586267182929
2018-05-11,1.113276608273048,0.9657122793662155,1.0141402718460129,0.9018710980521509,0.855459057979468,1.058586267182929
2018-05-14,1.113276608273048,0.9657122793662155,1.0141402718460129,0.9018710980521509,0.855459057979468,1.058586267182929
2018-05-15,1.113276608273048,0.9657122793662155,1.0141402718460129,0.9018710980521509,0.855459057979468,1.058586267182929
2018-05-16,1.113276608273048,0.9657122793662155,1.0141402718460129,0.9018710980521509,0.855459057979468,1.058586267182929
2018-05-17,1.113276608273048,0.9657122793662155,1.0141402718460129,0.9018710980521509,0.855459057979468,1.058586267182929
2018-05-18,1.113276608273048,0.9657122793662155,1.0141402718460129,0.9018710980521509,0.855459057979468,1.058586267182929
2018-05-21,1.113276608273048,0.9657122793662155,1.0141402718460129,0.9073644056288159,0.8608473322156277,1.058586267182929
2018-05-22,1.113276608273048,0.9657122793662155,1.0141402718460129,0.906342483530141,0.8643358698156278,1.058586267182929
2018-05-23,1.113276608273048,0.9657122793662155,1.0141402718460129,0.906342483530141,0.8614035211154678,1.058586267182929
2018-05-24,1.1056006612759282,0.9657122793662155,1.0141402718460129,0.9029971530576409,0.8586287759810228,1.0535882703419088
2018-05-25,1.104435481900568,0.9657122793662155,1.0141402718460129,0.901560409403141,0.8473989776810227,1.052369969002769
2018-05-28,1.109181601817153,0.9650376096025554,1.0185564880973828,0.898504362420381,0.8408141855810228,1.052001452676869
2018-05-29,1.106394882141638,0.9632169328555054,1.0159777183571679,0.8973559129729409,0.8338956188810228,1.049752737682049
2018-05-30,1.106394882141638,0.9632169328555054,1.0159777183571679,0.8973559129729409,0.8220554582381527,1.049752737682049
2018-05-31,1.1218877233201878,0.9736371251048954,1.0279283012701277,0.8973559129729409,0.8271861013323526,1.0611485973520487
2018-06-01,1.117972261851888,0.9701257218103354,1.0254430643314374,0.8973559129729409,0.8231471109412026,1.056879591206879
2018-06-04,1.117972261851888,0.9701257218103354,1.0254430643314374,0.8973559129729409,0.8182229468380977,1.056879591206879
2018-06-05,1.117972261851888,0.9701257218103354,1.0254430643314374,0.8973559129729409,0.8174943187184326,1.056879591206879
2018-06-06,1.1171260767889377,0.9718484515152455,1.0212980903599225,0.8977709243631409,0.8188800989286825,1.0575604818369138
2018-06-07,1.1197475676019828,0.9735700611723155,1.0231653373970375,0.8995277921658158,0.8205542144577226,1.0597438968607038
2018-06-08,1.1079089854755675,0.9629527598239054,1.0100882021017377,0.8896380823355559,0.8131308436789126,1.0491243790487585
2018-06-11,1.1049867701339677,0.9597391572437703,1.0070284937570375,0.8876876225536359,0.8060545642789126,1.0462950194508387
2018-06-12,1.1049867701339677,0.9597391572437703,1.0070284937570375,0.8876876225536359,0.8059447072367877,1.0462950194508387
2018-06-13,1.0972269777696777,0.9528352775472901,1.0032451573895373,0.8763552020183559,0.7943021872203876,1.0356330891997185
2018-06-14,1.0931041916430175,0.9490345526525703,0.9995733317101625,0.8736583231224757,0.7911823577244876,1.0318057552496787
2018-06-15,1.0931041916430175,0.9490345526525703,0.9995733317101625,0.8736583231224757,0.7911823577244876,1.0318057552496787
2018-06-19,1.0931041916430175,0.9490345526525703,0.9995733317101625,0.8736583231224757,0.7911823577244876,1.0318057552496787
2018-06-20,1.0931041916430175,0.9490345526525703,0.9995733317101625,0.8736583231224757,0.7911823577244876,1.0318057552496787
2018-06-21,1.0931041916430175,0.9490345526525703,0.9995733317101625,0.8736583231224757,0.7911823577244876,1.0318057552496787
2018-06-22,1.0931041916430175,0.9490345526525703,0.9995733317101625,0.8736583231224757,0.7911823577244876,1.0318057552496787
2018-06-25,1.0931041916430175,0.9490345526525703,0.9995733317101625,0.8736583231224757,0.7911823577244876,1.0318057552496787
2018-06-26,1.0931041916430175,0.9490345526525703,0.9995733317101625,0.8736583231224757,0.7911823577244876,1.0318057552496787
2018-06-27,1.0931041916430175,0.9490345526525703,0.9995733317101625,0.8736583231224757,0.7911823577244876,1.0318057552496787
2018-06-28,1.0931041916430175,0.9490345526525703,0.9995733317101625,0.8736583231224757,0.7911823577244876,1.0318057552496787
2018-06-29,1.0931041916430175,0.9490345526525703,0.9995733317101625,0.8736583231224757,0.7911823577244876,1.0318057552496787
2018-07-02,1.0931041916430175,0.9490345526525703,0.9995733317101625,0.8736583231224757,0.7911823577244876,1.0318057552496787
2018-07-03,1.0931041916430175,0.9490345526525703,0.9995733317101625,0.8736583231224757,0.7911823577244876,1.0318057552496787
2018-07-04,1.0931041916430175,0.9490345526525703,0.9995733317101625,0.8736583231224757,0.7911823577244876,1.0318057552496787
2018-07-05,1.0931041916430175,0.9490345526525703,0.9995733317101625,0.8736583231224757,0.7911823577244876,1.0318057552496787
2018-07-06,1.0931041916430175,0.9490345526525703,0.9995733317101625,0.8736583231224757,0.7911823577244876,1.0318057552496787
2018-07-09,1.0931041916430175,0.9490345526525703,0.9995733317101625,0.8736583231224757,0.7911823577244876,1.0318057552496787
2018-07-10,1.0931041916430175,0.9490345526525703,0.9995733317101625,0.8736583231224757,0.7911823577244876,1.0318057552496787
2018-07-11,1.0931041916430175,0.9490345526525703,0.9995733317101625,0.8736583231224757,0.7911823577244876,1.0318057552496787
2018-07-12,1.0931041916430175,0.9490345526525703,0.9995733317101625,0.8736583231224757,0.7911823577244876,1.0318057552496787
2018-07-13,1.0931041916430175,0.9490345526525703,0.9995733317101625,0.8736583231224757,0.7911823577244876,1.0318057552496787
2018-07-16,1.0931041916430175,0.9490345526525703,0.9995733317101625,0.8736583231224757,0.7911823577244876,1.0318057552496787
2018-07-17,1.0931041916430175,0.9490345526525703,0.9995733317101625,0.8736583231224757,0.7911823577244876,1.0318057552496787
2018-07-18,1.0931041916430175,0.9490345526525703,0.9995733317101625,0.8736583231224757,0.7911823577244876,1.0318057552496787
2018-07-19,1.0931041916430175,0.9490345526525703,0.9995733317101625,0.8736583231224757,0.7911823577244876,1.0318057552496787
2018-07-20,1.0931041916430175,0.9490345526525703,0.9995733317101625,0.8736583231224757,0.7911823577244876,1.0318057552496787
2018-07-23,1.0931041916430175,0.9490345526525703,0.9995733317101625,0.8736583231224757,0.7911823577244876,1.0318057552496787
2018-07-24,1.0931041916430175,0.9490345526525703,0.9995733317101625,0.8736583231224757,0.7911823577244876,1.0318057552496787
2018-07-25,1.0931041916430175,0.9490345526525703,0.9995733317101625,0.8736583231224757,0.7911823577244876,1.0318057552496787
2018-07-26,1.0931041916430175,0.9490345526525703,0.9995733317101625,0.8736583231224757,0.7911823577244876,1.0318057552496787
2018-07-27,1.0931041916430175,0.9490345526525703,0.9995733317101625,0.8736583231224757,0.7911823577244876,1.0318057552496787
2018-07-30,1.0931041916430175,0.9490345526525703,0.9995733317101625,0.8736583231224757,0.7911823577244876,1.0318057552496787
2018-07-31,1.0931041916430175,0.9490345526525703,0.9995733317101625,0.8736583231224757,0.7911823577244876,1.0318057552496787
2018-08-01,1.0931041916430175,0.9490345526525703,0.9995733317101625,0.8736583231224757,0.7911823577244876,1.0318057552496787
2018-08-02,1.0931041916430175,0.9490345526525703,0.9995733317101625,0.8736583231224757,0.7911823577244876,1.0318057552496787
2018-08-03,1.0931041916430175,0.9490345526525703,0.9995733317101625,0.8736583231224757,0.7911823577244876,1.0318057552496787
2018-08-06,1.0931041916430175,0.9490345526525703,0.9995733317101625,0.8736583231224757,0.7911823577244876,1.0318057552496787
2018-08-07,1.0931041916430175,0.9490345526525703,0.9995733317101625,0.8736583231224757,0.7911823577244876,1.0318057552496787
2018-08-08,1.0931041916430175,0.9490345526525703,0.9995733317101625,0.8736583231224757,0.7911823577244876,1.0318057552496787
2018-08-09,1.0931041916430175,0.9490345526525703,0.9995733317101625,0.8736583231224757,0.7911823577244876,1.0318057552496787
2018-08-10,1.0931041916430175,0.9490345526525703,0.9995733317101625,0.8736583231224757,0.7911823577244876,1.0318057552496787
2018-08-13,1.0995379901566973,0.9546570489009902,0.9987835162017724,0.8864656453582257,0.8046253277859076,1.0423890524582886
2018-08-14,1.0981224754731775,0.9527577825595803,0.9974114419537323,0.8843408157457258,0.8027992048634476,1.0405734098904587
2018-08-15,1.0981224754731775,0.9527577825595803,0.9974114419537323,0.8843408157457258,0.8027992048634476,1.0405734098904587
2018-08-16,1.0981224754731775,0.9527577825595803,0.9974114419537323,0.8843408157457258,0.8027992048634476,1.0405734098904587
2018-08-17,1.0726343426822573,0.9334477231698952,0.9974114419537323,0.8843408157457258,0.8027992048634476,1.0405734098904587
2018-08-20,1.0753266859752573,0.9347387579543255,0.9974114419537323,0.8843408157457258,0.8027992048634476,1.0405734098904587
2018-08-21,1.0753266859752573,0.9347387579543255,0.9974114419537323,0.8843408157457258,0.8027992048634476,1.0405734098904587
2018-08-22,1.0753266859752573,0.9347387579543255,0.9974114419537323,0.8843408157457258,0.8027992048634476,1.0405734098904587
2018-08-23,1.0753266859752573,0.9347387579543255,0.9974114419537323,0.8843408157457258,0.8027992048634476,1.0405734098904587
2018-08-24,1.0753266859752573,0.9347387579543255,0.9974114419537323,0.8843408157457258,0.8027992048634476,1.0405734098904587
2018-08-27,1.0753266859752573,0.9347387579543255,0.9974114419537323,0.8843408157457258,0.8027992048634476,1.0405734098904587
2018-08-28,1.0753266859752573,0.9347387579543255,0.9974114419537323,0.8843408157457258,0.8027992048634476,1.0405734098904587
2018-08-29,1.0753266859752573,0.9347387579543255,0.9974114419537323,0.8843408157457258,0.8027992048634476,1.0405734098904587
2018-08-30,1.0753266859752573,0.9347387579543255,0.9974114419537323,0.8843408157457258,0.8027992048634476,1.0405734098904587
2018-08-31,1.0753266859752573,0.9347387579543255,0.9974114419537323,0.8843408157457258,0.8027992048634476,1.0405734098904587
2018-09-03,1.0753266859752573,0.9347387579543255,0.9974114419537323,0.8843408157457258,0.8027992048634476,1.0405734098904587
2018-09-04,1.0753266859752573,0.9347387579543255,0.9974114419537323,0.8843408157457258,0.8027992048634476,1.0405734098904587
2018-09-05,1.0753266859752573,0.9347387579543255,0.9974114419537323,0.8843408157457258,0.8027992048634476,1.0405734098904587
2018-09-06,1.0753266859752573,0.9347387579543255,0.9974114419537323,0.8843408157457258,0.8027992048634476,1.0405734098904587
2018-09-07,1.0753266859752573,0.9347387579543255,0.9974114419537323,0.8843408157457258,0.8027992048634476,1.0405734098904587
2018-09-10,1.0753266859752573,0.9347387579543255,0.9974114419537323,0.8843408157457258,0.8027992048634476,1.0405734098904587
2018-09-11,1.0753266859752573,0.9347387579543255,0.9974114419537323,0.8843408157457258,0.8027992048634476,1.0405734098904587
2018-09-12,1.0753266859752573,0.9347387579543255,0.9974114419537323,0.8843408157457258,0.8027992048634476,1.0405734098904587
2018-09-13,1.0753266859752573,0.9347387579543255,0.9974114419537323,0.8843408157457258,0.8027992048634476,1.0405734098904587
2018-09-14,1.0753266859752573,0.9347387579543255,0.9974114419537323,0.8843408157457258,0.8027992048634476,1.0405734098904587
2018-09-17,1.0753266859752573,0.9347387579543255,0.9974114419537323,0.8843408157457258,0.8027992048634476,1.0405734098904587
2018-09-18,1.0753266859752573,0.9347387579543255,0.9974114419537323,0.8843408157457258,0.8027992048634476,1.0405734098904587
2018-09-19,1.0917753701233073,0.9470725784758455,1.0101057155298423,0.8843408157457258,0.8027992048634476,1.0553152342180285
2018-09-20,1.0923992425025773,0.9473872912684155,1.012113077262162,0.8840224260923457,0.8010578532589725,1.0550082616490886
2018-09-21,1.0923992425025773,0.9473872912684155,1.012113077262162,0.8858104309300558,0.8018532914102076,1.0550082616490886
2018-09-25,1.0923992425025773,0.9473872912684155,1.012984777292282,0.8858104309300558,0.8018532914102076,1.0550082616490886
2018-09-26,1.0923992425025773,0.9473872912684155,1.0160599440265072,0.8858104309300558,0.8018532914102076,1.0550082616490886
2018-09-27,1.0882919921419572,0.9425213250322654,1.013287597317782,0.8751409891418556,0.7911184591942325,1.0460524432867586
2018-09-28,1.090160727965527,0.9432190701668454,1.0151821330288973,0.8762891215096555,0.7913235122126075,1.0472641959035285
2018-10-08,1.090160727965527,0.9432190701668454,1.0151821330288973,0.8762891215096555,0.7913235122126075,1.0472641959035285
2018-10-09,1.090160727965527,0.9456043621214502,1.019150276274422,0.8762891215096555,0.7913235122126075,1.0472641959035285
2018-10-10,1.085433374239927,0.9464033786768403,1.0207137282756924,0.8752596959883356,0.7913235122126075,1.0448492251939232
2018-10-11,1.051597176970327,0.9464033786768403,1.0207137282756924,0.8474211318915656,0.7563324435602626,1.0126955104094735
2018-10-12,1.0673509382467268,0.9583253346922652,1.0207137282756924,0.8474211318915656,0.7492372332297424,1.0220555504717135
2018-10-15,1.0682394643730468,0.9578148425146454,1.0207137282756924,0.8474211318915656,0.7492372332297424,1.0230901520885134
2018-10-16,1.0682394643730468,0.9578148425146454,1.0207137282756924,0.8474211318915656,0.7492372332297424,1.0230901520885134
2018-10-17,1.0682394643730468,0.9578148425146454,1.0207137282756924,0.8474211318915656,0.7492372332297424,1.0230901520885134
2018-10-18,1.0682394643730468,0.9578148425146454,1.0207137282756924,0.8474211318915656,0.7297757803753674,1.0230901520885134
2018-10-19,1.1094501096740865,0.9578148425146454,1.0207137282756924,0.8835755401813854,0.7175376246229924,1.0625106664363781
2018-10-22,1.1179722235979568,0.9578148425146454,1.0207137282756924,0.8915249631784755,0.7175376246229924,1.0713133907654284
2018-10-23,1.0872166257467915,0.9367974235471054,0.9905503688620272,0.8743991674609004,0.7061835284271724,1.0477475551164284
2018-10-24,1.0822912154161266,0.9312954240903806,0.9882003893459822,0.8702267049516254,0.7028285410876922,1.0429947069695882
2018-10-25,1.1122199197576863,0.9541644435753505,1.014974546036502,0.8702267049516254,0.7028285410876922,1.069955788234138
2018-10-26,1.1155243389067866,0.9566192294641704,1.015597011395622,0.8645981742995053,0.7003261620932923,1.074492704506768
2018-10-29,1.0869057029224813,0.9375286632520105,0.9856376944862419,0.8617510288685054,0.6974110763396921,1.053729481829488
2018-10-30,1.0814630820289814,0.9360896411837702,0.9817373440380021,0.8617510288685054,0.6974110763396921,1.049334222571918
2018-10-31,1.0814630820289814,0.9467555423388001,0.9817373440380021,0.8617510288685054,0.6974110763396921,1.049334222571918
2018-11-01,1.0814630820289814,0.9517855408191752,0.9817373440380021,0.8617510288685054,0.6974110763396921,1.049334222571918
2018-11-02,1.0814630820289814,0.9614166536420551,0.9817373440380021,0.8756506770788052,0.7087059116084922,1.049334222571918
2018-11-05,1.0791118912887312,0.9573064575981052,0.9779773355417118,0.8734881401413852,0.7076297330219671,1.0514071365420379
2018-11-06,1.0763578608876314,0.9573064575981052,0.9761852499498971,0.8734881401413852,0.7076297330219671,1.0485761767631527
2018-11-07,1.0763578608876314,0.9573064575981052,0.9761852499498971,0.8689308543204651,0.7056823595935021,1.0430224273130926
2018-11-08,1.0763578608876314,0.9573064575981052,0.9761852499498971,0.8741940622487651,0.709413037119987,1.0505497085641278
2018-11-09,1.0763578608876314,0.9573064575981052,0.9761852499498971,0.8741940622487651,0.709413037119987,1.0505497085641278
2018-11-12,1.0763578608876314,0.9573064575981052,0.9761852499498971,0.8741940622487651,0.709413037119987,1.0505497085641278
2018-11-13,1.0763578608876314,0.9573064575981052,0.9761852499498971,0.8741940622487651,0.709413037119987,1.0505497085641278
2018-11-14,1.0763578608876314,0.9573064575981052,0.9761852499498971,0.8741940622487651,0.709413037119987,1.0505497085641278
2018-11-15,1.0763578608876314,0.9573064575981052,0.9761852499498971,0.8741940622487651,0.709413037119987,1.0505497085641278
2018-11-16,1.0763578608876314,0.9573064575981052,0.9761852499498971,0.8741940622487651,0.709413037119987,1.0505497085641278
2018-11-19,1.0763578608876314,0.9573064575981052,0.9761852499498971,0.8741940622487651,0.709413037119987,1.0505497085641278
2018-11-20,1.0763578608876314,0.9573064575981052,0.9761852499498971,0.8741940622487651,0.709413037119987,1.0505497085641278
2018-11-21,1.0763578608876314,0.9573064575981052,0.9761852499498971,0.8741940622487651,0.709413037119987,1.0505497085641278
2018-11-22,1.0763578608876314,0.9573064575981052,0.9761852499498971,0.8741940622487651,0.709413037119987,1.0505497085641278
2018-11-23,1.0763578608876314,0.9573064575981052,0.9761852499498971,0.8741940622487651,0.6802786727033271,1.0505497085641278
2018-11-26,1.0763578608876314,0.9573064575981052,0.9761852499498971,0.8732751571483351,0.678615292831607,1.0490726238456078
2018-11-27,1.0763578608876314,0.9573064575981052,0.9761852499498971,0.877292887548335,0.6798649682389319,1.0516189222456076
2018-11-28,1.0763578608876314,0.9573064575981052,0.9761852499498971,0.8880797621483352,0.6794752592057068,1.0647525274456078
2018-11-29,1.0763578608876314,0.9573064575981052,0.9761852499498971,0.89211273219221,0.6608863182158019,1.0700301122564277
2018-11-30,1.0887138769931413,0.9573064575981052,0.9761852499498971,0.9007146334468348,0.6589171881500419,1.0811361194028177
2018-12-03,1.1187288112881513,0.9599305775057203,0.9761852499498971,0.9225142822972849,0.6642461072055919,1.1083285129069378
2018-12-04,1.1224993642472612,0.9586185467613253,0.979005264122257,0.9284890063513246,0.6703010228055918,1.1150402143815978
2018-12-05,1.1074287885966412,0.9586185467613253,0.9676539502764968,0.9120300966955847,0.6570075265709118,1.0974366703538878
2018-12-06,1.0947273739658412,0.9495066174111653,0.9599945373091069,0.8985522524249946,0.6480027135048317,1.0834563903479777
2018-12-07,1.0965646009838013,0.9508782054034851,0.9625626268466069,0.8985260451249947,0.6481372311048317,1.0833537591479776
2018-12-10,1.093360844222061,0.949043139673785,0.9625626268466069,0.8880416838249947,0.6406182263048318,1.0708645493479778
2018-12-11,1.094398466579581,0.949793488709045,0.9625626268466069,0.8954020578249946,0.6465823839048317,1.0778130153479777
2018-12-12,1.094398466579581,0.949793488709045,0.9567890923438267,0.8979766383876047,0.6481996604584717,1.0829351417243878
2018-12-13,1.1082701174039808,0.9594445950466451,0.9590373318893868,0.9055709368158594,0.6530691720794366,1.0939588875972577
2018-12-14,1.103858179042021,0.9568383941784651,0.9590373318893868,0.8840418327158595,0.6363786538794366,1.0714774993972578
2018-12-17,1.103858179042021,0.9568383941784651,0.9590373318893868,0.8809648827437844,0.6337135559928716,1.0680033824786876
2018-12-18,1.103858179042021,0.9568383941784651,0.9590373318893868,0.8806738752811042,0.6328260892242464,1.0653550627792077
2018-12-19,1.088691850285541,0.9458944873147149,0.9459819775836168,0.8813603369375841,0.6333834045077364,1.0521203958792076
2018-12-20,1.085860386357061,0.943876367589205,0.9432292963061869,0.885242092859039,0.6369903439436615,1.0501227170792076
2018-12-21,1.085860386357061,0.943876367589205,0.935055506618387,0.882350372347904,0.6349457949841814,1.0398305689792073
2018-12-24,1.085860386357061,0.943876367589205,0.9298953764213118,0.892070981303104,0.6414453674649814,1.0366350429437525
2018-12-25,1.085860386357061,0.944061964020485,0.9344952553273117,0.883373745955264,0.6349062554526813,1.0376707636259823
2018-12-26,1.085860386357061,0.9425300392581252,0.9327134864881118,0.881097882407834,0.6327359476633814,1.0361807931079725
2018-12-27,1.085860386357061,0.9425300392581252,0.9327134864881118,0.8924444296712589,0.6409308256399813,1.0134721944305725
2018-12-28,1.091438582188561,0.94628462452599,0.9380540633605969,0.8921172363004688,0.6409766959565412,1.0177110032305725
2019-01-02,1.0935965510287409,0.9476526697195651,0.9399916079869218,0.8843962019004687,0.6378808975565412,1.0079479760305723
2019-01-03,1.0941054194492308,0.948501552624525,0.9439015627012967,0.8802981661004687,0.6333208495565411,1.0043164112305725
2019-01-04,1.084846645344171,0.941316757912845,0.9369146178312717,0.9012854885004689,0.6507499039565411,1.0289288704305726
2019-01-07,1.084846645344171,0.941316757912845,0.9369146178312717,0.9063189278898088,0.6543007013863812,1.0348659704556524
2019-01-08,1.084846645344171,0.941316757912845,0.9369146178312717,0.9063189278898088,0.6543007013863812,1.0348659704556524
2019-01-09,1.084846645344171,0.941316757912845,0.9369146178312717,0.9063189278898088,0.6543007013863812,1.0348659704556524
2019-01-10,1.084846645344171,0.941316757912845,0.9369146178312717,0.9063189278898088,0.6543007013863812,1.0348659704556524
2019-01-11,1.084846645344171,0.941316757912845,0.9369146178312717,0.9063189278898088,0.6543007013863812,1.0348659704556524
2019-01-14,1.084846645344171,0.941316757912845,0.9369146178312717,0.9063189278898088,0.6543007013863812,1.0348659704556524
2019-01-15,1.084846645344171,0.941316757912845,0.9369146178312717,0.9063189278898088,0.6543007013863812,1.0348659704556524
2019-01-16,1.084846645344171,0.941316757912845,0.9369146178312717,0.9063189278898088,0.6543007013863812,1.0348659704556524
2019-01-17,1.084846645344171,0.941316757912845,0.9369146178312717,0.9063189278898088,0.6543007013863812,1.0348659704556524
2019-01-18,1.084846645344171,0.941316757912845,0.9369146178312717,0.9063189278898088,0.6543007013863812,1.0348659704556524
2019-01-21,1.084846645344171,0.941316757912845,0.9423789027584366,0.9063189278898088,0.6543007013863812,1.0348659704556524
2019-01-22,1.084846645344171,0.941316757912845,0.9414435372299066,0.9063189278898088,0.6543007013863812,1.0348659704556524
2019-01-23,1.0863945863761708,0.9432729795209199,0.9411615279748266,0.9097002973428087,0.6568979234190911,1.0376254405765521
2019-01-24,1.088146982588121,0.9444615300374448,0.9427164326601467,0.9101994030061588,0.6574047796312811,1.0387966694708022
2019-01-25,1.0945999866050908,0.9463027243824348,0.9512825283550415,0.9052622352992037,0.6536239055692209,1.0388247509828021
2019-01-28,1.100831896037686,0.9512380880749248,0.9564438225771016,0.9099436840187336,0.6565551384649059,1.0442065854490423
2019-01-29,1.1064482409917857,0.9517906919909149,0.9651786815060865,0.8998522038185538,0.6466991345257058,1.0400767846407373
2019-01-30,1.1020222268920958,0.948168971241005,0.9610919217761267,0.8957064354774636,0.6429662916802659,1.0350862177183273
2019-01-31,1.1084083472295658,0.9492162792419298,0.9722194312289866,0.8897139155059235,0.6352761417834157,1.0327247044241723
2019-02-01,1.1165796700609159,0.953919616679545,0.9793583813059266,0.8922715201478137,0.6371437286348158,1.0381388772972022
2019-02-11,1.139345118373276,0.968599672568225,0.9957062280922863,0.9121477160191835,0.6531648212668559,1.061116616244722
2019-02-12,1.139133161794596,0.9685053218626849,0.9958045506204365,0.9110953556733484,0.6530707914399507,1.060926646695602
2019-02-13,1.1591660705782858,0.9852106524375448,1.0121958885478766,0.9252433262904234,0.6641118319680057,1.078816666309427
2019-02-14,1.1609095012782857,0.9847152916375448,1.0105081717478763,0.9241682291919735,0.6638291649220757,1.082091515809427
2019-02-15,1.1392779616782858,0.971207297837545,0.9874413237478763,0.9197029360780333,0.6638032764910807,1.070397652309427
2019-02-18,1.1757786357782858,0.9972610170375449,1.0130738117478764,0.9247120550419333,0.6681254398626657,1.105943308309427
2019-02-19,1.1736859187782858,0.9977277436375448,1.0144924876798362,0.9214134675822734,0.6679630006667956,1.106770948309427
2019-02-20,1.1778868682782857,0.9997451696375448,1.0121418862725813,0.9212892978893035,0.6672121003536755,1.109730644809427
2019-02-21,1.1771012993610208,0.9991317277878549,1.0078641507725812,0.9197451641739334,0.6657762441967056,1.106919433309427
2019-02-22,1.2045379734644905,1.0188616057091797,1.0072331550840161,0.9181095065260333,0.6640394279130055,1.105091153554202
2019-02-25,1.2761407692644906,1.0758733693091795,1.058168922300656,0.9564910819206432,0.6890668701362302,1.150032538284402
2019-02-26,1.2777353764518207,1.0785482565448596,1.037779404500656,0.9591708198192432,0.6904002647597003,1.152247678022802
2019-02-27,1.2760150915297805,1.0834726074592296,1.039598427645991,0.9572219122754932,0.6900021598521056,1.150986493334547
2019-02-28,1.2728935487297806,1.0787620410592296,1.0372192634031459,0.9586292612754932,0.6925905061521055,1.1509915624345473
2019-03-01,1.3006925727297807,1.0981787802592295,1.065681443903146,0.9665966642754932,0.6969799762521054,1.168218635634547
2019-03-04,1.3160514089297806,1.1104655832592296,1.0706275708031459,0.9838907872754932,0.7121932558521054,1.1869045016345472
2019-03-05,1.3236319921297806,1.1202272058592295,1.0692253947031458,1.0099285962754931,0.7343821975521054,1.2068965057345469
2019-03-06,1.3347306687297806,1.1377412208592295,1.0735244011031457,1.0279295002754933,0.7502062921521054,1.2244247610345471
2019-03-07,1.3321284470731405,1.1381449371024994,1.0700051045159757,1.0261036033173931,0.7498786328067804,1.2229700391705869
2019-03-08,1.3091444978174607,1.1123649112416791,1.0518831031756108,1.0078238946732332,0.7362970336327802,1.2004728323798965
2019-03-11,1.3112324492384004,1.1119061770424592,1.0510111869818208,1.014209591453073,0.7425890874885303,1.2056440901299768
2019-03-12,1.3112324492384004,1.1119061770424592,1.0510111869818208,1.0232700936222332,0.7425890874885303,1.2056440901299768
2019-03-13,1.3112324492384004,1.1119061770424592,1.0510111869818208,1.0242488129276732,0.7425890874885303,1.2056440901299768
2019-03-14,1.3112324492384004,1.1119061770424592,1.0510111869818208,1.0242488129276732,0.7425890874885303,1.2056440901299768
2019-03-15,1.3112324492384004,1.1119061770424592,1.0510111869818208,1.0242488129276732,0.7425890874885303,1.2056440901299768
2019-03-18,1.3112324492384004,1.1119061770424592,1.0510111869818208,1.0242488129276732,0.7425890874885303,1.2056440901299768
2019-03-19,1.3033661616131753,1.108545600768189,1.0421923922033907,1.027160781539523,0.7425890874885303,1.2041074456166616
2019-03-20,1.3038668985131754,1.1059439340177089,1.0444263687033906,1.025971404539523,0.7413401261591552,1.2036694060166613
2019-03-21,1.3053119057616205,1.1083951607400238,1.0407337315033907,1.0277156569571428,0.7416767183147803,1.2048346917111816
2019-03-22,1.3036459333611206,1.107969006641304,1.0412279748689506,1.0332530253350278,0.7456069429309603,1.2070217844938014
2019-03-25,1.2839513767885204,1.102094065114424,1.0261316237908304,1.0146387433950779,0.7332351075650653,1.1874468568768815
2019-03-26,1.2612887178248202,1.107187067060724,1.0332120585872655,0.9823369959598479,0.7094575083605954,1.158455897632981
2019-03-27,1.2692475531290204,1.1108609063963588,1.0408090868147053,0.9889407573631779,0.7135387008122855,1.1653265971933662
2019-03-28,1.2681508630078202,1.1059532833724188,1.0355201392621403,0.9774227605390078,0.7072813980827406,1.1590095174391208
2019-03-29,1.3170924690078203,1.1389369755302587,1.0695674915046203,1.0095561792390078,0.7273732635827406,1.198406916039121
2019-04-01,1.3516319810078203,1.1682308795302587,1.0899142051046202,1.0475990850390078,0.7552353957827406,1.236495133539121
2019-04-02,1.3556502194485205,1.170608785130259,1.0883768915046204,1.0541296884502378,0.7604530850438255,1.242083977619221
2019-04-03,1.3809275082524552,1.1851346651302588,1.1002099499046203,1.070774227770063,0.7719815115616054,1.2631188819299208
2019-04-04,1.3946729931524553,1.191356936719539,1.1027141606364204,1.0772744975700628,0.7748170920616054,1.2724206329299208
2019-04-08,1.4064232246185404,1.1815461936574188,1.1027141606364204,1.086198459341838,0.7800346886950805,1.2823456054271807
2019-04-09,1.4064232246185404,1.1797616621559388,1.1027141606364204,1.0904543730508378,0.7840058749944556,1.2872984859284604
2019-04-10,1.4064232246185404,1.1858939553202887,1.1027141606364204,1.0843359953310179,0.7786350613175806,1.2811448040787003
2019-04-11,1.4064232246185404,1.1855768681001388,1.1027141606364204,1.0609632811820175,0.7629025075580007,1.2553544224765
2019-04-12,1.4068585017183801,1.1868001421400385,1.1027141606364204,1.0594860918472426,0.7615642176243805,1.2525795047827
2019-04-15,1.4305363541460603,1.1827680341400384,1.0847534529043201,1.0339354894672124,0.7458968004421855,1.2265898823184398
2019-04-16,1.476419124031415,1.1776104923930186,1.0809153509759704,1.0281653308338823,0.7417356896822457,1.22029189365119
2019-04-17,1.4743671972950347,1.1821277373502785,1.0807610138805803,1.0335155283693223,0.7478547691162655,1.22600888258591
2019-04-18,1.4694523810958349,1.1774518919502783,1.0762889852805804,1.0277527977693224,0.7441341032162656,1.2250288709662098
2019-04-19,1.470751461149635,1.1849076801502785,1.0897167060805801,1.0339493553693222,0.7503705600162657,1.2369233735771097
2019-04-22,1.4348026894608548,1.1647244787502784,1.0639607182805801,1.0185259116693222,0.7428607199162656,1.2388603980314097
2019-04-23,1.433169915341675,1.1587700131502785,1.0669525600805803,1.0017145755693222,0.7293093688162656,1.2291929186339596
2019-04-24,1.4316982470867747,1.1598632169502785,1.0655213476805803,1.0108589619693222,0.7382490415162656,1.2318162923561597
2019-04-25,1.425631992743,1.1317041057502786,1.0487482242805803,1.0058024612206424,0.7353573770324106,1.1988158082400595
2019-04-26,1.413578801483495,1.1258654712722285,1.0435009587684503,1.0020272876879424,0.7318210434924105,1.1918381978713346
2019-04-29,1.4160192913718148,1.1154557283049684,1.0551361484100001,0.9756778301879424,0.7313192952780355,1.1731097934682346
2019-04-30,1.4252823717492746,1.1212216339049685,1.0572264388100003,0.9834402266879424,0.7424458040259356,1.1682626510907446
2019-05-06,1.3747952945723745,1.0869840453943884,1.0243665558123503,0.9096693306879423,0.7160650705104356,1.1295965428540793
2019-05-07,1.3814167022917343,1.0913224047342684,1.0212326423807454,0.9216214221879424,0.7212601562467106,1.1347346585226745
2019-05-08,1.354457326045449,1.0713540133381283,1.0019719924563504,0.9015773440764925,0.7058108068136606,1.1467758151649492
2019-05-09,1.3402500873386491,1.0636426935771683,0.9866492733267004,0.8996821446809323,0.7049160275321105,1.1367255397224243
2019-05-10,1.356175088030589,1.0736573574624881,0.9984705514750004,0.9320496214809324,0.7121295734690206,1.1652025107985493
2019-05-13,1.353383600495149,1.072996972904038,0.9944678221079104,0.9213005990809324,0.7146435049814206,1.150786680798549
2019-05-14,1.3447079268951487,1.0655791873040381,0.9885389499079104,0.9138868710809324,0.7050645452108206,1.1429096907985492
2019-05-15,1.3554872176760289,1.072441186452733,0.9952850490050403,0.9205554559801723,0.7145077269841705,1.151948619554549
2019-05-16,1.3639926215466287,1.0803892715795829,0.9999919336493004,0.9271600796843972,0.7198232449841705,1.1593783920807887
2019-05-17,1.3293388751466289,1.053592869579583,0.9798715460493003,0.8971539720843971,0.6943057009841704,1.1248201936807887
2019-05-20,1.3180663411466287,1.0493254355795831,0.9727899838493003,0.8937112977843972,0.6919868649841705,1.1176716256807888
2019-05-21,1.3184673178918889,1.048110658643233,0.9735185921940205,0.9093340593843972,0.7056233709841704,1.1168916345150288
2019-05-22,1.313325298786684,1.0429787403418327,0.9686238285066454,0.903274251784397,0.7026833689841706,1.1121679621534337
2019-05-23,1.2898413137866838,1.0288705923418329,0.9544945800066453,0.884545693084397,0.6860949399841705,1.0897825753534338
2019-05-24,1.293413112486684,1.0270321172194328,0.9602070980066453,0.8800076997541422,0.6811923624517205,1.0867561538854786
2019-05-27,1.2927489300312887,1.0416731760508326,0.9580162017628203,0.9005653184319872,0.7006185792441705,1.1076160397899786
2019-05-28,1.3064864883121385,1.0479848400508327,0.9683402705367403,0.8992147869319871,0.7006044612441705,1.1137849946899785
2019-05-29,1.2957422779772636,1.0423993952470325,0.9610282923529003,0.896923465366217,0.6982008489304705,1.1074805603040438
2019-05-30,1.2928264757413885,1.0430958077460124,0.9589769874999853,0.8955048552249271,0.6960803249066705,1.1046096112700086
2019-05-31,1.2925662076884135,1.0405506783460126,0.9540848450999855,0.8928980027249269,0.6950750869066703,1.1018122255700085
2019-06-03,1.2893285265593535,1.0374664367460125,0.9590122015999853,0.8945215082418669,0.6847824669066703,1.0949395120700085
2019-06-04,1.2774532071593534,1.0275138219460125,0.9514212770999854,0.8847736207320268,0.6725498829066703,1.0817234926700086
2019-06-05,1.2769712007593534,1.0272051543460123,0.9584756871247453,0.8826413551320268,0.6722233619066703,1.0812912997700084
2019-06-06,1.2781714181689934,1.0273788738800225,0.9509839239776952,0.8811599024190668,0.6709419639830203,1.0809414516004185
2019-06-10,1.2896662465191733,1.0341449245926724,0.9638348763776952,0.8869189293585019,0.6782370539195952,1.0904427079927184
2019-06-11,1.3284123133191732,1.0607830565926724,0.9882378354776952,0.9198698253585019,0.7035982919195953,1.1267347039927185
2019-06-12,1.3183519819191731,1.0548692073926724,0.9825633237776953,0.9127675466585019,0.7003081113195953,1.1195120419927185
2019-06-13,1.3176145136281032,1.0553618893926724,0.9828688681141302,0.9154151487585018,0.7041952225195953,1.1215691989927186
2019-06-14,1.3047451237936831,1.0560211819578322,0.97823206706473,0.9157599517079819,0.6880963705195952,1.1224268561095185
2019-06-17,1.304394546921463,1.0584980637570922,0.9780388342218099,0.9168959202794318,0.6873657413311103,1.1226238331833387
2019-06-18,1.306508984184803,1.0596092164227622,0.9798551263922499,0.9170408246781317,0.6873646883927204,1.1236212908931085
2019-06-19,1.3237107617848032,1.0500044883084723,1.0026056647916397,0.9086671808557418,0.6971264893927205,1.1126277974130285
2019-06-20,1.3637893129848033,1.0748888246084722,1.0360049392381996,0.9265850346557417,0.7081701044927203,1.1394009974130286
2019-06-21,1.3657188329848031,1.0802241390084721,1.0346476976381995,0.9390338677557416,0.7199711944927204,1.1488453978130286
2019-06-24,1.368327458584803,1.082438343308472,1.0384298320381995,0.9395760742557416,0.7196730217927204,1.1499357022130285
2019-06-25,1.354103086984803,1.0811139433318973,1.0245622992381995,0.9386865657204968,0.7186691299537004,1.1485555171312485
2019-06-26,1.3461414222173032,1.085199372936517,1.0197079324514795,0.9421031061964117,0.7222730794379703,1.1531465389278084
2019-06-27,1.3461414222173032,1.087340205494017,1.0197079324514795,0.9505872594964117,0.7284612262379703,1.1640253421278084
2019-06-28,1.3461414222173032,1.087340205494017,1.0197079324514795,0.9500123255003766,0.7273355462580603,1.1628593535874083
2019-07-01,1.3461414222173032,1.087340205494017,1.0197079324514795,0.9500123255003766,0.7273355462580603,1.1628593535874083
2019-07-02,1.3461414222173032,1.087340205494017,1.0197079324514795,0.9500123255003766,0.7273355462580603,1.1628593535874083
2019-07-03,1.3461414222173032,1.087340205494017,1.0197079324514795,0.9500123255003766,0.7273355462580603,1.1628593535874083
2019-07-04,1.3461414222173032,1.087340205494017,1.0197079324514795,0.9500123255003766,0.7273355462580603,1.1628593535874083
2019-07-05,1.3461414222173032,1.087340205494017,1.0197079324514795,0.9500123255003766,0.7273355462580603,1.1628593535874083
2019-07-08,1.3461414222173032,1.087340205494017,1.0197079324514795,0.9500123255003766,0.7273355462580603,1.1628593535874083
2019-07-09,1.3461414222173032,1.087340205494017,1.0197079324514795,0.9500123255003766,0.7273355462580603,1.1628593535874083
2019-07-10,1.3461414222173032,1.087340205494017,1.0197079324514795,0.9500123255003766,0.7273355462580603,1.1628593535874083
2019-07-11,1.3461414222173032,1.087340205494017,1.0197079324514795,0.9500123255003766,0.7273355462580603,1.1628593535874083
2019-07-12,1.3461414222173032,1.087340205494017,1.0197079324514795,0.9500123255003766,0.7273355462580603,1.1628593535874083
2019-07-15,1.3461414222173032,1.087340205494017,1.0197079324514795,0.9500123255003766,0.7273355462580603,1.1628593535874083
2019-07-16,1.3461414222173032,1.087340205494017,1.0197079324514795,0.9500123255003766,0.7273355462580603,1.1628593535874083
2019-07-17,1.3461414222173032,1.087340205494017,1.0197079324514795,0.9500123255003766,0.7273355462580603,1.1628593535874083
2019-07-18,1.3461414222173032,1.087340205494017,1.0197079324514795,0.9500123255003766,0.7273355462580603,1.1628593535874083
2019-07-19,1.3461414222173032,1.087340205494017,1.0197079324514795,0.9500123255003766,0.7273355462580603,1.1628593535874083
2019-07-22,1.3461414222173032,1.087340205494017,1.0197079324514795,0.9500123255003766,0.7273355462580603,1.1628593535874083
2019-07-23,1.3461414222173032,1.087340205494017,1.0197079324514795,0.9500123255003766,0.7355677251694452,1.1628593535874083
2019-07-24,1.3461414222173032,1.087340205494017,1.0197079324514795,0.9567810943535167,0.7370084799749353,1.1628593535874083
2019-07-25,1.3461414222173032,1.087340205494017,1.0197079324514795,0.9566666546320367,0.7393563910738004,1.1628593535874083
2019-07-26,1.3461414222173032,1.087340205494017,1.0197079324514795,0.9599150410895868,0.7401341470738004,1.1628593535874083
2019-07-29,1.3461414222173032,1.087340205494017,1.0197079324514795,0.9596824747715117,0.7404699103738004,1.1619253190741183
2019-07-30,1.3489840826737427,1.0894212774912069,1.0212444937193996,0.9634539646693365,0.7400892724257854,1.1631119544860684
2019-07-31,1.336818455073743,1.082103084991207,1.0103926189193995,0.9615798963823368,0.7358830067767153,1.1571608195950982
2019-08-01,1.325720909073743,1.0733430987912072,1.0018136527193997,0.9600393694641216,0.7320949571767151,1.1493273239950983
2019-08-02,1.3062219470737428,1.058240519191207,0.9865564021193994,0.9481111770641215,0.7205096075767152,1.1323820131950981
2019-08-05,1.2980137192874028,1.0531897258989071,0.9668168253193995,0.9452096258088466,0.7182940863121452,1.1146999985950983
2019-08-06,1.3075903075169728,1.053246747079942,0.9493615051651196,0.9419821554447266,0.7122338648983451,1.0944037112514982
2019-08-07,1.313964426167618,1.0574325925668473,0.9493615051651196,0.9370940382447265,0.710149344898345,1.0944037112514982
2019-08-08,1.3202070040877827,1.061204086934872,0.9544940642673297,0.9400848744897765,0.7124172648959951,1.0944037112514982
2019-08-09,1.3262750689379776,1.0652262100935121,0.9589899054338396,0.9245655370587764,0.70105363012565,1.077689761942798
2019-08-12,1.3262750689379776,1.0652262100935121,0.9589899054338396,0.9415040170587765,0.71284036222565,1.0804548970852081
2019-08-13,1.3262750689379776,1.0652262100935121,0.9589899054338396,0.9361726970587765,0.70944378332565,1.0804548970852081
2019-08-14,1.3262750689379776,1.0652262100935121,0.9589899054338396,0.9470541319807765,0.7167616570502399,1.0804548970852081
2019-08-15,1.3262750689379776,1.0652262100935121,0.9589899054338396,0.9470541319807765,0.7167616570502399,1.0804548970852081
2019-08-16,1.3262750689379776,1.0652262100935121,0.9589899054338396,0.9470541319807765,0.7167616570502399,1.0804548970852081
2019-08-19,1.3262750689379776,1.0652262100935121,0.9589899054338396,0.9470541319807765,0.7167616570502399,1.0804548970852081
2019-08-20,1.3262750689379776,1.0652262100935121,0.9589899054338396,0.9470541319807765,0.7167616570502399,1.0804548970852081
2019-08-21,1.3262750689379776,1.0652262100935121,0.9589899054338396,0.9470541319807765,0.7167616570502399,1.0804548970852081
2019-08-22,1.3262750689379776,1.0652262100935121,0.9589899054338396,0.9470541319807765,0.7167616570502399,1.0804548970852081
2019-08-23,1.3262750689379776,1.0652262100935121,0.9589899054338396,0.9470541319807765,0.7167616570502399,1.0804548970852081
2019-08-26,1.3294468606806675,1.069748405259502,0.9568479235876395,0.9470541319807765,0.7167616570502399,1.0804548970852081
2019-08-27,1.3382646175425026,1.0755359376728721,0.9633622220610695,0.9581321055679662,0.7263154176115899,1.0804548970852081
2019-08-28,1.3382646175425026,1.0755359376728721,0.9633622220610695,0.9565936273679663,0.7248795891115898,1.0804548970852081
2019-08-29,1.3326913959834024,1.0734901324229569,0.9633622220610695,0.9577557455679663,0.7255333805115898,1.077611584345368
2019-08-30,1.3417888941867024,1.079436220886832,0.9633622220610695,0.9485039243679662,0.7148481888115897,1.083765102440728
2019-09-02,1.3572981010075025,1.0931370549931219,0.9711474568742443,0.9721334735679662,0.7332853474115898,1.102298979908188
2019-09-03,1.3585940640151823,1.0936581392270321,0.9717817817728445,0.9790951053679663,0.7387005464115898,1.1036945682644979
2019-09-04,1.3715390761849422,1.104559227582382,0.9819535615991644,0.9886177311679663,0.7438580484115899,1.1142712346818477
2019-09-05,1.3795017099655822,1.1100812690490771,0.9880079050540442,0.9973746777679663,0.7508269644115898,1.1203115503672478
2019-09-06,1.3795017099655822,1.1110174455502768,0.9880079050540442,1.0005238215679664,0.7539621820115898,1.1208845640875675
2019-09-09,1.3795017099655822,1.1197950048712768,0.9880079050540442,1.0216352119679664,0.7722903845115898,1.1301876425784478
2019-09-10,1.3795017099655822,1.1197950048712768,0.9880079050540442,1.0181132583679662,0.7739801425115899,1.1301876425784478
2019-09-11,1.3795017099655822,1.1197950048712768,0.9806341365800493,1.0212949021751063,0.77600501209748,1.1301876425784478
2019-09-12,1.3795017099655822,1.1197950048712768,0.9847458511090743,1.0235437505639062,0.777601094847865,1.1301876425784478
2019-09-16,1.3795017099655822,1.1197950048712768,0.9847458511090743,1.0274241930184311,0.7803542767987701,1.1301876425784478
2019-09-17,1.3795017099655822,1.1197950048712768,0.9847458511090743,1.008236844777951,0.7634113511881999,1.1301876425784478
2019-09-18,1.3817974633962171,1.1202177376631517,0.9867252045326492,1.0095776201228113,0.76462473329399,1.1305451578762027
2019-09-19,1.3864891177500722,1.1227732357894016,0.9901321092143193,1.0174551960475362,0.7719004539545851,1.1334505633831227
2019-09-20,1.3864891177500722,1.1232140389349117,0.9901321092143193,1.0199543355475362,0.772744239554585,1.1334505633831227
2019-09-23,1.3864891177500722,1.1200446728828868,0.9901321092143193,1.013519179547536,0.7650627103545851,1.1251083369115824
2019-09-24,1.3881311063802468,1.1200446728828868,0.9910379170806092,1.015324450547536,0.7689099662545851,1.1258412932718327
2019-09-25,1.3831241390871467,1.1115163348302466,0.9875396815238292,0.997046574047536,0.753999686454585,1.1155779190860327
2019-09-26,1.3831241390871467,1.1147500958936067,0.9875396815238292,0.9993365901548111,0.7548578457777052,1.1184065039733027
2019-09-27,1.3862181738523065,1.1156018951916067,0.9875290668646441,1.005506869182811,0.761884332815275,1.1239968101350974
2019-09-30,1.3822133094620217,1.1138198139511066,0.9831185587436141,0.9925614891828111,0.7534402686152749,1.1224785646332425
2019-10-08,1.3822133094620217,1.1138198139511066,0.9831185587436141,0.9952478368428113,0.754125967915275,1.1224785646332425
2019-10-09,1.3894546117038018,1.1223784042366116,0.987975643752234,1.0065610627252612,0.7609853490152749,1.1318510503301524
2019-10-10,1.387531032959827,1.1217701021752067,0.986084137217394,1.0193690545252614,0.772679331315275,1.1314990608931925
2019-10-11,1.3966783268745366,1.1287413058207416,0.9961423120310038,1.0212187887252613,0.7732125354152749,1.1354821560394524
2019-10-14,1.4082959176590213,1.1362670351980966,1.0040646470140888,1.0290837834683413,0.778959269562715,1.1443680931622424
2019-10-15,1.4082959176590213,1.1362670351980966,1.0040646470140888,1.0180263338471711,0.7710613664553349,1.1443680931622424
2019-10-16,1.4082959176590213,1.1362670351980966,1.0040646470140888,1.0185428938222962,0.7712638740835148,1.138693185950762
2019-10-17,1.4082959176590213,1.1362670351980966,1.0040646470140888,1.0164879295049363,0.7701203613311948,1.139558049451387
2019-10-18,1.4082959176590213,1.1362670351980966,1.0040646470140888,1.0171358702589262,0.7704909314359147,1.139558049451387
2019-10-21,1.4082959176590213,1.1362670351980966,1.0040646470140888,1.015803161377251,0.7665289080257447,1.1401420150757773
2019-10-22,1.4082959176590213,1.1362670351980966,1.0040646470140888,1.016280603071626,0.7671274893545348,1.1426624420068572
2019-10-23,1.4082959176590213,1.1362670351980966,1.0040646470140888,1.0076120349484659,0.7609586496326948,1.1426624420068572
2019-10-24,1.4082959176590213,1.1362670351980966,1.0040646470140888,1.0063487566838758,0.7598661304526948,1.1411320901031667
2019-10-25,1.4082959176590213,1.1362670351980966,1.0040646470140888,1.0145699117736806,0.7663366904239748,1.140649510032502
2019-10-28,1.4082959176590213,1.1362670351980966,1.0040646470140888,1.0208104749248808,0.7724717060218148,1.140649510032502
2019-10-29,1.4082959176590213,1.1362670351980966,1.0040646470140888,1.0060146670398806,0.7627625629442647,1.140649510032502
2019-10-30,1.4032280509302213,1.1321919567040715,1.0040646470140888,0.9994575168438805,0.7601384651999046,1.1348940962421767
2019-10-31,1.4086452485280216,1.1341477850381463,1.0040646470140888,0.9927539650629957,0.7519055550008195,1.1371267631943267
2019-11-01,1.4332598833319017,1.1470814600895363,1.0040646470140888,0.9908432596348408,0.7490577796747094,1.1540637887932614
2019-11-04,1.4372503538495416,1.1493771880527361,1.0040646470140888,0.9933759416933208,0.7518140591167094,1.1568549204895167
2019-11-05,1.4372503538495416,1.1493771880527361,1.0040646470140888,0.9947442419645606,0.7522743265047094,1.1568549204895167
2019-11-06,1.4372503538495416,1.1493771880527361,1.0040646470140888,0.9947442419645606,0.7522743265047094,1.1568549204895167
2019-11-07,1.4372503538495416,1.1493771880527361,1.0040646470140888,0.9947442419645606,0.7522743265047094,1.1568549204895167
2019-11-08,1.4372503538495416,1.1493771880527361,1.0040646470140888,0.9947442419645606,0.7522743265047094,1.1568549204895167
2019-11-11,1.4372503538495416,1.1493771880527361,1.0040646470140888,0.9947442419645606,0.7522743265047094,1.1568549204895167
2019-11-12,1.4372503538495416,1.1493771880527361,1.0040646470140888,0.9947442419645606,0.7522743265047094,1.1568549204895167
2019-11-13,1.4372503538495416,1.1493771880527361,1.0040646470140888,0.9947442419645606,0.7522743265047094,1.1568549204895167
2019-11-14,1.4372503538495416,1.1493771880527361,1.0040646470140888,0.9947442419645606,0.7522743265047094,1.1568549204895167
2019-11-15,1.4372503538495416,1.1493771880527361,1.0040646470140888,0.9947442419645606,0.7522743265047094,1.1568549204895167
2019-11-18,1.4372503538495416,1.1493771880527361,1.0040646470140888,0.9947442419645606,0.7522743265047094,1.1568549204895167
2019-11-19,1.4528366203516214,1.1609415470634612,1.0130709261382786,1.0113982095206953,0.7656211965454294,1.1726881790653567
2019-11-20,1.4500781585327414,1.1584438767355612,1.0097773870218938,1.0055442782206954,0.7617794061454293,1.1712137211280764
2019-11-21,1.4500781585327414,1.1584438767355612,1.0097773870218938,1.0020600110486104,0.7586607996178295,1.1712137211280764
2019-11-22,1.4334261268123811,1.149930323810551,0.9992234656369086,0.9917639606495504,0.7478456632140696,1.1575185322337962
2019-11-25,1.433572529309581,1.1498873628965411,1.0003979301644086,0.9912426592495502,0.7435629736140696,1.1573630784858662
2019-11-26,1.432701982903101,1.1475637171113509,1.0003979301644086,0.9873360398495504,0.7430387848140696,1.1555386630730462
2019-11-27,1.4294610752223011,1.146040710111351,1.0003979301644086,0.9917991086495503,0.7427851720140696,1.1535225252202261
2019-11-28,1.4294610752223011,1.145542042175311,1.0003979301644086,0.9903166411788005,0.7421569782946296,1.1535225252202261
2019-11-29,1.418695452271651,1.139829347695951,1.0003979301644086,0.9915003506222806,0.7415182170271896,1.149026652771086
2019-12-02,1.421014195311251,1.1413444040959508,1.0003979301644086,0.9918951304151005,0.7421673713513497,1.150390113036356
2019-12-03,1.421014195311251,1.138827633093271,1.0003979301644086,0.9992306571860304,0.7494883655945498,1.1585506174367057
2019-12-04,1.421014195311251,1.138827633093271,1.0003979301644086,0.9980617639860304,0.7506890663945498,1.1544162780304057
2019-12-05,1.421014195311251,1.138827633093271,1.0003979301644086,1.0075424117860303,0.7591038215945497,1.1544162780304057
2019-12-06,1.421014195311251,1.138827633093271,1.0003979301644086,1.0162098883860304,0.7644864839945498,1.160859082141016
2019-12-09,1.421014195311251,1.138827633093271,1.0003979301644086,1.0190567955860306,0.7659120508205497,1.162797640947646
2019-12-10,1.421014195311251,1.138827633093271,1.0003979301644086,1.0164541728965504,0.7716039091306296,1.162797640947646
2019-12-11,1.421014195311251,1.138827633093271,1.0003979301644086,1.0164541728965504,0.7711291297027897,1.162797640947646
2019-12-12,1.421014195311251,1.138827633093271,1.0003979301644086,1.0164541728965504,0.7711291297027897,1.162797640947646
2019-12-13,1.421014195311251,1.138827633093271,1.0003979301644086,1.0164541728965504,0.7711291297027897,1.162797640947646
2019-12-16,1.421014195311251,1.138827633093271,1.0003979301644086,1.0164541728965504,0.7711291297027897,1.162797640947646
2019-12-17,1.421014195311251,1.138827633093271,1.0003979301644086,1.0164541728965504,0.7711291297027897,1.162797640947646
2019-12-18,1.421014195311251,1.138827633093271,1.0003979301644086,1.0164541728965504,0.7711291297027897,1.162797640947646
2019-12-19,1.421014195311251,1.138827633093271,1.0003979301644086,1.0164541728965504,0.7711291297027897,1.162797640947646
2019-12-20,1.421014195311251,1.138827633093271,1.0003979301644086,1.0164541728965504,0.7711291297027897,1.162797640947646
2019-12-23,1.421014195311251,1.138827633093271,1.0003979301644086,1.0164541728965504,0.7711291297027897,1.162797640947646
2019-12-24,1.421014195311251,1.138827633093271,1.0003979301644086,1.0164541728965504,0.7711291297027897,1.162797640947646
2019-12-25,1.421014195311251,1.138827633093271,1.0003979301644086,1.0164541728965504,0.7711291297027897,1.162797640947646
2019-12-26,1.421014195311251,1.138827633093271,1.0003979301644086,1.0164541728965504,0.7711291297027897,1.162797640947646
2019-12-27,1.421014195311251,1.138827633093271,1.0003979301644086,1.0164541728965504,0.7711291297027897,1.162797640947646
2019-12-30,1.421014195311251,1.138827633093271,1.0003979301644086,1.0164541728965504,0.7782929296103896,1.162797640947646
2019-12-31,1.4273542462620705,1.138827633093271,1.0003979301644086,1.0216580344094102,0.7834780956103896,1.1686983859598707
2020-01-02,1.4357578886599305,1.1456547564115658,1.0003979301644086,1.029032467879495,0.7885264270152896,1.1759297154819657
2020-01-03,1.4357578886599305,1.145130978611566,1.0003979301644086,1.029757884939775,0.7913010739578598,1.1747440326928456
2020-01-06,1.4357578886599305,1.140182715536846,1.0003979301644086,1.02665893236986,0.7884395716210195,1.1689445098666058
2020-01-07,1.4434407805013207,1.1471385414649757,1.0035957417654484,1.0373974950996199,0.7991604652570593,1.1788805005279857
2020-01-08,1.4360997522264707,1.1331501204649759,0.9983421038347985,1.02310142989962,0.7882958740570593,1.1736589418067858
2020-01-09,1.4360997522264707,1.1434782090649758,0.9983421038347985,1.0369657342996201,0.8007681484570595,1.1736589418067858
2020-01-10,1.4360997522264707,1.1460414882031458,0.9983421038347985,1.0394669330956399,0.8026925100975795,1.1736589418067858
2020-01-13,1.4360997522264707,1.1547782523416457,0.9983421038347985,1.0546794585398749,0.8137733242955993,1.1864742731702353
2020-01-14,1.4360997522264707,1.1564910563286959,0.9983421038347985,1.0577347202048897,0.8154569740971693,1.1894719938527856
2020-01-15,1.4360997522264707,1.1564910563286959,0.9983421038347985,1.0570156731636446,0.8166808871927193,1.1894719938527856
2020-01-16,1.4270445444815303,1.1482413556002058,0.9901140487722984,1.0565651041636446,0.8151095915927192,1.1840413169864108
2020-01-17,1.4313410211053756,1.150822694783811,0.9935216395124234,1.0531992448636445,0.8119742729927191,1.1870735804336856
2020-01-20,1.4313410211053756,1.150822694783811,0.9935216395124234,1.0679999494636445,0.8223870215927193,1.1870735804336856
2020-01-21,1.4313410211053756,1.1381336005297111,0.9935216395124234,1.0558534954636445,0.8150719037927192,1.1740387519110655
2020-01-22,1.4313410211053756,1.1328843557662711,0.9935216395124234,1.0516170604460948,0.8101700081842592,1.1681978735814156
2020-01-23,1.4313410211053756,1.1328843557662711,0.9935216395124234,1.0516170604460948,0.8101700081842592,1.1681978735814156
2020-02-03,1.4313410211053756,1.1328843557662711,0.9935216395124234,1.0516170604460948,0.8101700081842592,1.1681978735814156
2020-02-04,1.4313410211053756,1.1328843557662711,0.9935216395124234,1.0516170604460948,0.8101700081842592,1.1681978735814156
2020-02-05,1.4313410211053756,1.1328843557662711,0.9966160736564834,1.0516170604460948,0.8101700081842592,1.1681978735814156
2020-02-06,1.4313410211053756,1.1328843557662711,1.0023464038170735,1.0516170604460948,0.8101700081842592,1.1681978735814156
2020-02-07,1.4313410211053756,1.1328843557662711,1.0023464038170735,1.0516170604460948,0.8171248686547792,1.1681978735814156
2020-02-10,1.4313410211053756,1.1328843557662711,1.0023464038170735,1.0645457170830996,0.828507992254779,1.1822026942775057
2020-02-11,1.4313410211053756,1.1328843557662711,1.0023464038170735,1.0591955713830996,0.8229156812547791,1.1843167558775054
2020-02-12,1.4451601358252852,1.144969644401006,1.0023464038170735,1.0786334234830997,0.8420415498547791,1.2001743724775056
2020-02-13,1.4454661411747753,1.144893840587811,1.0023464038170735,1.0693538763830996,0.835219685254779,1.2000804274207757
2020-02-14,1.4454661411747753,1.144893840587811,1.0023464038170735,1.0709221342830997,0.833426394172799,1.2069595006041356
2020-02-17,1.4454661411747753,1.144893840587811,1.0023464038170735,1.0773919946132695,0.8577727647856789,1.2122055725297955
2020-02-18,1.4408755741474002,1.1460867663005458,0.9966721448710734,1.0874015160183894,0.8593962355651188,1.2191573469844652
2020-02-19,1.4378467006822502,1.143828510844411,0.9940504835011734,1.0763516088183895,0.8535373324827887,1.2172474968369051
2020-02-20,1.4664926031966903,1.162146143826921,1.0097703861451433,1.0793112450337494,0.8554327165693186,1.2395586656776652
2020-02-21,1.4628208273813255,1.158943483722946,1.0053546262885282,1.0941175758331494,0.8694390141998635,1.248770978677665
2020-02-24,1.4628208273813255,1.158943483722946,0.9984229454105282,1.1095086774331493,0.8884731459998636,1.2458449494558352
2020-02-25,1.4628208273813255,1.158943483722946,0.9853369584917282,1.1156049480331491,0.8921884630998637,1.2705560602221853
2020-02-26,1.4628208273813255,1.158943483722946,0.9934691646193081,1.1015155447610092,0.8664305954998637,1.2537578384384602
2020-02-27,1.4628208273813255,1.1583196498681507,0.9944118090242882,1.0982178795394593,0.8678559014998636,1.25176838130922
2020-02-28,1.4447854786470655,1.1323415797755159,0.9806466860565981,1.0407546595394592,0.8176598600998637,1.1953824195092202
2020-03-02,1.4551064493389154,1.1323415797755159,0.986304914535513,1.079729283539459,0.8513596733998637,1.2386263587092199
2020-03-03,1.4551064493389154,1.1323415797755159,0.979378001635613,1.098635913984559,0.8668745483754836,1.25756401036046
2020-03-04,1.4551064493389154,1.1323415797755159,0.979105358478663,1.1073519725182437,0.8779917335809286,1.2705075031090949
2020-03-05,1.4551064493389154,1.1323415797755159,0.979105358478663,1.1236814516182438,0.8899701115250934,1.28425269798074
2020-03-06,1.4551064493389154,1.1323415797755159,0.979105358478663,1.1164903295182438,0.8984257374637733,1.28425269798074
2020-03-09,1.4551064493389154,1.1323415797755159,0.979105358478663,1.0979480676886737,0.8633350666637734,1.28425269798074
2020-03-10,1.4551064493389154,1.1323415797755159,0.979105358478663,1.0979480676886737,0.8512434678148334,1.28425269798074
2020-03-11,1.4551064493389154,1.1323415797755159,0.979105358478663,1.0979480676886737,0.8512434678148334,1.28425269798074
2020-03-12,1.4551064493389154,1.1323415797755159,0.979105358478663,1.0979480676886737,0.8512434678148334,1.28425269798074
2020-03-13,1.4551064493389154,1.1323415797755159,0.979105358478663,1.0979480676886737,0.8512434678148334,1.28425269798074
2020-03-16,1.4551064493389154,1.1323415797755159,0.979105358478663,1.0979480676886737,0.8512434678148334,1.28425269798074
2020-03-17,1.4551064493389154,1.1323415797755159,0.979105358478663,1.0979480676886737,0.8512434678148334,1.28425269798074
2020-03-18,1.4551064493389154,1.1323415797755159,0.979105358478663,1.0979480676886737,0.8512434678148334,1.28425269798074
2020-03-19,1.4551064493389154,1.1323415797755159,0.979105358478663,1.0979480676886737,0.8512434678148334,1.28425269798074
2020-03-20,1.4551064493389154,1.1323415797755159,0.979105358478663,1.0979480676886737,0.8512434678148334,1.28425269798074
2020-03-23,1.4551064493389154,1.1323415797755159,0.979105358478663,1.0979480676886737,0.8512434678148334,1.28425269798074
2020-03-24,1.4551064493389154,1.1323415797755159,0.979105358478663,1.0979480676886737,0.8512434678148334,1.28425269798074
2020-03-25,1.4551064493389154,1.1323415797755159,0.979105358478663,1.0979480676886737,0.8512434678148334,1.28425269798074
2020-03-26,1.4551064493389154,1.1323415797755159,0.979105358478663,1.0979480676886737,0.8512434678148334,1.28425269798074
2020-03-27,1.4551064493389154,1.1323415797755159,0.979105358478663,1.0979480676886737,0.8512434678148334,1.28425269798074
2020-03-30,1.4551064493389154,1.1323415797755159,0.979105358478663,1.0979480676886737,0.8512434678148334,1.28425269798074
2020-03-31,1.4551064493389154,1.1323415797755159,0.979105358478663,1.0979480676886737,0.8512434678148334,1.28425269798074
2020-04-01,1.4551064493389154,1.1323415797755159,0.979105358478663,1.0979480676886737,0.8512434678148334,1.28425269798074
2020-04-02,1.4551064493389154,1.1323415797755159,0.979105358478663,1.0979480676886737,0.8512434678148334,1.28425269798074
2020-04-03,1.4551064493389154,1.1323415797755159,0.979105358478663,1.0979480676886737,0.8512434678148334,1.28425269798074
2020-04-07,1.4551064493389154,1.1323415797755159,0.979105358478663,1.0979480676886737,0.8512434678148334,1.28425269798074
2020-04-08,1.4551064493389154,1.1323415797755159,0.979105358478663,1.0979480676886737,0.8512434678148334,1.28425269798074
2020-04-09,1.4551064493389154,1.1323415797755159,0.979105358478663,1.0979480676886737,0.8512434678148334,1.28425269798074
2020-04-10,1.4551064493389154,1.1323415797755159,0.979105358478663,1.0979480676886737,0.8512434678148334,1.28425269798074
2020-04-13,1.4551064493389154,1.1323415797755159,0.979105358478663,1.0979480676886737,0.8512434678148334,1.28425269798074
2020-04-14,1.4551064493389154,1.1323415797755159,0.979105358478663,1.1170734926075336,0.8512434678148334,1.28425269798074
2020-04-15,1.4551064493389154,1.1323415797755159,0.979105358478663,1.1176177892709738,0.8463800839398181,1.28425269798074
2020-04-16,1.4551064493389154,1.1323415797755159,0.979105358478663,1.1325829799768088,0.8416199173585382,1.28425269798074
2020-04-17,1.4551064493389154,1.1323415797755159,0.979105358478663,1.1405084655763489,0.837720493120068,1.28425269798074
2020-04-20,1.4551064493389154,1.1323415797755159,0.979105358478663,1.151396475968189,0.8394465912388982,1.28425269798074
2020-04-21,1.4551064493389154,1.1323415797755159,0.979105358478663,1.146286821082214,0.838182578575223,1.28425269798074
2020-04-22,1.4551064493389154,1.1323415797755159,0.979105358478663,1.1640196845978137,0.8305932888803732,1.28425269798074
2020-04-23,1.4551064493389154,1.1323415797755159,0.979105358478663,1.1670899308090936,0.8230961134071232,1.28425269798074
2020-04-24,1.4551064493389154,1.1323415797755159,0.979105358478663,1.1501300144660738,0.8219514736684632,1.28425269798074
2020-04-27,1.4551064493389154,1.1323415797755159,0.979105358478663,1.1484246876660738,0.8175220574644632,1.28425269798074
2020-04-28,1.4551064493389154,1.1323415797755159,0.979105358478663,1.1487757725622239,0.8167717319551031,1.28425269798074
2020-04-29,1.4551064493389154,1.1323415797755159,0.979105358478663,1.153686336122324,0.8188004422668431,1.28425269798074
2020-04-30,1.4551064493389154,1.1323415797755159,0.979105358478663,1.1610444435812237,0.8379895135668429,1.28425269798074
2020-05-06,1.4551064493389154,1.1323415797755159,0.979105358478663,1.1610444435812237,0.8317942676539031,1.28425269798074
2020-05-07,1.4551064493389154,1.1323415797755159,0.979105358478663,1.1610444435812237,0.8317942676539031,1.28425269798074
2020-05-08,1.4551064493389154,1.1323415797755159,0.979105358478663,1.1610444435812237,0.8317942676539031,1.28425269798074
2020-05-11,1.4551064493389154,1.1323415797755159,0.979105358478663,1.1610444435812237,0.8317942676539031,1.28425269798074
2020-05-12,1.45448287912328,1.1309750767826006,0.9783753794850629,1.1610444435812237,0.8317942676539031,1.28425269798074
2020-05-13,1.44927625143714,1.1274429222601206,0.975245263654863,1.1610444435812237,0.8317942676539031,1.28425269798074
2020-05-14,1.44927625143714,1.1274429222601206,0.975245263654863,1.1610444435812237,0.8317942676539031,1.28425269798074
2020-05-15,1.44927625143714,1.1274429222601206,0.966132438876993,1.1610444435812237,0.8317942676539031,1.28425269798074
2020-05-18,1.44927625143714,1.1274429222601206,0.9666835517434529,1.1610444435812237,0.8317942676539031,1.28425269798074
2020-05-19,1.44927625143714,1.1274429222601206,0.9666835517434529,1.1610444435812237,0.8317942676539031,1.28425269798074
2020-05-20,1.44927625143714,1.1274429222601206,0.9666835517434529,1.1610444435812237,0.8317942676539031,1.28425269798074
2020-05-21,1.44927625143714,1.1274429222601206,0.9666835517434529,1.1610444435812237,0.8317942676539031,1.28425269798074
2020-05-22,1.44927625143714,1.1274429222601206,0.9666835517434529,1.1610444435812237,0.8317942676539031,1.28425269798074
2020-05-25,1.44927625143714,1.1274429222601206,0.9666835517434529,1.1610444435812237,0.8317942676539031,1.28425269798074
2020-05-26,1.44927625143714,1.1274429222601206,0.9666835517434529,1.1610444435812237,0.8317942676539031,1.28425269798074
2020-05-27,1.44927625143714,1.1274429222601206,0.9666835517434529,1.1610444435812237,0.8317942676539031,1.28425269798074
2020-05-28,1.44927625143714,1.1274429222601206,0.9666835517434529,1.1610444435812237,0.8317942676539031,1.28425269798074
2020-05-29,1.44927625143714,1.1274429222601206,0.9666835517434529,1.1610444435812237,0.8317942676539031,1.28425269798074
2020-06-01,1.4748858772685454,1.1274429222601206,0.9795438782234427,1.1610444435812237,0.8317942676539031,1.310144229628435
2020-06-02,1.47414996433418,1.1292354107174005,0.9774103846702077,1.1610444435812237,0.8303271089377029,1.31226468666535
2020-06-03,1.4674805989060202,1.1325368847016604,0.9774103846702077,1.1585136501651736,0.8312477536672629,1.307987669074825
2020-06-04,1.4726017514752998,1.1325368847016604,0.9774103846702077,1.1618657250184488,0.8312477536672629,1.3116030828745
2020-06-05,1.4771879662824348,1.1325368847016604,0.9774103846702077,1.1617469331252888,0.8318745382684629,1.3136864501919603
2020-06-08,1.4852142915903348,1.1307506329615002,0.9779061690502074,1.1683935879722238,0.8350502236866129,1.3202682681318
2020-06-09,1.4852142915903348,1.1312586533397404,0.9785528372659675,1.1683935879722238,0.8350502236866129,1.3202682681318
2020-06-10,1.4852142915903348,1.1312586533397404,0.9785528372659675,1.1689639346457434,0.8371104776932928,1.3202682681318
2020-06-11,1.4852142915903348,1.1312586533397404,0.9785528372659675,1.1694957082434236,0.8370954469968728,1.3202682681318
2020-06-12,1.4852142915903348,1.1312586533397404,0.9785528372659675,1.1694957082434236,0.8370954469968728,1.3202682681318
2020-06-15,1.4745838912205744,1.1240099048358003,0.9702625907229274,1.1661509470875835,0.8366755869634926,1.314458839727895
2020-06-16,1.4894605295346943,1.1326846444149805,0.9800408827080926,1.1748391718130233,0.8431253632482726,1.3260032956028047
2020-06-17,1.4888618357129941,1.1337508919756603,0.9803305024447924,1.1801435256846984,0.8454393855193125,1.3277772350877546
2020-06-18,1.4857492227509446,1.1312679153294505,0.9771362958665926,1.1805027667191483,0.8439412628809525,1.3258415507056296
2020-06-19,1.4857492227509446,1.1421752747003304,0.9886592032814774,1.1805027667191483,0.8439412628809525,1.3258415507056296
2020-06-22,1.4857492227509446,1.1417227940142503,0.9869483235181274,1.1783447816654131,0.8470129894952324,1.3258415507056296
2020-06-23,1.4941267695255545,1.145298930761125,0.9909935914705674,1.1779845443675032,0.8471075303209125,1.3312832117486295
2020-06-24,1.4961853494792645,1.1460367650102001,0.9918950785848872,1.173879746641863,0.8449574684950873,1.3326503397486296
2020-06-29,1.4893661418196247,1.1414147393885252,0.9883568376216221,1.1707493589493128,0.8431190206062373,1.3250306717486295
2020-06-30,1.4964855594675848,1.142625269551675,0.9910543914561671,1.1707493589493128,0.8431190206062373,1.3310921615592297
2020-07-01,1.5231619665653344,1.15571300924038,0.9910543914561671,1.1707493589493128,0.8431190206062373,1.3429269371415296
2020-07-02,1.5199358813557349,1.1546783436052448,0.9910543914561671,1.1707493589493128,0.8431190206062373,1.3414850734554895
2020-07-03,1.5428822198655399,1.172616861672365,0.9910543914561671,1.1825694010721628,0.8501008209571722,1.3581410255921347
2020-07-06,1.6303065104655396,1.2394221267723649,0.9910543914561671,1.191058103356238,0.8550251976379071,1.4234390988921344
2020-07-07,1.6543193013610995,1.2570690226045247,0.9910543914561671,1.191058103356238,0.8550251976379071,1.4412002909749144
2020-07-08,1.6826335374422192,1.2816547854830045,0.9910543914561671,1.191058103356238,0.8550251976379071,1.4693337844867593
2020-07-09,1.7061355214422194,1.2993844638830045,0.9910543914561671,1.2186272098648177,0.8799635705076571,1.4991846241867592
2020-07-10,1.6752869806422195,1.2740904550830046,0.9910543914561671,1.2130910339568277,0.877324424683617,1.482640290986759
2020-07-13,1.6712492393055793,1.2724201096731245,0.9910543914561671,1.2469086608064277,0.9044129025960169,1.5236042444867592
2020-07-14,1.6608299892409542,1.2646795788577743,0.9910543914561671,1.2462699037146274,0.905397937825737,1.5207415244909395
2020-07-15,1.6393635717409543,1.2449533248577744,0.9910543914561671,1.2139102777923674,0.8776979891865418,1.4883497614363792
2020-07-16,1.6381041735893291,1.2429372489332744,0.9910543914561671,1.1558813431923673,0.8317792232865419,1.4154647401363794
2020-07-17,1.6381041735893291,1.2429372489332744,0.9910543914561671,1.1569877841689173,0.8317730160232768,1.4220072943363795
2020-07-20,1.6381041735893291,1.2429372489332744,0.9910543914561671,1.1762099190089175,0.8500830267179118,1.4656456345363795
2020-07-21,1.6381041735893291,1.2429372489332744,0.9910543914561671,1.1795850657458173,0.8527758277071418,1.4720097286363791
2020-07-22,1.6381041735893291,1.2429372489332744,0.9910543914561671,1.1913163811323322,0.8616691044999415,1.4692920344034894
2020-07-23,1.6381041735893291,1.2429372489332744,0.9910543914561671,1.1806434869301072,0.8546817252873417,1.4817643902794693
2020-07-24,1.5771556796560795,1.2000473376576495,0.9910543914561671,1.126618795000402,0.8168884600389416,1.4138285586794692
2020-07-27,1.5851564696560791,1.2032192376576496,0.9910543914561671,1.129259403000402,0.8195676643521416,1.4204257666973241
2020-07-28,1.598643352028329,1.2108775551820246,0.9899555209649672,1.1374925165387022,0.8221087743436665,1.4229337238492092
2020-07-29,1.6403496059498288,1.2379077433401493,0.9894436156337673,1.1712003911765871,0.8203079026728514,1.4196621961176592
2020-07-30,1.632349515949829,1.2350089558401494,0.9894436156337673,1.167828890376587,0.8163058097580264,1.411047324172989
2020-07-31,1.6459629759498289,1.2437031433401493,0.9894436156337673,1.1800427047765871,0.8140367624967763,1.4262023835729891
2020-08-03,1.6726555859498289,1.2654378808401494,0.9894436156337673,1.208707567876587,0.8328625819920562,1.4576456378729892
2020-08-04,1.6742276459498289,1.2668335183401493,0.9894436156337673,1.2011714172765868,0.8356104182390163,1.4533203135729893
2020-08-05,1.6690641083555793,1.2635111683926492,0.9894436156337673,1.200809013330637,0.8452758412605812,1.451565943621649
2020-08-06,1.6690641083555793,1.2635111683926492,0.9894436156337673,1.198854588362062,0.8449644435355411,1.448262302208614
2020-08-07,1.6690641083555793,1.2635111683926492,0.9894436156337673,1.184443354562062,0.8371003185442712,1.442400996078404
2020-08-10,1.6690641083555793,1.2635111683926492,0.9894436156337673,1.180315345691407,0.8346645111675212,1.442400996078404
2020-08-11,1.6690641083555793,1.2635111683926492,0.9894436156337673,1.180315345691407,0.8346645111675212,1.442400996078404
2020-08-12,1.6690641083555793,1.2635111683926492,0.9894436156337673,1.180315345691407,0.8346645111675212,1.442400996078404
2020-08-13,1.6690641083555793,1.2635111683926492,0.9894436156337673,1.180315345691407,0.8346645111675212,1.442400996078404
2020-08-14,1.6690641083555793,1.2635111683926492,0.9894436156337673,1.180315345691407,0.8346645111675212,1.442400996078404
2020-08-17,1.6690641083555793,1.2635111683926492,0.9894436156337673,1.180315345691407,0.8346645111675212,1.442400996078404
2020-08-18,1.667494518957009,1.266681831842464,0.9885524326615369,1.180315345691407,0.8346645111675212,1.446657125439209
2020-08-19,1.6644457054175592,1.2640976069612342,0.9867602226202771,1.160016133100462,0.8186640251331212,1.4223816511392087
2020-08-20,1.6539696824829242,1.255677656147459,0.980411808552777,1.1474755361004618,0.8069185627331212,1.4044561834392089
2020-08-21,1.6673573246400941,1.261578913752404,0.986469948552777,1.156153112300462,0.8117360187331212,1.413481228407939
2020-08-24,1.6704228320958188,1.259359010402824,0.990668088552777,1.1639416242004619,0.8183849995331212,1.418217762858219
2020-08-25,1.6725644936958188,1.254884676202824,0.994303608552777,1.1653516056968418,0.8187525161651212,1.416195404058219
2020-08-26,1.6722323221115287,1.254040439270929,0.993582156684777,1.1433772114105918,0.799247085960451,1.393178269458219
2020-08-27,1.6766840104193288,1.260102264784169,0.9946416277559869,1.1453506653353418,0.7995281137828912,1.3955603667062793
2020-08-28,1.674998193814129,1.258475898067649,0.9962252618278471,1.1659393397949318,0.8108898260065712,1.4232859514665992
2020-08-31,1.6559791730752638,1.2506063349242087,0.9835126156682071,1.1706492426329416,0.8145624517404112,1.430047912530279
2020-09-01,1.651333715246574,1.248235104343729,0.9802254072350971,1.1780503119729415,0.8191722488909711,1.4404699909271488
2020-09-02,1.6459377636624837,1.2423453403199487,0.9730408208139468,1.1805392575763165,0.8204009401595311,1.4441444165391737
2020-09-03,1.644883058285784,1.2418792729782087,0.9734628899169468,1.1711137635910662,0.812019650812331,1.4339480286871387
2020-09-04,1.6560813085103443,1.2487458494341286,0.9779537268782468,1.1634705860910663,0.811151057212331,1.4092971964835534
2020-09-07,1.6521214735266794,1.2465321935874087,0.9761650102330218,1.1390119210910663,0.797161014012331,1.3824061166850883
2020-09-08,1.655592625134999,1.2520757966490934,0.9827544467910918,1.1471119010910662,0.802300929212331,1.385444223087418
2020-09-09,1.6341778120933992,1.2385370670461235,0.9717566600796618,1.1347287268269415,0.793246345851291,1.365750911663163
2020-09-10,1.6162903284450791,1.2204784146265235,0.9660218430702016,1.1046287086818112,0.7603452141143608,1.3773138934814182
2020-09-11,1.612627367664919,1.2168879919639437,0.9637883525519866,1.0999006726077563,0.755559547132911,1.3989749485348881
2020-09-14,1.6120388188675088,1.2177799918216785,0.9666381028405866,1.0998893491929111,0.7628462249011709,1.406746725054248
2020-09-15,1.624990256267509,1.2240371665216787,0.9656277276763865,1.1062277750929113,0.7665344441011709,1.4151486753740727
2020-09-16,1.622852304656109,1.2229220610336087,0.9600635367233766,1.1046154795060013,0.758911596801171,1.413185817415348
2020-09-17,1.6193496331187391,1.2201691723669985,0.9571744822413516,1.108164600879851,0.7574043885220559,1.4137977232680878
2020-09-18,1.655776333618739,1.2454043754669986,0.9804348388692514,1.125990657279851,0.7690392594807558,1.4402950168680877
2020-09-21,1.639840784218739,1.2375137096669986,0.9836321557076515,1.121900909079851,0.7687557454807558,1.4316336436680877
2020-09-22,1.6266107761116737,1.2275310734266784,0.9836321557076515,1.112348534627351,0.7615088958922058,1.4197224456732729
2020-09-23,1.6266107761116737,1.2276742685382984,0.9836321557076515,1.1138787354854212,0.7640028415900657,1.4197224456732729
2020-09-24,1.6266107761116737,1.2211962400263985,0.9836321557076515,1.1070419354720211,0.7584552057418806,1.4197224456732729
2020-09-25,1.6266107761116737,1.2211962400263985,0.9836321557076515,1.1070419354720211,0.7584552057418806,1.4197224456732729
2020-09-28,1.6266107761116737,1.2211962400263985,0.9836321557076515,1.1070419354720211,0.7584552057418806,1.4197224456732729
2020-09-29,1.6266107761116737,1.2211962400263985,0.9836321557076515,1.1070419354720211,0.7584552057418806,1.4197224456732729
2020-09-30,1.6266107761116737,1.2211962400263985,0.9836321557076515,1.1070419354720211,0.7584552057418806,1.4197224456732729
2020-10-09,1.6266107761116737,1.2211962400263985,0.9836321557076515,1.1070419354720211,0.7584552057418806,1.4197224456732729
2020-10-12,1.6266107761116737,1.2211962400263985,0.9836321557076515,1.1070419354720211,0.7584552057418806,1.4197224456732729
2020-10-13,1.6266107761116737,1.2211962400263985,0.9836321557076515,1.1070419354720211,0.7584552057418806,1.4197224456732729
2020-10-14,1.6266107761116737,1.2211962400263985,0.9836321557076515,1.1070419354720211,0.7584552057418806,1.4197224456732729
2020-10-15,1.6266107761116737,1.2211962400263985,0.9836321557076515,1.1070419354720211,0.7513338412186806,1.4197224456732729
2020-10-16,1.6266107761116737,1.2211962400263985,0.9836321557076515,1.1070419354720211,0.7491243880186806,1.4197224456732729
2020-10-19,1.6266107761116737,1.2211962400263985,0.9836321557076515,1.1070419354720211,0.7530522972684006,1.4197224456732729
2020-10-20,1.6266107761116737,1.2211962400263985,0.9836321557076515,1.1070419354720211,0.7613358226562406,1.4197224456732729
2020-10-21,1.6266107761116737,1.2211962400263985,0.9836321557076515,1.1070419354720211,0.7495320600562407,1.4197224456732729
2020-10-22,1.6266107761116737,1.2211962400263985,0.9836321557076515,1.1070419354720211,0.7448139405562407,1.4197224456732729
2020-10-23,1.6069945713201732,1.2211962400263985,0.9836321557076515,1.1070419354720211,0.7450257695174256,1.4197224456732729
2020-10-26,1.5950455409486735,1.2211962400263985,0.9836321557076515,1.1070419354720211,0.7480878463590257,1.4197224456732729
2020-10-27,1.6013151679565734,1.2211962400263985,0.9836321557076515,1.1070419354720211,0.7459826038831857,1.4197224456732729
2020-10-28,1.6023416107729733,1.2211962400263985,0.9887852263206215,1.1070419354720211,0.7464251535571856,1.4197224456732729
2020-10-29,1.6326463193338732,1.2349481954326131,0.9784310534174314,1.1070419354720211,0.7360437860037206,1.442604215890508
2020-10-30,1.6336163438894933,1.216778718132613,0.9660673271207613,1.1070419354720211,0.7167455907159206,1.4141642715905076
2020-11-02,1.639647269175808,1.2181729367993632,0.9659912127242913,1.1111362842842212,0.7170348797159205,1.4157993595644027
2020-11-03,1.659332405675808,1.2181729367993632,0.9727392459823413,1.1167374029831212,0.7196214370513706,1.4299624564025728
2020-11-04,1.6604323897074083,1.2181729367993632,0.9737854652727514,1.114349391380561,0.7173645192278306,1.4307876857861574
2020-11-05,1.6604323897074083,1.2181729367993632,0.9737854652727514,1.1249424219974409,0.7229285193311306,1.4407305931266772
2020-11-06,1.6561579252917582,1.2127545008983132,0.9675688327277913,1.1133453195028806,0.7140736421182504,1.4439948948024774
2020-11-09,1.6671109068441279,1.218892352273663,0.9742427949591514,1.1345362299028807,0.7313856787182506,1.4645661435642774
2020-11-10,1.6671109068441279,1.218892352273663,0.9742427949591514,1.1259887371028807,0.7237014525182505,1.4670659175103975
2020-11-11,1.6671109068441279,1.218892352273663,0.9742427949591514,1.1228784378246408,0.7216709056723306,1.4670659175103975
2020-11-12,1.6671109068441279,1.218892352273663,0.9742427949591514,1.1228784378246408,0.7216709056723306,1.4670659175103975
2020-11-13,1.6671109068441279,1.218892352273663,0.9742427949591514,1.1228784378246408,0.7216709056723306,1.4670659175103975
2020-11-16,1.6671109068441279,1.218892352273663,0.9742427949591514,1.1228784378246408,0.7216709056723306,1.4670659175103975
2020-11-17,1.6671109068441279,1.218892352273663,0.9742427949591514,1.1228784378246408,0.7216709056723306,1.4670659175103975
2020-11-18,1.6671109068441279,1.218892352273663,0.9742427949591514,1.1228784378246408,0.7216709056723306,1.4670659175103975
2020-11-19,1.6671109068441279,1.218892352273663,0.9742427949591514,1.1228784378246408,0.7216709056723306,1.4670659175103975
2020-11-20,1.6671109068441279,1.218892352273663,0.9742427949591514,1.1228784378246408,0.7216709056723306,1.4670659175103975
2020-11-23,1.6671109068441279,1.218892352273663,0.9742427949591514,1.1228784378246408,0.7216709056723306,1.4670659175103975
2020-11-24,1.6671109068441279,1.218892352273663,0.9742427949591514,1.1228784378246408,0.7216709056723306,1.4670659175103975
2020-11-25,1.6671109068441279,1.218892352273663,0.9742427949591514,1.1228784378246408,0.7216709056723306,1.4670659175103975
2020-11-26,1.6671109068441279,1.218892352273663,0.9818161707372314,1.1228784378246408,0.7216709056723306,1.4670659175103975
2020-11-27,1.6671109068441279,1.218892352273663,0.9838188829908714,1.1228784378246408,0.7216709056723306,1.4670659175103975
2020-11-30,1.6671109068441279,1.218892352273663,0.9724039133086714,1.1228784378246408,0.7216709056723306,1.4670659175103975
2020-12-01,1.6671109068441279,1.218892352273663,0.9753786376248714,1.1228784378246408,0.7216709056723306,1.4670659175103975
2020-12-02,1.6671109068441279,1.218892352273663,0.9753786376248714,1.1228784378246408,0.7216709056723306,1.4670659175103975
2020-12-03,1.6671109068441279,1.218892352273663,0.9753786376248714,1.1228784378246408,0.7216709056723306,1.4670659175103975
2020-12-04,1.6671109068441279,1.218892352273663,0.9753786376248714,1.1228784378246408,0.7216709056723306,1.4670659175103975
2020-12-07,1.6671109068441279,1.218892352273663,0.9753786376248714,1.1228784378246408,0.7216709056723306,1.4670659175103975
2020-12-08,1.6671109068441279,1.218892352273663,0.9753786376248714,1.1228784378246408,0.7216709056723306,1.4670659175103975
2020-12-09,1.6671109068441279,1.218892352273663,0.9753786376248714,1.1228784378246408,0.7216709056723306,1.4670659175103975
2020-12-10,1.6671109068441279,1.218892352273663,0.9753786376248714,1.1228784378246408,0.7216709056723306,1.4670659175103975
2020-12-11,1.6671109068441279,1.218892352273663,0.9753786376248714,1.1228784378246408,0.7216709056723306,1.4670659175103975
2020-12-14,1.6671109068441279,1.218892352273663,0.9753786376248714,1.1228784378246408,0.7216709056723306,1.4670659175103975
2020-12-15,1.6671109068441279,1.218892352273663,0.9753786376248714,1.1228784378246408,0.7216709056723306,1.4670659175103975
2020-12-16,1.6671109068441279,1.218892352273663,0.9753786376248714,1.1228784378246408,0.7216709056723306,1.4670659175103975
2020-12-17,1.6671109068441279,1.218892352273663,0.9753786376248714,1.1228784378246408,0.7216709056723306,1.4670659175103975
2020-12-18,1.6671109068441279,1.218892352273663,0.9753786376248714,1.1194820513739856,0.7216709056723306,1.4621717638919423
2020-12-21,1.6671109068441279,1.218892352273663,0.9753786376248714,1.1211448356347058,0.7340847950147804,1.4621528737514122
2020-12-22,1.6671109068441279,1.218892352273663,0.9753786376248714,1.0994843800688305,0.7186483240147804,1.4621528737514122
2020-12-23,1.6671109068441279,1.218892352273663,0.9753786376248714,1.1095544750688306,0.7242371355147804,1.4621528737514122
2020-12-24,1.6648730273901475,1.2118410218516626,0.9734052053424213,1.1095421949662054,0.7230989064613604,1.4505853189727724
2020-12-25,1.6598950972690476,1.2075836731862628,0.9697236838906614,1.1250395229256354,0.7335278612272005,1.4456267401087222
2020-12-28,1.6598950972690476,1.2075836731862628,0.9697236838906614,1.1189506052256355,0.7288876727272006,1.4456267401087222
2020-12-29,1.6503226243955975,1.2002111772860875,0.9652558758161713,1.1109619247256353,0.7242023960272005,1.436956948965617
2020-12-30,1.6484564361411578,1.1986016600781377,0.9641348958156813,1.1233838266256355,0.7297098608272005,1.435887044852692
2020-12-31,1.6484564361411578,1.1986016600781377,0.9641348958156813,1.1256690760140755,0.7307090684932155,1.435887044852692
2021-01-04,1.6484564361411578,1.1986016600781377,0.9668174898365063,1.1407568162043253,0.7444252590867654,1.435887044852692
2021-01-05,1.6484564361411578,1.2109365133408974,0.9625091074358313,1.1383930846339503,0.7428706653364004,1.435887044852692
2021-01-06,1.6577117596073576,1.2115199096654574,0.9747659642727311,1.1344883086145001,0.7341771138539505,1.435147770048892
2021-01-07,1.660735054063558,1.2115199096654574,0.9783191940736312,1.1335462455326801,0.7322978331571605,1.434953749256732
2021-01-08,1.660735054063558,1.2087750948658473,0.9783191940736312,1.13615120451296,0.7301927823246604,1.4294722539135618
2021-01-11,1.660735054063558,1.2090040228810073,0.9783191940736312,1.1359561958128002,0.7294553592349604,1.430715641478332
2021-01-12,1.660735054063558,1.2090040228810073,0.9783191940736312,1.15645138310208,0.7419705440544403,1.430715641478332
2021-01-13,1.6512233931552778,1.2039368447029073,0.9680211517109811,1.1574763181886398,0.7421832732818954,1.4187830301239517
2021-01-14,1.6445361517202777,1.1991749599896673,0.965354171330561,1.1516246094116598,0.7441333673013553,1.4127056891119718
2021-01-15,1.6402969991252774,1.1990265008407874,0.9632926774732007,1.14764020401166,0.7465996661013554,1.4145525864743018
2021-01-18,1.6340764618442774,1.1949564254367073,0.9606431497869408,1.146993436656,0.7450194737346554,1.410441590840512
2021-01-19,1.6340764618442774,1.1949564254367073,0.9606431497869408,1.1408190976235997,0.7411138106502554,1.410441590840512
2021-01-20,1.6340764618442774,1.1949564254367073,0.9606431497869408,1.1512110000235996,0.7475401242502554,1.410441590840512
2021-01-21,1.6340764618442774,1.1949564254367073,0.9645674328981908,1.1539624423127997,0.7472858252514555,1.410441590840512
2021-01-22,1.6359993162872273,1.191546541701757,0.9646924653844408,1.1569120765589695,0.7456249241623554,1.4116185389494371
2021-01-25,1.6340986491506124,1.190909871327307,0.9646924653844408,1.1564629768274097,0.7442914579475054,1.4096170626122169
2021-01-26,1.6340986491506124,1.190909871327307,0.9646924653844408,1.1409456094619996,0.7333986342978254,1.3889482162421614
2021-01-27,1.6340986491506124,1.190909871327307,0.9646924653844408,1.1398564126035597,0.7316485763428654,1.3872354122082367
2021-01-28,1.6340986491506124,1.190909871327307,0.9646924653844408,1.1289274562549345,0.7239179654983152,1.3872354122082367
2021-01-29,1.6340986491506124,1.190909871327307,0.9646924653844408,1.1347586836753096,0.7282708619994903,1.3872354122082367
2021-02-01,1.6340986491506124,1.190909871327307,0.9646924653844408,1.1443142048671595,0.7354975994699152,1.3872354122082367
2021-02-02,1.6340986491506124,1.190909871327307,0.9646924653844408,1.1552625042671592,0.7437369699699151,1.3872354122082367
2021-02-03,1.6340986491506124,1.190909871327307,0.9646924653844408,1.1453917278671595,0.7310788509699152,1.3872354122082367
2021-02-04,1.6340986491506124,1.1900810614905821,0.9740692170567606,1.1410101598167495,0.7150198254699153,1.3872354122082367
2021-02-05,1.6305015915166068,1.1882076457905821,0.9840912330567606,1.1410101598167495,0.7009381214699152,1.3872354122082367
2021-02-08,1.637006597977142,1.190819476556947,0.9880843616455607,1.1410101598167495,0.7021692382568901,1.3872354122082367
2021-02-09,1.666672137525392,1.212049782417907,1.0010850883527707,1.1410101598167495,0.7021692382568901,1.3872354122082367
2021-02-10,1.673287300313592,1.229387046417907,1.0202375172527707,1.1410101598167495,0.7021692382568901,1.404434342964382
2021-02-18,1.6296962166933722,1.236197464017907,1.0166437028527706,1.1410101598167495,0.7021692382568901,1.4303793384128771
2021-02-19,1.619763555476982,1.2314521469345467,1.0115590293136605,1.1410101598167495,0.7021692382568901,1.4477243424750867
2021-02-22,1.5670200488960369,1.2097717572127866,0.9767342598672805,1.1410101598167495,0.7021692382568901,1.4508092470776468
2021-02-23,1.562091625496037,1.2013767204880468,0.9807121831672804,1.1410101598167495,0.7021692382568901,1.4565906608795718
2021-02-24,1.5224457812960368,1.1764941131609965,0.9817315307040955,1.1410101598167495,0.7021692382568901,1.4580844328640468
2021-02-25,1.5313710191960368,1.1834128601609966,0.9832198911573954,1.1410101598167495,0.7021692382568901,1.4450101085780864
2021-02-26,1.4943205166960372,1.1583442781609965,0.9592067196573953,1.1405912173380242,0.7021692382568901,1.4145456573226662
2021-03-01,1.5172048778960368,1.1723096801609967,0.9671142186573954,1.1480824076792544,0.7166085378178402,1.4290363848771763
2021-03-02,1.5266024369313418,1.1772323469869965,0.9732110002584204,1.133708451916934,0.7190494874602902,1.4362879218201012
2021-03-03,1.5620855125579116,1.2028428974439564,1.0011383821146602,1.1322555357427742,0.72969637364545,1.4643571534615616
2021-03-04,1.5436264228302616,1.1924954763577165,0.9885609945757602,1.118027970204684,0.7257520712361102,1.450722003298591
2021-03-05,1.5644304128712163,1.2056220360339565,0.9972620723341601,1.118289788004684,0.7354803446401501,1.470113486285981
2021-03-08,1.5751817924955311,1.1779050616339564,1.0038014402568103,1.092696615204684,0.7209451772401502,1.427910028485981
2021-03-09,1.5751817924955311,1.1756390301363966,1.0038014402568103,1.088863291311894,0.7193358365313752,1.4237500682301807
2021-03-10,1.5751817924955311,1.1756390301363966,1.0038014402568103,1.088863291311894,0.7193358365313752,1.4237500682301807
2021-03-11,1.5751817924955311,1.1756390301363966,1.0038014402568103,1.088863291311894,0.7193358365313752,1.4237500682301807
2021-03-12,1.5751817924955311,1.1756390301363966,1.0038014402568103,1.088863291311894,0.7193358365313752,1.4237500682301807
2021-03-15,1.5751817924955311,1.1756390301363966,1.0038014402568103,1.088863291311894,0.7193358365313752,1.4237500682301807
2021-03-16,1.5751817924955311,1.1756390301363966,1.0038014402568103,1.088863291311894,0.7193358365313752,1.4237500682301807
2021-03-17,1.5751817924955311,1.1756390301363966,1.0038014402568103,1.088863291311894,0.7193358365313752,1.4237500682301807
2021-03-18,1.5751817924955311,1.1756390301363966,1.0038014402568103,1.088863291311894,0.7193358365313752,1.4237500682301807
2021-03-19,1.5751817924955311,1.1756390301363966,1.0038014402568103,1.088863291311894,0.7193358365313752,1.4237500682301807
2021-03-22,1.5751817924955311,1.1756390301363966,1.0038014402568103,1.088863291311894,0.7193358365313752,1.4237500682301807
2021-03-23,1.5751817924955311,1.1756390301363966,1.0038014402568103,1.088863291311894,0.7193358365313752,1.4237500682301807
2021-03-24,1.5751817924955311,1.1756390301363966,1.0038014402568103,1.088863291311894,0.7193358365313752,1.4237500682301807
2021-03-25,1.5751817924955311,1.1756390301363966,1.0038014402568103,1.088863291311894,0.7193358365313752,1.4237500682301807
2021-03-26,1.5751817924955311,1.1756390301363966,1.0038014402568103,1.088863291311894,0.7193358365313752,1.4237500682301807
2021-03-29,1.5751817924955311,1.1756390301363966,1.0038014402568103,1.088863291311894,0.7193358365313752,1.4237500682301807
2021-03-30,1.5751817924955311,1.1756390301363966,1.0038014402568103,1.095815214157944,0.7193358365313752,1.4237500682301807
2021-03-31,1.5751817924955311,1.1756390301363966,1.0038014402568103,1.0951880042923439,0.7193358365313752,1.4237500682301807
2021-04-01,1.5751817924955311,1.1756390301363966,1.0038014402568103,1.0951880042923439,0.7193358365313752,1.4237500682301807
2021-04-02,1.5751817924955311,1.1756390301363966,1.0038014402568103,1.0951880042923439,0.7193358365313752,1.4237500682301807
2021-04-06,1.5751817924955311,1.1756390301363966,1.0038014402568103,1.0951880042923439,0.7193358365313752,1.4237500682301807
2021-04-07,1.5751817924955311,1.1756390301363966,1.0038014402568103,1.0951880042923439,0.7193358365313752,1.4237500682301807
2021-04-08,1.5751817924955311,1.1756390301363966,1.0038014402568103,1.0951880042923439,0.7193358365313752,1.4237500682301807
2021-04-09,1.5751817924955311,1.1756390301363966,1.0038014402568103,1.0951880042923439,0.7193358365313752,1.4237500682301807
2021-04-12,1.5751817924955311,1.1756390301363966,1.0038014402568103,1.0951880042923439,0.7193358365313752,1.4237500682301807
2021-04-13,1.5751817924955311,1.1756390301363966,1.0038014402568103,1.0951880042923439,0.7193358365313752,1.4237500682301807
2021-04-14,1.5751817924955311,1.1756390301363966,1.0038014402568103,1.0951880042923439,0.7193358365313752,1.4237500682301807
2021-04-15,1.5751817924955311,1.1756390301363966,1.0038014402568103,1.0951880042923439,0.7193358365313752,1.4237500682301807
2021-04-16,1.5751817924955311,1.1756390301363966,1.0038014402568103,1.0951880042923439,0.7193358365313752,1.4237500682301807
2021-04-19,1.5751817924955311,1.1756390301363966,1.0038014402568103,1.0951880042923439,0.7193358365313752,1.4237500682301807
2021-04-20,1.5751817924955311,1.1756390301363966,1.0038014402568103,1.0951880042923439,0.7193358365313752,1.4237500682301807
2021-04-21,1.5751817924955311,1.1756390301363966,1.0038014402568103,1.0951880042923439,0.7193358365313752,1.4237500682301807
2021-04-22,1.5751817924955311,1.1756390301363966,1.0038014402568103,1.0951880042923439,0.7193358365313752,1.4237500682301807
2021-04-23,1.5751817924955311,1.1756390301363966,1.0038014402568103,1.0951880042923439,0.7193358365313752,1.4237500682301807
2021-04-26,1.5751817924955311,1.1756390301363966,1.0038014402568103,1.0951880042923439,0.7193358365313752,1.4237500682301807
2021-04-27,1.5751817924955311,1.1756390301363966,1.0038014402568103,1.0951880042923439,0.7193358365313752,1.4237500682301807
2021-04-28,1.5751817924955311,1.1756390301363966,1.0038014402568103,1.0951880042923439,0.7193358365313752,1.4237500682301807
2021-04-29,1.5751817924955311,1.1756390301363966,1.0038014402568103,1.0951880042923439,0.7193358365313752,1.4237500682301807
2021-04-30,1.5751817924955311,1.1756390301363966,1.0038014402568103,1.0951880042923439,0.7193358365313752,1.4237500682301807
2021-05-06,1.5751817924955311,1.1756390301363966,1.0038014402568103,1.0951880042923439,0.7193358365313752,1.4237500682301807
2021-05-07,1.5751817924955311,1.1756390301363966,1.0038014402568103,1.0951880042923439,0.7193358365313752,1.4237500682301807
2021-05-10,1.5751817924955311,1.1756390301363966,1.0038014402568103,1.0951880042923439,0.7193358365313752,1.4237500682301807
2021-05-11,1.5751817924955311,1.1756390301363966,1.0038014402568103,1.0951880042923439,0.7193358365313752,1.4237500682301807
2021-05-12,1.5751817924955311,1.1756390301363966,1.0038014402568103,1.0951880042923439,0.7193358365313752,1.4237500682301807
2021-05-13,1.5751817924955311,1.1745731116569964,1.0038014402568103,1.0951880042923439,0.7193358365313752,1.4240142706517807
2021-05-14,1.5751817924955311,1.1766389237425265,1.0038014402568103,1.1070444186771586,0.7267287519818552,1.4277015483913806
2021-05-17,1.5751817924955311,1.1766389237425265,1.0038014402568103,1.1062169299797338,0.7259974997947353,1.4277015483913806
2021-05-18,1.5751817924955311,1.1766389237425265,1.0038014402568103,1.1062169299797338,0.7259974997947353,1.4277015483913806
2021-05-19,1.5751817924955311,1.1766389237425265,1.0038014402568103,1.1062169299797338,0.7259974997947353,1.4277015483913806
2021-05-20,1.5751817924955311,1.1766389237425265,1.0038014402568103,1.1062169299797338,0.7259974997947353,1.4277015483913806
2021-05-21,1.5553222515744811,1.1683292402687013,0.98916395789257,1.1062169299797338,0.7259974997947353,1.4165351189584852
2021-05-24,1.5564987764595115,1.1680583121459263,0.98933670120781,1.1108326453258586,0.7323066745026553,1.4168681899126903
2021-05-25,1.6024515869795963,1.1941246927228761,0.98933670120781,1.1115491036655987,0.7327368774853754,1.4463198677916702
2021-05-26,1.604510421701561,1.1957760311248162,0.98933670120781,1.1115491036655987,0.7355503885005252,1.4476096248412302
2021-05-27,1.604510421701561,1.1957760311248162,0.98933670120781,1.1115491036655987,0.7345626968367752,1.4476096248412302
2021-05-28,1.598978418950561,1.1922925821531962,0.98933670120781,1.1062494203865985,0.7327589339761501,1.44373683899748
2021-05-31,1.597837275238061,1.1918774384677662,0.98933670120781,1.1082917520339985,0.7346550094496203,1.4446471325637298
2021-06-01,1.6039594438855609,1.1970170928766661,0.9916098775679599,1.1115900058088184,0.7392817888884652,1.451105366328195
2021-06-02,1.6057180284055608,1.197370374625816,0.9944523989378548,1.1115456806300985,0.7381144694331253,1.4515518882387597
2021-06-03,1.5962592299951508,1.1934698018351162,0.9944523989378548,1.1093245316205784,0.7379267696046501,1.4455998909345895
2021-06-04,1.5878377566464061,1.187070395349436,0.9944523989378548,1.1048985551215984,0.734737290891795,1.4391481411622298
2021-06-07,1.5878377566464061,1.187070395349436,0.9944523989378548,1.1048985551215984,0.734737290891795,1.4391481411622298
2021-06-08,1.5878377566464061,1.187070395349436,0.9944523989378548,1.1048985551215984,0.734737290891795,1.4391481411622298
2021-06-09,1.5878377566464061,1.187070395349436,0.9944523989378548,1.1048985551215984,0.734737290891795,1.4391481411622298
2021-06-10,1.5878377566464061,1.187070395349436,0.9944523989378548,1.1048985551215984,0.734737290891795,1.4391481411622298
2021-06-11,1.5878377566464061,1.187070395349436,0.9944523989378548,1.1048985551215984,0.734737290891795,1.4391481411622298
2021-06-15,1.5878377566464061,1.187070395349436,0.9944523989378548,1.1048985551215984,0.734737290891795,1.4391481411622298
2021-06-16,1.5878377566464061,1.187070395349436,0.9944523989378548,1.1048985551215984,0.734737290891795,1.4391481411622298
2021-06-17,1.5878377566464061,1.187070395349436,0.9944523989378548,1.1048985551215984,0.734737290891795,1.4391481411622298
2021-06-18,1.5878377566464061,1.187070395349436,0.9944523989378548,1.1048985551215984,0.734737290891795,1.4391481411622298
2021-06-21,1.5878377566464061,1.187070395349436,0.9944523989378548,1.1048985551215984,0.734737290891795,1.4391481411622298
2021-06-22,1.5878377566464061,1.187070395349436,0.9944523989378548,1.1048985551215984,0.734737290891795,1.4391481411622298
2021-06-23,1.5878377566464061,1.187070395349436,0.9944523989378548,1.1048985551215984,0.734737290891795,1.4391481411622298
2021-06-24,1.5878377566464061,1.187070395349436,0.9944523989378548,1.1048985551215984,0.734737290891795,1.4391481411622298
2021-06-25,1.5878377566464061,1.187070395349436,0.9944523989378548,1.1048985551215984,0.734737290891795,1.4391481411622298
2021-06-28,1.5878377566464061,1.187070395349436,0.9944523989378548,1.1048985551215984,0.734737290891795,1.4391481411622298
2021-06-29,1.5878377566464061,1.187070395349436,0.9944523989378548,1.1048985551215984,0.734737290891795,1.4391481411622298
2021-06-30,1.5878377566464061,1.187070395349436,0.9944523989378548,1.1048985551215984,0.734737290891795,1.4391481411622298
2021-07-01,1.5878377566464061,1.187070395349436,0.9944523989378548,1.1048985551215984,0.734737290891795,1.4391481411622298
2021-07-02,1.5878377566464061,1.187070395349436,0.9944523989378548,1.1048985551215984,0.734737290891795,1.4391481411622298
2021-07-05,1.5878377566464061,1.187070395349436,0.9944523989378548,1.1048985551215984,0.734737290891795,1.4391481411622298
2021-07-06,1.5878377566464061,1.187070395349436,0.9944523989378548,1.1048985551215984,0.734737290891795,1.4391481411622298
2021-07-07,1.5878377566464061,1.187070395349436,0.9944523989378548,1.1048985551215984,0.734737290891795,1.4391481411622298
2021-07-08,1.5878377566464061,1.187070395349436,0.9944523989378548,1.1048985551215984,0.734737290891795,1.4391481411622298
2021-07-09,1.5878377566464061,1.187070395349436,0.9944523989378548,1.1048985551215984,0.734737290891795,1.4391481411622298
2021-07-12,1.5878377566464061,1.187070395349436,0.9944523989378548,1.1048985551215984,0.734737290891795,1.4391481411622298
2021-07-13,1.5878377566464061,1.187070395349436,0.9944523989378548,1.1048985551215984,0.739204741508295,1.4391481411622298
2021-07-14,1.5878377566464061,1.187070395349436,0.9944523989378548,1.1048985551215984,0.736083717338795,1.4391481411622298
2021-07-15,1.5878377566464061,1.187070395349436,0.9944523989378548,1.1048985551215984,0.736083717338795,1.4391481411622298
2021-07-16,1.5878377566464061,1.187070395349436,0.9944523989378548,1.1048985551215984,0.736083717338795,1.4391481411622298
2021-07-19,1.5878377566464061,1.187070395349436,0.9944523989378548,1.1048985551215984,0.7351205064150949,1.4391481411622298
2021-07-20,1.5878377566464061,1.187070395349436,0.9944523989378548,1.1048985551215984,0.7289193315949549,1.4391481411622298
2021-07-21,1.5878377566464061,1.187070395349436,0.9944523989378548,1.1048985551215984,0.7289193315949549,1.4391481411622298
2021-07-22,1.5878377566464061,1.187070395349436,0.9944523989378548,1.1048985551215984,0.7289193315949549,1.4391481411622298
2021-07-23,1.5878377566464061,1.187070395349436,0.9944523989378548,1.1048985551215984,0.7289193315949549,1.4391481411622298
2021-07-26,1.5878377566464061,1.187070395349436,0.9944523989378548,1.1048985551215984,0.7289193315949549,1.4391481411622298
2021-07-27,1.5878377566464061,1.187070395349436,0.9944523989378548,1.1048985551215984,0.7289193315949549,1.4391481411622298
2021-07-28,1.5878377566464061,1.187070395349436,0.9944523989378548,1.1048985551215984,0.7289193315949549,1.4391481411622298
2021-07-29,1.5878377566464061,1.187070395349436,0.9944523989378548,1.1048985551215984,0.7289193315949549,1.4391481411622298
2021-07-30,1.5878377566464061,1.187070395349436,0.9944523989378548,1.1048985551215984,0.7289193315949549,1.4391481411622298
2021-08-02,1.5878377566464061,1.187070395349436,0.9944523989378548,1.1048985551215984,0.7289193315949549,1.4391481411622298
2021-08-03,1.5878377566464061,1.187070395349436,0.9944523989378548,1.1048985551215984,0.7289193315949549,1.4391481411622298
2021-08-04,1.5878377566464061,1.187070395349436,0.9944523989378548,1.1048985551215984,0.7289193315949549,1.4391481411622298
2021-08-05,1.5878377566464061,1.187070395349436,0.9944523989378548,1.1048985551215984,0.7289193315949549,1.4391481411622298
2021-08-06,1.5878377566464061,1.187070395349436,0.9944523989378548,1.1048985551215984,0.7289193315949549,1.4391481411622298
2021-08-09,1.5878377566464061,1.187070395349436,0.9944523989378548,1.1048985551215984,0.7289193315949549,1.4391481411622298
2021-08-10,1.5878377566464061,1.187070395349436,0.9944523989378548,1.1048985551215984,0.7289193315949549,1.4391481411622298
2021-08-11,1.5878377566464061,1.187070395349436,0.9944523989378548,1.1048985551215984,0.7289193315949549,1.4391481411622298
2021-08-12,1.5878377566464061,1.187070395349436,0.9944523989378548,1.1048985551215984,0.7289193315949549,1.4391481411622298
2021-08-13,1.5878377566464061,1.187070395349436,0.9944523989378548,1.1048985551215984,0.7289193315949549,1.4391481411622298
2021-08-16,1.5878377566464061,1.187070395349436,0.9944523989378548,1.1048985551215984,0.7289193315949549,1.4391481411622298
2021-08-17,1.5878377566464061,1.187070395349436,0.9944523989378548,1.1048985551215984,0.7289193315949549,1.4391481411622298
2021-08-18,1.5878377566464061,1.187070395349436,0.9944523989378548,1.1048985551215984,0.7289193315949549,1.4391481411622298
2021-08-19,1.5878377566464061,1.187070395349436,0.9944523989378548,1.1048985551215984,0.7289193315949549,1.4391481411622298
2021-08-20,1.5878377566464061,1.187070395349436,0.9944523989378548,1.1048985551215984,0.7289193315949549,1.4391481411622298
2021-08-23,1.5878377566464061,1.187070395349436,0.9944523989378548,1.1048985551215984,0.7289193315949549,1.4391481411622298
2021-08-24,1.5878377566464061,1.187070395349436,0.9944523989378548,1.1048985551215984,0.7289193315949549,1.4391481411622298
2021-08-25,1.5878377566464061,1.187070395349436,0.9944523989378548,1.1048985551215984,0.7289193315949549,1.4391481411622298
2021-08-26,1.5878377566464061,1.187070395349436,0.9944523989378548,1.1048985551215984,0.7289193315949549,1.4391481411622298
2021-08-27,1.5878377566464061,1.187070395349436,0.9944523989378548,1.1048985551215984,0.7289193315949549,1.4391481411622298
2021-08-30,1.5878377566464061,1.187070395349436,0.9944523989378548,1.1048985551215984,0.7289193315949549,1.4391481411622298
2021-08-31,1.5878377566464061,1.187070395349436,0.9944523989378548,1.1048985551215984,0.7289193315949549,1.4391481411622298
2021-09-01,1.5878377566464061,1.187070395349436,0.9944523989378548,1.1048985551215984,0.7289193315949549,1.4391481411622298
2021-09-02,1.5878377566464061,1.187070395349436,0.9944523989378548,1.1048985551215984,0.7289193315949549,1.4391481411622298
2021-09-03,1.5878377566464061,1.1799810667268007,0.9953616718473648,1.1048985551215984,0.7289193315949549,1.4391481411622298
2021-09-06,1.5878377566464061,1.1792802568536458,0.9952135970686848,1.1048985551215984,0.7289193315949549,1.4391481411622298
2021-09-07,1.5878377566464061,1.1792802568536458,0.9952135970686848,1.1048985551215984,0.7289193315949549,1.4391481411622298
2021-09-08,1.5878377566464061,1.1792802568536458,0.9952135970686848,1.1048985551215984,0.7289193315949549,1.4391481411622298
2021-09-09,1.5878377566464061,1.1792802568536458,0.9976427875331498,1.1048985551215984,0.7289193315949549,1.4391481411622298
2021-09-10,1.6021292129995905,1.1829076129226856,0.9971140692494597,1.1038732397345983,0.732059779223015,1.4465013058389795
2021-09-13,1.5997373139254107,1.1815002525474958,0.9971140692494597,1.1045581427308984,0.732737471344335,1.4458437423987747
2021-09-14,1.5997373139254107,1.1663670952247758,0.9971140692494597,1.1045581427308984,0.732737471344335,1.4458437423987747
2021-09-15,1.5875892574022206,1.1625539973738657,0.9863491909645197,1.1045581427308984,0.732737471344335,1.4465071880013942
2021-09-16,1.5871800885951806,1.1440733645843155,0.9858276027987747,1.0799213940948182,0.712687276416845,1.4472096722217545
2021-09-17,1.5871800885951806,1.1401552475244907,0.9858276027987747,1.076142319906818,0.7112723188864951,1.4472096722217545
2021-09-22,1.6038861925266406,1.1608098017504007,0.9926375367732948,1.0978175343258931,0.723124427602095,1.4674904093136243
2021-09-23,1.6124277446561008,1.1679007602675155,0.9967396238654047,1.1062817282251383,0.7276342478799751,1.4765464532511992
2021-09-24,1.613444612283701,1.1597900146179156,1.0044648902430244,1.089920071877913,0.7178248972332001,1.466889079541859
2021-09-27,1.6203136500433408,1.1637415365523156,1.0098374358536546,1.092641100574278,0.7197154230407702,1.471897048650939
2021-09-28,1.624966011635241,1.1714751771146905,1.0098374358536546,1.0985998816314382,0.72347990360589,1.4774749776762193
2021-09-29,1.6121728221794809,1.1619732731219405,1.0098374358536546,1.089904430678358,0.71773107857181,1.4656921843501391
2021-09-30,1.6121728221794809,1.1619732731219405,1.0098374358536546,1.100354669853888,0.7342480573250849,1.4656921843501391
2021-10-08,1.6121728221794809,1.1619732731219405,1.0098374358536546,1.113681693747148,0.7436187650947501,1.4656921843501391
2021-10-11,1.6121728221794809,1.1619732731219405,1.0098374358536546,1.113681693747148,0.7436187650947501,1.4656921843501391
2021-10-12,1.6121728221794809,1.1619732731219405,1.0098374358536546,1.113681693747148,0.7436187650947501,1.4656921843501391
2021-10-13,1.6121728221794809,1.1619732731219405,1.0098374358536546,1.113681693747148,0.7436187650947501,1.4656921843501391
2021-10-14,1.6121728221794809,1.1619732731219405,1.0098374358536546,1.113681693747148,0.7436187650947501,1.4656921843501391
2021-10-15,1.6121728221794809,1.1619732731219405,1.0098374358536546,1.113681693747148,0.7436187650947501,1.4656921843501391
2021-10-18,1.6121728221794809,1.1619732731219405,1.0098374358536546,1.113681693747148,0.7436187650947501,1.4656921843501391
2021-10-19,1.6121728221794809,1.1619732731219405,1.0098374358536546,1.113681693747148,0.7436187650947501,1.4656921843501391
2021-10-20,1.6121728221794809,1.1619732731219405,1.0098374358536546,1.113681693747148,0.7436187650947501,1.4656921843501391
2021-10-21,1.6121728221794809,1.1619732731219405,1.0098374358536546,1.113681693747148,0.7436187650947501,1.4656921843501391
2021-10-22,1.6121728221794809,1.1619732731219405,1.0098374358536546,1.113681693747148,0.7436187650947501,1.4656921843501391
2021-10-25,1.6121728221794809,1.1619732731219405,1.0098374358536546,1.113681693747148,0.7436187650947501,1.4656921843501391
2021-10-26,1.6121728221794809,1.1619732731219405,1.0098374358536546,1.113681693747148,0.7436187650947501,1.4656921843501391
2021-10-27,1.6121728221794809,1.1619732731219405,1.0098374358536546,1.113681693747148,0.7436187650947501,1.4656921843501391
2021-10-28,1.6121728221794809,1.1619732731219405,1.0098374358536546,1.113681693747148,0.7436187650947501,1.4656921843501391
2021-10-29,1.6121728221794809,1.1619732731219405,1.0098374358536546,1.113681693747148,0.7436187650947501,1.4656921843501391
2021-11-01,1.6121728221794809,1.1619732731219405,1.0098374358536546,1.113681693747148,0.7436187650947501,1.4656921843501391
2021-11-02,1.6121728221794809,1.1619732731219405,1.0098374358536546,1.113681693747148,0.7436187650947501,1.4656921843501391
2021-11-03,1.6121728221794809,1.1619732731219405,1.0098374358536546,1.113681693747148,0.7436187650947501,1.4656921843501391
2021-11-04,1.6121728221794809,1.1619732731219405,1.0098374358536546,1.113681693747148,0.7436187650947501,1.4656921843501391
2021-11-05,1.6121728221794809,1.1619732731219405,1.0098374358536546,1.113681693747148,0.7436187650947501,1.4656921843501391
2021-11-08,1.6121728221794809,1.1619732731219405,1.0098374358536546,1.113681693747148,0.7436187650947501,1.4656921843501391
2021-11-09,1.6121728221794809,1.1619732731219405,1.0098374358536546,1.113681693747148,0.7436187650947501,1.4656921843501391
2021-11-10,1.6121728221794809,1.1619732731219405,1.0098374358536546,1.113681693747148,0.7436187650947501,1.4656921843501391
2021-11-11,1.6121728221794809,1.1619732731219405,1.0098374358536546,1.113681693747148,0.7436187650947501,1.4656921843501391
2021-11-12,1.6121728221794809,1.1619732731219405,1.0098374358536546,1.113681693747148,0.7436187650947501,1.4656921843501391
2021-11-15,1.6121728221794809,1.1619732731219405,1.0098374358536546,1.113681693747148,0.7436187650947501,1.4656921843501391
2021-11-16,1.6121728221794809,1.1619732731219405,1.0098374358536546,1.113681693747148,0.7436187650947501,1.4656921843501391
2021-11-17,1.6121728221794809,1.1619732731219405,1.0098374358536546,1.113681693747148,0.7436187650947501,1.4656921843501391
2021-11-18,1.6121728221794809,1.1619732731219405,1.0098374358536546,1.113681693747148,0.7436187650947501,1.4656921843501391
2021-11-19,1.6121728221794809,1.1619732731219405,1.0098374358536546,1.113681693747148,0.7436187650947501,1.4656921843501391
2021-11-22,1.6121728221794809,1.1619732731219405,1.0098374358536546,1.113681693747148,0.7436187650947501,1.4656921843501391
2021-11-23,1.6121728221794809,1.1619732731219405,1.0098374358536546,1.113681693747148,0.7436187650947501,1.4656921843501391
2021-11-24,1.6121728221794809,1.1619732731219405,1.0098374358536546,1.113681693747148,0.7436187650947501,1.4656921843501391
2021-11-25,1.6121728221794809,1.1588245049588055,1.0049410672903345,1.113681693747148,0.7436187650947501,1.4656921843501391
2021-11-26,1.6031061932180208,1.1560461826548853,1.0034114109735746,1.113681693747148,0.7436187650947501,1.4656921843501391
2021-11-29,1.5896684511564656,1.1560461826548853,1.0084289840542742,1.113681693747148,0.7436187650947501,1.4656921843501391
2021-11-30,1.5896684511564656,1.1560461826548853,1.0080267356383743,1.113681693747148,0.7436187650947501,1.4656921843501391
2021-12-01,1.5896684511564656,1.1560461826548853,1.0080267356383743,1.113681693747148,0.7436187650947501,1.4656921843501391
2021-12-02,1.5896684511564656,1.1560461826548853,1.0080267356383743,1.113681693747148,0.7436187650947501,1.4656921843501391
2021-12-03,1.5896684511564656,1.1560461826548853,1.0080267356383743,1.113681693747148,0.7436187650947501,1.4656921843501391
2021-12-06,1.5840015084117254,1.147601683131425,1.005920188155549,1.113681693747148,0.7436187650947501,1.4532395352075191
2021-12-07,1.5961028894871807,1.1544184634979753,1.0142938216961392,1.103217791353153,0.7436187650947501,1.4619417101824395
2021-12-08,1.5961028894871807,1.1544184634979753,1.0142938216961392,1.1058325690146278,0.75454369315695,1.4803685589607591
2021-12-09,1.5961028894871807,1.1544184634979753,1.0142938216961392,1.1058325690146278,0.7546182796671499,1.4808471266117191
2021-12-10,1.5986601383982002,1.1580193370910752,1.018502526274499,1.1058325690146278,0.7546182796671499,1.4872894185904386
2021-12-13,1.6094483774170205,1.1643306328272751,1.029859983340964,1.1085056415396277,0.7565192489751797,1.4941403366925838
2021-12-14,1.6094483774170205,1.1643306328272751,1.029859983340964,1.1049215212296275,0.7549687622123598,1.4941403366925838
2021-12-15,1.6094483774170205,1.1643306328272751,1.029859983340964,1.1039460037873774,0.7523635790206897,1.4941403366925838
2021-12-16,1.6182343427214456,1.17247839076554,1.0353340237444641,1.1051541920241275,0.7532776185692798,1.5025959137878888
2021-12-17,1.6136932196726708,1.17078490312981,1.0323315961313142,1.1051541920241275,0.7532776185692798,1.4998442731646937
2021-12-20,1.6136932196726708,1.17078490312981,1.0323315961313142,1.1051541920241275,0.7416021897860297,1.4998442731646937
2021-12-21,1.6136932196726708,1.17078490312981,1.0323315961313142,1.1051541920241275,0.7412896707997296,1.4998442731646937
2021-12-22,1.6136932196726708,1.17078490312981,1.0323315961313142,1.1051541920241275,0.7412896707997296,1.4998442731646937
2021-12-23,1.6136932196726708,1.17078490312981,1.0323315961313142,1.1051541920241275,0.7412310235712498,1.4998442731646937
2021-12-24,1.6031438304196706,1.17078490312981,1.031217505444669,1.1051541920241275,0.7418379176925697,1.4828022400998684
2021-12-27,1.6018644932924209,1.1715553366075049,1.029772191433219,1.1055021039881274,0.7424918352405196,1.4812264152632686
2021-12-28,1.6121130908220456,1.17256466435745,1.036128661181999,1.1065908266946476,0.7440522383757197,1.4897629008745183
2021-12-29,1.6127427143539206,1.1614684357194798,1.016548946181999,1.1021842173365672,0.7436111206765996,1.4891336087945184
2021-12-30,1.6127427143539206,1.1611311169510499,1.016214618529454,1.1017541022229274,0.7442283269119195,1.4891336087945184
2021-12-31,1.6127427143539206,1.1611311169510499,1.017522557604004,1.1017541022229274,0.7500117047347495,1.4891336087945184
2022-01-04,1.5994300976582954,1.1611311169510499,1.018406879172204,1.0966199390700022,0.7531332902497345,1.4806846984755584
2022-01-05,1.5959958908416703,1.15040265584736,1.016717249136084,1.0948828546161773,0.7354371876312445,1.4780500576589182
2022-01-06,1.5959958908416703,1.14577878824692,1.0129005594057239,1.1011045197584575,0.7317733515714044,1.4780500576589182
2022-01-07,1.5959958908416703,1.14577878824692,1.0158996146722739,1.1013118080400974,0.7317733515714044,1.4780500576589182
2022-01-10,1.5959958908416703,1.14577878824692,1.0138821966162987,1.1013118080400974,0.7317733515714044,1.4780500576589182
2022-01-11,1.581861655612325,1.138441186726165,1.009057389616249,1.0932226441343724,0.7234070526109845,1.465250337000138
2022-01-12,1.5885712376809549,1.1416902896313998,1.0106795655891687,1.0968761270905822,0.7275428667964844,1.471255009984833
2022-01-13,1.5885712376809549,1.1416902896313998,0.9921979685559488,1.080678325141062,0.7147376320108244,1.447248410067333
2022-01-14,1.5825952138697148,1.1341745166822397,0.9888595461234239,1.0752981614943822,0.7115162893027694,1.441592185067333
2022-01-17,1.583035588218765,1.1342714023719098,0.9913140490700337,1.0752981614943822,0.7115162893027694,1.442597618423583
2022-01-18,1.583035588218765,1.1342714023719098,0.9912118807469839,1.0752981614943822,0.7115162893027694,1.4443982771323824
2022-01-19,1.5711768887372446,1.1311056994226145,0.9886680090181339,1.071280190766382,0.7056161431278893,1.4346733539323824
2022-01-20,1.5702474878665247,1.1303173730668048,0.9888128966150838,1.0712322167891322,0.7054123890760293,1.4278286283323827
2022-01-21,1.5702474878665247,1.1303173730668048,0.9888128966150838,1.0712322167891322,0.7054123890760293,1.4234338083366227
2022-01-24,1.5702474878665247,1.1303173730668048,0.9888128966150838,1.0712322167891322,0.7054123890760293,1.4332000691321827
2022-01-25,1.5702474878665247,1.1303173730668048,0.9888128966150838,1.038018609703882,0.6800657607018544,1.3898991555321825
2022-01-26,1.5702474878665247,1.1303173730668048,0.9888128966150838,1.0406777416507271,0.6823863461178292,1.394371027107348
2022-01-27,1.5702474878665247,1.1303173730668048,0.9888128966150838,1.0136411971448318,0.6615327933672542,1.394371027107348
2022-01-28,1.5702474878665247,1.1303173730668048,0.9888128966150838,1.026379376417107,0.6649156279246792,1.394371027107348
2022-02-07,1.5702474878665247,1.1303173730668048,0.9888128966150838,1.026379376417107,0.6649156279246792,1.394371027107348
2022-02-08,1.5702474878665247,1.1303173730668048,0.9888128966150838,1.026379376417107,0.6649156279246792,1.394371027107348
2022-02-09,1.5702474878665247,1.1303173730668048,0.9888128966150838,1.026379376417107,0.6649156279246792,1.394371027107348
2022-02-10,1.5702474878665247,1.1303173730668048,0.9888128966150838,1.026379376417107,0.6649156279246792,1.394371027107348
2022-02-11,1.5702474878665247,1.1303173730668048,0.9888128966150838,1.026379376417107,0.6649156279246792,1.394371027107348
2022-02-14,1.5702474878665247,1.1303173730668048,0.9888128966150838,1.026379376417107,0.6649156279246792,1.394371027107348
2022-02-15,1.5702474878665247,1.1303173730668048,0.9888128966150838,1.026379376417107,0.6649156279246792,1.394371027107348
2022-02-16,1.5702474878665247,1.1303173730668048,0.9888128966150838,1.026379376417107,0.6649156279246792,1.394371027107348
2022-02-17,1.5702474878665247,1.1303173730668048,0.9888128966150838,1.026379376417107,0.6649156279246792,1.394371027107348
2022-02-18,1.5702474878665247,1.1303173730668048,0.9888128966150838,1.026379376417107,0.6649156279246792,1.394371027107348
2022-02-21,1.5702474878665247,1.1303173730668048,0.9888128966150838,1.026379376417107,0.6649156279246792,1.394371027107348
2022-02-22,1.5702474878665247,1.1303173730668048,0.9888128966150838,1.026379376417107,0.6649156279246792,1.394371027107348
2022-02-23,1.5702474878665247,1.1303173730668048,0.9888128966150838,1.026379376417107,0.6649156279246792,1.394371027107348
2022-02-24,1.5702474878665247,1.1303173730668048,0.9888128966150838,1.026379376417107,0.6649156279246792,1.394371027107348
2022-02-25,1.5702474878665247,1.1303173730668048,0.9882739309687787,1.026379376417107,0.6649156279246792,1.394371027107348
2022-02-28,1.5702474878665247,1.1303173730668048,0.9860436021278536,1.026379376417107,0.6649156279246792,1.3993496870007276
2022-03-01,1.5702474878665247,1.1303173730668048,0.9959958924716236,1.026379376417107,0.6649156279246792,1.4029530228855875
2022-03-02,1.5647555455969748,1.1320596364513047,0.9901287924716234,1.0295293763690818,0.6660060610889041,1.4032438832952872
2022-03-03,1.57012116227334,1.1356923279505047,0.9869005200716234,1.033209937626427,0.6682769369358992,1.3951622936952874
2022-03-04,1.57012116227334,1.1356923279505047,0.9758639166716234,1.033209937626427,0.6682769369358992,1.3853643897062675
2022-03-07,1.57012116227334,1.1356923279505047,0.9479733450716235,1.033209937626427,0.6682769369358992,1.355653553669587
2022-03-08,1.57012116227334,1.1356923279505047,0.9504934132629437,1.033209937626427,0.6682769369358992,1.356450437395857
2022-03-09,1.57012116227334,1.1356923279505047,0.9367770826790436,1.033209937626427,0.6592046944149391,1.3376407278616567
2022-03-10,1.5578077212232904,1.1356923279505047,0.9566964783535434,1.031460235736027,0.6735561869205391,1.3665401977921567
2022-03-11,1.53526381667506,1.1356923279505047,0.9692056888898933,1.019827295276827,0.6865779926727392,1.3922212779103318
2022-03-14,1.53526381667506,1.1356923279505047,0.9539323730722432,1.019827295276827,0.6813257087784691,1.3773498714061818
2022-03-15,1.4823306633227797,1.0899408670834798,0.9178990092059931,0.9698660471070669,0.654012834814469,1.3243826305167417
2022-03-16,1.5078792643985799,1.1052902327092298,0.9324369148886631,0.9865533860394972,0.6652482524709691,1.3468251616236215
2022-03-17,1.5078792643985799,1.1052902327092298,0.9287497780560531,0.9865533860394972,0.6652482524709691,1.3506843897689464
2022-03-18,1.5245851968372999,1.1052902327092298,0.9403308944560531,0.9865533860394972,0.6652482524709691,1.3448427315168416
2022-03-21,1.5294389613563648,1.1052902327092298,0.9421464305207731,0.989255503545072,0.671713007217369,1.3469166731198514
2022-03-22,1.5301897434880347,1.1086330000264295,0.944344881527148,0.986698916485772,0.670131287646489,1.3446130169198516
2022-03-23,1.5350984792541547,1.1101428316191295,0.9494605440271481,0.9911392066647118,0.6727616034636089,1.3511147459198516
2022-03-24,1.5355085283530339,1.1080071866968295,0.945270936527148,0.9868140326346118,0.6695103408578489,1.3402910525198517
2022-03-25,1.534472328044669,1.1067849977000297,0.9434637175860231,0.9745031566131616,0.6610717102788088,1.3217547329198516
2022-03-28,1.534472328044669,1.1067849977000297,0.9434637175860231,0.9684502487975866,0.6564268110823288,1.3103351795466114
2022-03-29,1.534472328044669,1.1067849977000297,0.9434637175860231,0.9684502487975866,0.6564268110823288,1.3103351795466114
2022-03-30,1.534472328044669,1.1067849977000297,0.9434637175860231,0.9684502487975866,0.6564268110823288,1.3103351795466114
2022-03-31,1.534472328044669,1.1067849977000297,0.9434637175860231,0.9684502487975866,0.6564268110823288,1.3103351795466114
2022-04-01,1.534472328044669,1.1067849977000297,0.9434637175860231,0.9684502487975866,0.6564268110823288,1.3103351795466114
2022-04-06,1.534472328044669,1.1067849977000297,0.9434637175860231,0.9684502487975866,0.6564268110823288,1.3103351795466114
2022-04-07,1.534472328044669,1.1067849977000297,0.9434637175860231,0.9684502487975866,0.6564268110823288,1.3103351795466114
2022-04-08,1.534472328044669,1.1067849977000297,0.9434637175860231,0.9684502487975866,0.6564268110823288,1.3103351795466114
2022-04-11,1.534472328044669,1.1067849977000297,0.9434637175860231,0.9684502487975866,0.6564268110823288,1.3103351795466114
2022-04-12,1.534472328044669,1.1067849977000297,0.9434637175860231,0.9684502487975866,0.6564268110823288,1.3103351795466114
2022-04-13,1.5288272694349343,1.1067849977000297,0.943500125674463,0.9603492091749363,0.6564268110823288,1.3103351795466114
2022-04-14,1.5407391072729288,1.1067849977000297,0.951040331689193,0.9649149003943963,0.6564268110823288,1.3179885214885363
2022-04-15,1.550266993638029,1.1067849977000297,0.9572353844165428,0.9610775357053661,0.6564268110823288,1.3096565823822464
2022-04-18,1.5419927576380286,1.1067849977000297,0.9432638068165429,0.9615922997053663,0.6564268110823288,1.3197208258198163
2022-04-19,1.5401146783676287,1.1067849977000297,0.941225529272313,0.9604171712412164,0.6564268110823288,1.3182943765087463
2022-04-20,1.5401146783676287,1.1067849977000297,0.941225529272313,0.9604171712412164,0.6564268110823288,1.3182943765087463
2022-04-21,1.5401146783676287,1.1067849977000297,0.941225529272313,0.9604171712412164,0.6564268110823288,1.3182943765087463
2022-04-22,1.5401146783676287,1.1067849977000297,0.941225529272313,0.9604171712412164,0.6564268110823288,1.3182943765087463
2022-04-25,1.5401146783676287,1.1067849977000297,0.941225529272313,0.9604171712412164,0.6564268110823288,1.3182943765087463
2022-04-26,1.5401146783676287,1.1067849977000297,0.941225529272313,0.9604171712412164,0.6564268110823288,1.3182943765087463
2022-04-27,1.5401146783676287,1.1067849977000297,0.941225529272313,0.9604171712412164,0.6564268110823288,1.3182943765087463
2022-04-28,1.5401146783676287,1.1067849977000297,0.941225529272313,0.9604171712412164,0.6564268110823288,1.3182943765087463
2022-04-29,1.5401146783676287,1.1067849977000297,0.941225529272313,0.9604171712412164,0.6564268110823288,1.3182943765087463
2022-05-05,1.5401146783676287,1.1067849977000297,0.941225529272313,0.9604171712412164,0.6564268110823288,1.3182943765087463
2022-05-06,1.5401146783676287,1.1067849977000297,0.941225529272313,0.9604171712412164,0.6564268110823288,1.3182943765087463
2022-05-09,1.5401146783676287,1.1067849977000297,0.941225529272313,0.9604171712412164,0.6564268110823288,1.3182943765087463
2022-05-10,1.5401146783676287,1.1067849977000297,0.941225529272313,0.9604171712412164,0.6564268110823288,1.3182943765087463
2022-05-11,1.5401146783676287,1.1067849977000297,0.941225529272313,0.9604171712412164,0.6564268110823288,1.3182943765087463
2022-05-12,1.5401146783676287,1.1067849977000297,0.941225529272313,0.9604171712412164,0.6564268110823288,1.3182943765087463
2022-05-13,1.5401146783676287,1.1067849977000297,0.941225529272313,0.9604171712412164,0.6564268110823288,1.3182943765087463
2022-05-16,1.5401146783676287,1.1067849977000297,0.941225529272313,0.9604171712412164,0.6564268110823288,1.3182943765087463
2022-05-17,1.5401146783676287,1.1067849977000297,0.941225529272313,0.9604171712412164,0.6564268110823288,1.3182943765087463
2022-05-18,1.5401146783676287,1.1067849977000297,0.941225529272313,0.9604171712412164,0.6564268110823288,1.3182943765087463
2022-05-19,1.5401146783676287,1.1067849977000297,0.941225529272313,0.9604171712412164,0.6564268110823288,1.3182943765087463
2022-05-20,1.5401146783676287,1.1067849977000297,0.941225529272313,0.9604171712412164,0.6564268110823288,1.3182943765087463
2022-05-23,1.5401146783676287,1.1067849977000297,0.941225529272313,0.9604171712412164,0.6564268110823288,1.3182943765087463
2022-05-24,1.5401146783676287,1.1067849977000297,0.941225529272313,0.9604171712412164,0.6564268110823288,1.3182943765087463
2022-05-25,1.5401146783676287,1.1067849977000297,0.941225529272313,0.9604171712412164,0.6564268110823288,1.3182943765087463
2022-05-26,1.5401146783676287,1.1067849977000297,0.941225529272313,0.9604171712412164,0.6564268110823288,1.3182943765087463
2022-05-27,1.5401146783676287,1.1067849977000297,0.941225529272313,0.9604171712412164,0.6564268110823288,1.3182943765087463
2022-05-30,1.5401146783676287,1.1067849977000297,0.941225529272313,0.9604171712412164,0.6564268110823288,1.3182943765087463
2022-05-31,1.5401146783676287,1.1067849977000297,0.941225529272313,0.9604171712412164,0.6564268110823288,1.3182943765087463
2022-06-01,1.5401146783676287,1.1067849977000297,0.941225529272313,0.9604171712412164,0.6564268110823288,1.3182943765087463
2022-06-02,1.5401146783676287,1.1067849977000297,0.941225529272313,0.9604171712412164,0.6564268110823288,1.3182943765087463
2022-06-06,1.5401146783676287,1.1067849977000297,0.941225529272313,0.9604171712412164,0.6564268110823288,1.3182943765087463
2022-06-07,1.5401146783676287,1.1067849977000297,0.941225529272313,0.9604171712412164,0.6564268110823288,1.3182943765087463
2022-06-08,1.5401146783676287,1.1067849977000297,0.941225529272313,0.9604171712412164,0.6564268110823288,1.3182943765087463
2022-06-09,1.5401146783676287,1.1067849977000297,0.941225529272313,0.9604171712412164,0.6564268110823288,1.3182943765087463
2022-06-10,1.5401146783676287,1.1067849977000297,0.941225529272313,0.9604171712412164,0.6564268110823288,1.3182943765087463
2022-06-13,1.5401146783676287,1.1067849977000297,0.941225529272313,0.9604171712412164,0.6564268110823288,1.3182943765087463
2022-06-14,1.5401146783676287,1.1067849977000297,0.941225529272313,0.9604171712412164,0.6564268110823288,1.3182943765087463
2022-06-15,1.5401146783676287,1.1067849977000297,0.941225529272313,0.9604171712412164,0.6564268110823288,1.3182943765087463
2022-06-16,1.5401146783676287,1.1067849977000297,0.941225529272313,0.9604171712412164,0.6564268110823288,1.3182943765087463
2022-06-17,1.5401146783676287,1.1067849977000297,0.941225529272313,0.9604171712412164,0.6564268110823288,1.3182943765087463
2022-06-20,1.5401146783676287,1.1067849977000297,0.941225529272313,0.9604171712412164,0.6564268110823288,1.3182943765087463
2022-06-21,1.5401146783676287,1.1067849977000297,0.941225529272313,0.9604171712412164,0.6564268110823288,1.3182943765087463
2022-06-22,1.5401146783676287,1.1067849977000297,0.941225529272313,0.9604171712412164,0.6564268110823288,1.3182943765087463
2022-06-23,1.5401146783676287,1.1067849977000297,0.941225529272313,0.9604171712412164,0.6564268110823288,1.3182943765087463
2022-06-24,1.5401146783676287,1.1067849977000297,0.941225529272313,0.9604171712412164,0.6564268110823288,1.3182943765087463
2022-06-27,1.5401146783676287,1.1067849977000297,0.941225529272313,0.9604171712412164,0.6564268110823288,1.3182943765087463
2022-06-28,1.5401146783676287,1.1067849977000297,0.941225529272313,0.9604171712412164,0.6564268110823288,1.3182943765087463
2022-06-29,1.5401146783676287,1.0942171984024045,0.9348388449302628,0.9604171712412164,0.6564268110823288,1.3182943765087463
2022-06-30,1.563180984943309,1.0932136828796544,0.9323980376443629,0.9706029989149663,0.6643937377666588,1.3350970500272057
2022-07-01,1.564515972778429,1.0889975599836144,0.9257779853592428,0.9699587470309663,0.6646848885209587,1.3355650388577411
2022-07-04,1.564515972778429,1.0869671794795044,0.9213202330369228,0.9699587470309663,0.6646848885209587,1.3355650388577411
2022-07-05,1.564515972778429,1.0869671794795044,0.9213202330369228,0.9699587470309663,0.6646848885209587,1.3355650388577411
2022-07-06,1.564515972778429,1.0869671794795044,0.9213202330369228,0.9699587470309663,0.6646848885209587,1.3355650388577411
2022-07-07,1.564515972778429,1.0869671794795044,0.9213202330369228,0.9699587470309663,0.6646848885209587,1.3355650388577411
2022-07-08,1.564515972778429,1.0869671794795044,0.9213202330369228,0.9588100390248812,0.6583579501584788,1.3355650388577411
2022-07-11,1.564515972778429,1.0869671794795044,0.9213202330369228,0.9561357695330263,0.6559387836105187,1.3355650388577411
2022-07-12,1.564515972778429,1.0869671794795044,0.9213202330369228,0.9561357695330263,0.6559387836105187,1.3355650388577411
2022-07-13,1.564515972778429,1.0869671794795044,0.9213202330369228,0.9561357695330263,0.6610530307991587,1.3355650388577411
2022-07-14,1.564515972778429,1.0869671794795044,0.9213202330369228,0.9561357695330263,0.6598210278671587,1.3355650388577411
2022-07-15,1.564515972778429,1.0869671794795044,0.9213202330369228,0.9561357695330263,0.6598210278671587,1.3355650388577411
2022-07-18,1.564515972778429,1.0869671794795044,0.9213202330369228,0.9561357695330263,0.6598210278671587,1.3355650388577411
2022-07-19,1.564515972778429,1.0869671794795044,0.9213202330369228,0.9561357695330263,0.6598210278671587,1.3355650388577411
2022-07-20,1.564515972778429,1.0869671794795044,0.9213202330369228,0.9561357695330263,0.6598210278671587,1.3355650388577411
2022-07-21,1.564515972778429,1.0869671794795044,0.9213202330369228,0.9561357695330263,0.6598210278671587,1.3355650388577411
2022-07-22,1.564515972778429,1.0869671794795044,0.9213202330369228,0.9561357695330263,0.6598210278671587,1.3355650388577411
2022-07-25,1.564515972778429,1.0869671794795044,0.9213202330369228,0.9561357695330263,0.6598210278671587,1.3355650388577411
2022-07-26,1.564515972778429,1.0869671794795044,0.9213202330369228,0.9561357695330263,0.6598210278671587,1.3355650388577411
2022-07-27,1.564515972778429,1.0869671794795044,0.9213202330369228,0.9561357695330263,0.6598210278671587,1.3355650388577411
2022-07-28,1.564515972778429,1.0869671794795044,0.9213202330369228,0.9561357695330263,0.6598210278671587,1.3355650388577411
2022-07-29,1.564515972778429,1.0869671794795044,0.9213202330369228,0.9561357695330263,0.6598210278671587,1.3355650388577411
2022-08-01,1.574793411339679,1.0912608856128942,0.9198588102383728,0.9641227624058111,0.6670593480429385,1.3458244104173511
2022-08-02,1.5579470776615543,1.0815144017816842,0.9116408601898227,0.9551295057708511,0.6593924151189184,1.3315793767301811
2022-08-03,1.5396265804783842,1.0728038531946742,0.9033674173127578,0.9551295057708511,0.6593924151189184,1.3315793767301811
2022-08-04,1.5478870461226542,1.0779826835910442,0.9079201198379728,0.9547147454620509,0.6598892523557984,1.335475875597016
2022-08-05,1.5654334454639742,1.088537528945974,0.9162604747124727,0.957166780040426,0.6612552149110285,1.338121688645596
2022-08-08,1.5596350303979343,1.0856196388228692,0.9121574370704727,0.957166780040426,0.6612552149110285,1.338121688645596
2022-08-09,1.5596350303979343,1.089375437634094,0.9121574370704727,0.9611575868780309,0.6646924412685483,1.3431678843155306
2022-08-10,1.5596350303979343,1.0875141929335441,0.9121574370704727,0.9594939576758459,0.6623655701638484,1.3402652213104007
2022-08-11,1.5596350303979343,1.0875141929335441,0.9121574370704727,0.9594939576758459,0.6623655701638484,1.3402652213104007
2022-08-12,1.5596350303979343,1.0875141929335441,0.9121574370704727,0.9594939576758459,0.6623655701638484,1.3402652213104007
2022-08-15,1.5596350303979343,1.0875141929335441,0.9121574370704727,0.9594939576758459,0.6623655701638484,1.3402652213104007
2022-08-16,1.5596350303979343,1.0875141929335441,0.9121574370704727,0.9594939576758459,0.6623655701638484,1.3402652213104007
2022-08-17,1.5596350303979343,1.0875141929335441,0.9121574370704727,0.9594939576758459,0.6623655701638484,1.3402652213104007
2022-08-18,1.5596350303979343,1.0875141929335441,0.9121574370704727,0.9594939576758459,0.6623655701638484,1.3402652213104007
2022-08-19,1.5596350303979343,1.0875141929335441,0.9105455123959577,0.9594939576758459,0.6623655701638484,1.3402652213104007
2022-08-22,1.5596350303979343,1.0875141929335441,0.9060298416554676,0.9594939576758459,0.6623655701638484,1.3402652213104007
2022-08-23,1.5596350303979343,1.087947531268944,0.9060298416554676,0.9594939576758459,0.6623655701638484,1.3402652213104007
2022-08-24,1.5596350303979343,1.088763030923264,0.9060298416554676,0.9594939576758459,0.6623655701638484,1.3402652213104007
2022-08-25,1.5596350303979343,1.088763030923264,0.9060298416554676,0.9594939576758459,0.6623655701638484,1.3402652213104007
2022-08-26,1.5596350303979343,1.088763030923264,0.9060298416554676,0.9594939576758459,0.6623655701638484,1.3402652213104007
2022-08-29,1.5596350303979343,1.101355129876394,0.9060298416554676,0.9742884896988858,0.6623655701638484,1.3402652213104007
2022-08-30,1.5596350303979343,1.101005950545419,0.9060298416554676,0.9740160118216759,0.6623655701638484,1.3402652213104007
2022-08-31,1.5596350303979343,1.101005950545419,0.9060298416554676,0.9740160118216759,0.6623655701638484,1.3402652213104007
2022-09-01,1.5596350303979343,1.0968654012516987,0.9060298416554676,0.9696802559197757,0.6583554541741784,1.3330751832045107
2022-09-02,1.547409458681454,1.098305300426459,0.8973365594089175,0.9708821470116855,0.6596846035869585,1.3357939387889055
2022-09-05,1.5421066257419342,1.098305300426459,0.8935212590777675,0.9708821470116855,0.6596846035869585,1.3357939387889055
2022-09-06,1.5421066257419342,1.098305300426459,0.8994597692960673,0.9852581908205655,0.6596846035869585,1.3357939387889055
2022-09-07,1.5421066257419342,1.1029403387701786,0.8944643068444175,0.9817450554288255,0.6661228764110333,1.344478830156145
2022-09-08,1.5421066257419342,1.1025253574967286,0.8944643068444175,0.9817450554288255,0.6662176451525333,1.3449919832396657
2022-09-09,1.5421066257419342,1.1025253574967286,0.8944643068444175,0.9817450554288255,0.6662176451525333,1.3449919832396657
2022-09-13,1.5421066257419342,1.1025253574967286,0.8944643068444175,0.9817450554288255,0.6662176451525333,1.3449919832396657
2022-09-14,1.5421066257419342,1.1025253574967286,0.8944643068444175,0.9817450554288255,0.6662176451525333,1.3449919832396657
2022-09-15,1.5421066257419342,1.1025253574967286,0.8944643068444175,0.9817450554288255,0.6662176451525333,1.3449919832396657
2022-09-16,1.5421066257419342,1.1025253574967286,0.8944643068444175,0.9817450554288255,0.6662176451525333,1.3449919832396657
2022-09-19,1.5421066257419342,1.1025253574967286,0.8944643068444175,0.9817450554288255,0.6662176451525333,1.3449919832396657
2022-09-20,1.5421066257419342,1.1025253574967286,0.8944643068444175,0.9817450554288255,0.6662176451525333,1.3449919832396657
2022-09-21,1.5421066257419342,1.1025253574967286,0.8944643068444175,0.9817450554288255,0.6662176451525333,1.3449919832396657
2022-09-22,1.5421066257419342,1.1025253574967286,0.8944643068444175,0.9817450554288255,0.6662176451525333,1.3449919832396657
2022-09-23,1.5421066257419342,1.1025253574967286,0.8944643068444175,0.9817450554288255,0.6662176451525333,1.3449919832396657
2022-09-26,1.5421066257419342,1.1025253574967286,0.8944643068444175,0.9817450554288255,0.6662176451525333,1.3449919832396657
2022-09-27,1.5421066257419342,1.1025253574967286,0.8944643068444175,0.9817450554288255,0.6662176451525333,1.3449919832396657
2022-09-28,1.5421066257419342,1.1025253574967286,0.8944643068444175,0.9817450554288255,0.6662176451525333,1.3449919832396657
2022-09-29,1.5421066257419342,1.1025253574967286,0.8944643068444175,0.9817450554288255,0.6662176451525333,1.3449919832396657
2022-09-30,1.5421066257419342,1.1025253574967286,0.8944643068444175,0.9817450554288255,0.6662176451525333,1.3449919832396657
2022-10-10,1.5421066257419342,1.1025253574967286,0.8944643068444175,0.9817450554288255,0.6662176451525333,1.3449919832396657
2022-10-11,1.5421066257419342,1.1025253574967286,0.8944643068444175,0.9817450554288255,0.6662176451525333,1.3449919832396657
2022-10-12,1.5421066257419342,1.1025253574967286,0.8944643068444175,0.9817450554288255,0.6662176451525333,1.3449919832396657
2022-10-13,1.5421066257419342,1.1025253574967286,0.8944643068444175,0.9817450554288255,0.6662176451525333,1.3449919832396657
2022-10-14,1.5421066257419342,1.1025253574967286,0.8944643068444175,0.9817450554288255,0.6662176451525333,1.3449919832396657
2022-10-17,1.5421066257419342,1.1025253574967286,0.8944643068444175,0.9817450554288255,0.6662176451525333,1.3449919832396657
2022-10-18,1.5421066257419342,1.1025253574967286,0.8944643068444175,0.9817450554288255,0.6662176451525333,1.3449919832396657
2022-10-19,1.5421066257419342,1.1025253574967286,0.8944643068444175,0.9817450554288255,0.6662176451525333,1.3449919832396657
2022-10-20,1.5421066257419342,1.1025253574967286,0.8944643068444175,0.9817450554288255,0.6662176451525333,1.3449919832396657
2022-10-21,1.5421066257419342,1.1025253574967286,0.8944643068444175,0.9817450554288255,0.6662176451525333,1.3449919832396657
2022-10-24,1.5421066257419342,1.1025253574967286,0.8944643068444175,0.9817450554288255,0.6662176451525333,1.3449919832396657
2022-10-25,1.5421066257419342,1.1025253574967286,0.8944643068444175,0.9817450554288255,0.6662176451525333,1.3449919832396657
2022-10-26,1.5421066257419342,1.1025253574967286,0.8960627309675625,0.9817450554288255,0.6662176451525333,1.3449919832396657
2022-10-27,1.526537288878434,1.1025253574967286,0.9005921620538023,0.9817450554288255,0.6662176451525333,1.3449919832396657
2022-10-28,1.515396463811034,1.0834034783168633,0.8860895332012022,0.9817450554288255,0.6662176451525333,1.3449919832396657
2022-10-31,1.5169822165574336,1.0748098274483333,0.8760562668417021,0.9817450554288255,0.6662176451525333,1.3449919832396657
2022-11-01,1.5215553803899136,1.1004382752815831,0.9101089373290071,0.9817450554288255,0.6662176451525333,1.3449919832396657
2022-11-02,1.5454503331240135,1.1130813232815833,0.9183305085290071,0.9817450554288255,0.6662176451525333,1.3449919832396657
2022-11-03,1.5328887631240136,1.1110225692815832,0.9066308164290072,0.9902121332716755,0.6762793347763733,1.3537813437076656
2022-11-04,1.5321862225573137,1.1105570539425333,0.9051723887006772,0.9899955302130253,0.6764179142412833,1.3536086169794055
2022-11-07,1.5404324009680732,1.1158055366988333,0.9145425899073221,0.9899955302130253,0.6764179142412833,1.3536086169794055
2022-11-08,1.5395340057026337,1.1109821762988332,0.9139944042914471,0.9889402100646953,0.6751116690522831,1.3482172758970055
2022-11-09,1.5243335356034837,1.1108050969416432,0.9064790810410118,0.9898038492826402,0.6749560629877832,1.3485353032024057
2022-11-10,1.5124452272183835,1.1122638068782933,0.899539599656687,0.9898038492826402,0.6749560629877832,1.3485353032024057
2022-11-11,1.5124906080739033,1.1353412972932933,0.901649520340497,0.9898038492826402,0.6749560629877832,1.3485353032024057
2022-11-14,1.5241147861136084,1.128778650100483,0.9132995040581768,0.9898038492826402,0.6749560629877832,1.3485353032024057
2022-11-15,1.5548590470758086,1.127779993394473,0.9306027630353768,0.9898038492826402,0.6910614504839732,1.3485353032024057
2022-11-16,1.5525512769725087,1.122703716320433,0.929819010637177,0.9898038492826402,0.690697739505153,1.3485353032024057
2022-11-17,1.551260160174699,1.119299626360568,0.9274114781028571,0.9951777527010403,0.690697739505153,1.3485353032024057
2022-11-18,1.553120909694069,1.1121363523985326,0.928450493865837,0.9943703505194403,0.690697739505153,1.3485353032024057
2022-11-21,1.552682971089519,1.1050827173344677,0.9253025668036918,0.9943703505194403,0.690697739505153,1.3485353032024057
2022-11-22,1.551199214952714,1.1066032024331074,0.9258397798329319,0.9857799466026403,0.6804161138940279,1.3407734747470803
2022-11-23,1.5564517896224541,1.1049331284789976,0.9298509100983918,0.9838522921418403,0.679174528747868,1.3378722493924653
2022-11-24,1.563638086856634,1.0995188408936223,0.9351182925985818,0.9838522921418403,0.679174528747868,1.3378722493924653
2022-11-25,1.5735935940473538,1.0979883225900475,0.9445271006380517,0.9838522921418403,0.679174528747868,1.3378722493924653
2022-11-28,1.5426308449625536,1.1061736326289322,0.9239289505716767,0.9838522921418403,0.679174528747868,1.3378722493924653
2022-11-29,1.5758773156807835,1.1123124188654223,0.9488888337061815,0.9986690199214201,0.6882693511640279,1.361765823125865
2022-11-30,1.5707901393370534,1.1156629899679023,0.9442037796856667,0.9973773913642502,0.687891451393468,1.3592567765956651
2022-12-01,1.559944181613053,1.1284694361042125,0.9334524893975866,0.9973773913642502,0.6891235868252279,1.3592567765956651
2022-12-02,1.556364877409053,1.1267219079909525,0.9322165280680965,0.9973773913642502,0.6875805266963277,1.3592567765956651
2022-12-05,1.5717484746503028,1.1357265765032525,0.9421738270856963,0.99933159983705,0.6878493059992378,1.3668418325384153
2022-12-06,1.564401812174193,1.1398961155007523,0.9374462675826563,0.9971667072562501,0.6853553205262977,1.361639245057665
2022-12-07,1.5648660158463428,1.1370361706416323,0.9345175658409413,0.9971667072562501,0.6853553205262977,1.361639245057665
2022-12-08,1.5625612383055925,1.1373396593109322,0.9332303129129964,0.9949570473202499,0.6853553205262977,1.3604105178972348
2022-12-09,1.5766104907843022,1.1370871947614571,0.9435391492317565,0.9947302522666499,0.6853553205262977,1.3605849322478851
2022-12-12,1.5676791310072822,1.1309436782904572,0.9374246027890164,0.9947302522666499,0.6838770982910878,1.355023820627945
2022-12-13,1.5643289978442023,1.130914136855407,0.9384612921227662,0.9947302522666499,0.6836729350354976,1.354682877130155
2022-12-14,1.566908653407302,1.130024619344257,0.9388696825475162,0.9947302522666499,0.6804409432504377,1.352207189555905
2022-12-15,1.5656110798905019,1.130094774470882,0.9337086580480812,0.9964983755864398,0.6790918713305478,1.3511331810970297
2022-12-16,1.5571579115215821,1.1341220166267518,0.9291346388782011,0.99147258135246,0.6738794163983527,1.3515300704855295
2022-12-19,1.5335217456888168,1.1330397123227118,0.9145260216940759,0.9713701443917147,0.6736701556933626,1.3503117825080297
2022-12-20,1.5285789124338018,1.1236766801350118,0.8984177301940759,0.9683813349888998,0.6695133073023877,1.3376826236750898
2022-12-21,1.5249816490800718,1.1251744760018119,0.9015190282336761,0.9627530040927798,0.6693748036598376,1.3391196952756999
2022-12-22,1.527166509880072,1.113587638899972,0.897127840481336,0.9661984540823798,0.6558746929500876,1.3228162724379444
2022-12-23,1.5172231395809919,1.107747067348612,0.8910623467508662,0.9679576500624345,0.6523895015771376,1.3190143143379445
2022-12-26,1.5221121218299114,1.113885059960077,0.8876448104739662,0.9813025699624346,0.6642191700756875,1.3329656552379445
2022-12-27,1.5396807806299118,1.1247769475600766,0.8961209084739663,0.9883844888624345,0.6694800375756875,1.3449556442379444
2022-12-28,1.5343260539858317,1.122085777142647,0.8981108944739662,0.9844490503624346,0.6634780170756875,1.3404835739801697
2022-12-29,1.5350767872787214,1.120816760681207,0.8925913684739663,0.9836650521624346,0.6618390333123125,1.3409052047521246
2022-12-30,1.5417050831114614,1.1245871897472468,0.8970714804739661,0.9865032686309995,0.6615427731888874,1.3457955105057597
2023-01-03,1.5417050831114614,1.1245871897472468,0.8947015441866664,1.0022057695609194,0.6619890523652375,1.3633021447784295
2023-01-04,1.5417050831114614,1.1245871897472468,0.8947015441866664,1.0014861288046795,0.6616680616779176,1.3627654603338346
2023-01-05,1.5417050831114614,1.1245871897472468,0.8947015441866664,1.0099083693721194,0.6682798479779174,1.3627654603338346
2023-01-06,1.5417050831114614,1.1245871897472468,0.8947015441866664,1.0087001762099994,0.6698095524779175,1.3627654603338346
2023-01-09,1.5417050831114614,1.1245871897472468,0.8947015441866664,1.010489754915049,0.6720588592159026,1.3627654603338346
2023-01-10,1.5417050831114614,1.1245871897472468,0.8947015441866664,1.011110160557999,0.6717936619775525,1.3627654603338346
2023-01-11,1.5417050831114614,1.1245871897472468,0.8947015441866664,1.005133204523534,0.6663574801775526,1.3627654603338346
2023-01-12,1.5417050831114614,1.1245871897472468,0.8947015441866664,1.006385890870484,0.6671001040326126,1.3627654603338346
2023-01-13,1.5417050831114614,1.1245871897472468,0.8947015441866664,1.0106779139134836,0.6682527259034525,1.3627654603338346
2023-01-16,1.5417050831114614,1.1245871897472468,0.8947015441866664,1.0123895338171338,0.6758305507034523,1.3627654603338346
2023-01-17,1.5417050831114614,1.1245871897472468,0.8947015441866664,1.0127170818882587,0.6764108287034525,1.3627654603338346
2023-01-18,1.5417050831114614,1.1245871897472468,0.8947015441866664,1.0137287210310588,0.6779669140447326,1.3627654603338346
2023-01-19,1.5417050831114614,1.1245871897472468,0.8947015441866664,1.0137287210310588,0.6850703452903324,1.3627654603338346
2023-01-20,1.5417050831114614,1.1245871897472468,0.8947015441866664,1.0137287210310588,0.6912690076903324,1.3627654603338346
2023-01-30,1.5417050831114614,1.1245871897472468,0.8947015441866664,1.0137287210310588,0.6991501018575125,1.3627654603338346
2023-01-31,1.5417050831114614,1.1245871897472468,0.8947015441866664,1.0137287210310588,0.6991501018575125,1.3627654603338346
2023-02-01,1.5417050831114614,1.1245871897472468,0.8947015441866664,1.0137287210310588,0.6991501018575125,1.3627654603338346
2023-02-02,1.5417050831114614,1.1245871897472468,0.8947015441866664,1.0137287210310588,0.6991501018575125,1.3627654603338346
2023-02-03,1.5417050831114614,1.1245871897472468,0.8947015441866664,1.0137287210310588,0.6991501018575125,1.3627654603338346
2023-02-06,1.5417050831114614,1.1245871897472468,0.8947015441866664,1.0137287210310588,0.6991501018575125,1.3627654603338346
2023-02-07,1.5417050831114614,1.1245871897472468,0.8947015441866664,1.0137287210310588,0.6991501018575125,1.3627654603338346
2023-02-08,1.5417050831114614,1.1245871897472468,0.8947015441866664,1.0137287210310588,0.6991501018575125,1.3627654603338346
2023-02-09,1.5417050831114614,1.1245871897472468,0.8947015441866664,1.0137287210310588,0.6991501018575125,1.3627654603338346
2023-02-10,1.5417050831114614,1.1245871897472468,0.8947015441866664,1.0137287210310588,0.6991501018575125,1.3627654603338346
2023-02-13,1.5417050831114614,1.1245871897472468,0.8947015441866664,1.0137287210310588,0.6991501018575125,1.3627654603338346
2023-02-14,1.5417050831114614,1.1245871897472468,0.8947015441866664,1.0137287210310588,0.6991501018575125,1.3627654603338346
2023-02-15,1.5417050831114614,1.1245871897472468,0.8947015441866664,1.0137287210310588,0.6991501018575125,1.3627654603338346
2023-02-16,1.5417050831114614,1.1245871897472468,0.8947015441866664,1.0137287210310588,0.6991501018575125,1.3627654603338346
2023-02-17,1.5417050831114614,1.1245871897472468,0.8947015441866664,1.0137287210310588,0.6991501018575125,1.3627654603338346
2023-02-20,1.5417050831114614,1.1245871897472468,0.8947015441866664,1.0137287210310588,0.6991501018575125,1.3627654603338346
2023-02-21,1.5417050831114614,1.1245871897472468,0.8947015441866664,1.0137287210310588,0.6991501018575125,1.3627654603338346
2023-02-22,1.5417050831114614,1.1245871897472468,0.8947015441866664,1.0137287210310588,0.6991501018575125,1.3627654603338346
2023-02-23,1.5417050831114614,1.1245871897472468,0.8947015441866664,1.0137287210310588,0.6991501018575125,1.3627654603338346
2023-02-24,1.5417050831114614,1.1245871897472468,0.8947015441866664,1.0137287210310588,0.6991501018575125,1.3627654603338346
2023-02-27,1.5417050831114614,1.1245871897472468,0.8947015441866664,1.0137287210310588,0.6991501018575125,1.3627654603338346
2023-02-28,1.5417050831114614,1.1245871897472468,0.8947015441866664,1.0137287210310588,0.6991501018575125,1.3627654603338346
2023-03-01,1.5417050831114614,1.1245871897472468,0.8947015441866664,1.0137287210310588,0.6991501018575125,1.3627654603338346
2023-03-02,1.5417050831114614,1.1245871897472468,0.8947015441866664,1.0137287210310588,0.6991501018575125,1.3627654603338346
2023-03-03,1.5417050831114614,1.1245871897472468,0.8947015441866664,1.0137287210310588,0.6991501018575125,1.3627654603338346
2023-03-06,1.5332148672290862,1.1245871897472468,0.8947015441866664,1.0131215404065488,0.7013976790185124,1.3598998606087995
2023-03-07,1.530982892564781,1.1245871897472468,0.8852364704165462,1.0121156062882188,0.7007443056275123,1.3584299336760297
2023-03-08,1.532030596069686,1.1245871897472468,0.8803520161704361,1.017934876467494,0.7060280286099324,1.3644493602080747
2023-03-09,1.5324589507780808,1.1245871897472468,0.8803520161704361,1.019316263493534,0.7066144637425223,1.3655379921521746
2023-03-10,1.5227845740036254,1.1245871897472468,0.8803520161704361,1.011557653551534,0.7007290889064772,1.3553701421596047
2023-03-13,1.5208362543862557,1.1245871897472468,0.8803520161704361,1.0089738922358888,0.6987418992573072,1.3526671765255747
2023-03-14,1.5208362543862557,1.1245871897472468,0.8758619541336814,1.0010415253418987,0.693088790261377,1.3526671765255747
2023-03-15,1.5208362543862557,1.1245871897472468,0.8829553034442214,1.0043580385306987,0.695837886804667,1.3526671765255747
2023-03-16,1.5208362543862557,1.1245871897472468,0.8829553034442214,1.0043580385306987,0.695837886804667,1.3526671765255747
2023-03-17,1.5158951708042054,1.1262475783324866,0.8773748085618513,1.0056647744675287,0.6967031647128369,1.3515270426704546
2023-03-20,1.517136174442956,1.1272496325551067,0.8784610754742513,1.0074851680479486,0.6975862153482569,1.3530664504595749
2023-03-21,1.5300495861824757,1.1322206067955665,0.8849363212264714,1.0175696385450288,0.705989396219157,1.3672413396989345
2023-03-22,1.5341997169722357,1.1347442989541214,0.8879275561552714,1.0189952928867936,0.7080265272249471,1.3703638180622146
2023-03-23,1.5341997169722357,1.1347442989541214,0.8879275561552714,1.0272966691559737,0.712160354829202,1.382725423416934
2023-03-24,1.5341997169722357,1.1347442989541214,0.8879275561552714,1.0282241896875337,0.7126416243140119,1.3823795550930942
2023-03-27,1.5341997169722357,1.1347442989541214,0.8879275561552714,1.0282241896875337,0.7126416243140119,1.3823795550930942
2023-03-28,1.5278046492715407,1.1306675519140614,0.8850329728499714,1.0224557605425035,0.706795564083052,1.3740044497076291
2023-03-29,1.5329389523544508,1.1333670424874214,0.8904833187135462,1.0232802282627338,0.7066639847338219,1.376370467786599
2023-03-30,1.5329389523544508,1.1333670424874214,0.8904833187135462,1.0277788414696238,0.7066639847338219,1.3810795556232338
2023-03-31,1.5329389523544508,1.1364777548999163,0.8904833187135462,1.0274091855333338,0.7136864020324968,1.382103750426229
2023-04-03,1.5329389523544508,1.1378616599529163,0.8904833187135462,1.0380613957094587,0.7138150373589918,1.382103750426229
2023-04-04,1.5329389523544508,1.1378616599529163,0.8904833187135462,1.0380691522620038,0.7138150373589918,1.382103750426229
2023-04-06,1.5329389523544508,1.1378616599529163,0.8904833187135462,1.0380691522620038,0.7138150373589918,1.382103750426229
2023-04-07,1.5329389523544508,1.1378616599529163,0.8904833187135462,1.0380691522620038,0.7138150373589918,1.382103750426229
2023-04-10,1.5226464398216506,1.1321850241670512,0.8904833187135462,1.0276066016660037,0.7054602834941966,1.368763153486714
2023-04-11,1.5237853457275503,1.1326016369733862,0.8904833187135462,1.0266698425964036,0.7051989202927268,1.3688722548358088
2023-04-12,1.5237853457275503,1.1326016369733862,0.8904833187135462,1.0266698425964036,0.7051989202927268,1.3688722548358088
2023-04-13,1.5237853457275503,1.1326016369733862,0.8904833187135462,1.0266698425964036,0.7051989202927268,1.3688722548358088
2023-04-14,1.5284167578392651,1.1364379060829861,0.8903086635698262,1.0282270811599736,0.7092848966193817,1.3727868598324537
2023-04-17,1.5274691846164605,1.1358964359974861,0.8907127095800862,1.0267697936844085,0.7081054670761519,1.3713622312939837
2023-04-18,1.5274691846164605,1.1358964359974861,0.8907127095800862,1.0267697936844085,0.7081054670761519,1.3713622312939837
2023-04-19,1.5274691846164605,1.1358964359974861,0.8907127095800862,1.0267697936844085,0.7081054670761519,1.3713622312939837
2023-04-20,1.5274691846164605,1.1358964359974861,0.8907127095800862,1.0267697936844085,0.7081054670761519,1.3713622312939837
2023-04-21,1.5274691846164605,1.1358964359974861,0.8907127095800862,1.0267697936844085,0.7081054670761519,1.3713622312939837
2023-04-24,1.5274691846164605,1.1358964359974861,0.8907127095800862,1.0267697936844085,0.7081054670761519,1.3713622312939837
2023-04-25,1.5274691846164605,1.1358964359974861,0.8907127095800862,1.0267697936844085,0.7081054670761519,1.3713622312939837
2023-04-26,1.5274691846164605,1.1358964359974861,0.8907127095800862,1.0267697936844085,0.7081054670761519,1.3713622312939837
2023-04-27,1.5274691846164605,1.1358964359974861,0.8907127095800862,1.0267697936844085,0.7081054670761519,1.3713622312939837
2023-04-28,1.5274691846164605,1.1358964359974861,0.8907127095800862,1.0267697936844085,0.7081054670761519,1.3713622312939837
2023-05-04,1.5274691846164605,1.1358964359974861,0.8907127095800862,1.0267697936844085,0.7081054670761519,1.3713622312939837
2023-05-05,1.5274691846164605,1.1358964359974861,0.8907127095800862,1.0267697936844085,0.7081054670761519,1.3713622312939837
2023-05-08,1.5274691846164605,1.1358964359974861,0.8907127095800862,1.0267697936844085,0.7081054670761519,1.3713622312939837
2023-05-09,1.5274691846164605,1.1358964359974861,0.8907127095800862,1.0267697936844085,0.7081054670761519,1.3713622312939837
2023-05-10,1.5274691846164605,1.1358964359974861,0.8907127095800862,1.0267697936844085,0.7081054670761519,1.3713622312939837
2023-05-11,1.5274691846164605,1.1358964359974861,0.8907127095800862,1.0267697936844085,0.7081054670761519,1.3713622312939837
2023-05-12,1.5274691846164605,1.1358964359974861,0.8907127095800862,1.0267697936844085,0.7081054670761519,1.3713622312939837
2023-05-15,1.5274691846164605,1.1358964359974861,0.8907127095800862,1.0267697936844085,0.7081054670761519,1.3713622312939837
2023-05-16,1.5274691846164605,1.1358964359974861,0.8907127095800862,1.0267697936844085,0.7081054670761519,1.3713622312939837
2023-05-17,1.5274691846164605,1.1358964359974861,0.8907127095800862,1.0267697936844085,0.7081054670761519,1.3713622312939837
2023-05-18,1.5274691846164605,1.1358964359974861,0.8907127095800862,1.0267697936844085,0.7081054670761519,1.3713622312939837
2023-05-19,1.5274691846164605,1.1358964359974861,0.8907127095800862,1.0267697936844085,0.7081054670761519,1.3713622312939837
2023-05-22,1.5274691846164605,1.1358964359974861,0.8907127095800862,1.0267697936844085,0.7081054670761519,1.3713622312939837
2023-05-23,1.5274691846164605,1.1358964359974861,0.8907127095800862,1.0267697936844085,0.7081054670761519,1.3713622312939837
2023-05-24,1.5274691846164605,1.1358964359974861,0.8907127095800862,1.0267697936844085,0.7081054670761519,1.3713622312939837
2023-05-25,1.5268817539416402,1.137109291843186,0.8895608696081261,1.0245587238747533,0.7078672801469117,1.3707761114095438
2023-05-26,1.5258286067480802,1.136094761350061,0.8887509243669262,1.0235413986183985,0.7071515855157918,1.369652545939164
2023-05-29,1.5258286067480802,1.136094761350061,0.8887509243669262,1.0197735636508132,0.7042595227285318,1.369652545939164
2023-05-30,1.5258286067480802,1.136094761350061,0.8887509243669262,1.0168001152365782,0.7023990542359968,1.369652545939164
2023-05-31,1.5258286067480802,1.136094761350061,0.8887509243669262,1.0168001152365782,0.7023990542359968,1.369652545939164
2023-06-01,1.5258286067480802,1.136094761350061,0.8887509243669262,1.0168001152365782,0.7023990542359968,1.369652545939164
2023-06-02,1.5416452289030498,1.1421444162808059,0.8998742885502611,1.0168001152365782,0.7023990542359968,1.3806209437549286
2023-06-05,1.540904252644405,1.142588288498946,0.898484138228326,1.0158142546120281,0.7024766719942217,1.3803591393186838
2023-06-06,1.5277226332535998,1.1307449051588858,0.898484138228326,1.0142610425157783,0.7015460503849968,1.3612711828018835
2023-06-07,1.530428211393255,1.131326536144171,0.898484138228326,1.0149041134953032,0.7015879458033167,1.3620372310050135
2023-06-08,1.530428211393255,1.131326536144171,0.898484138228326,1.012169345574158,0.7003363347736966,1.3642072089721737
2023-06-09,1.530428211393255,1.131326536144171,0.898484138228326,1.018927181526623,0.7055178191264567,1.3644550485756137
2023-06-12,1.530428211393255,1.131326536144171,0.898484138228326,1.017090972425533,0.7046173658929366,1.3644550485756137
2023-06-13,1.530428211393255,1.131326536144171,0.898484138228326,1.017090972425533,0.7046173658929366,1.3644550485756137
2023-06-14,1.530428211393255,1.131326536144171,0.898484138228326,1.016541971000533,0.7068758357761267,1.3644550485756137
2023-06-15,1.530428211393255,1.131326536144171,0.898484138228326,1.017295329999373,0.7069135084142366,1.3644550485756137
2023-06-16,1.530428211393255,1.131326536144171,0.898484138228326,1.0259695891912428,0.7127338236526864,1.3753857881547737
2023-06-19,1.530428211393255,1.131326536144171,0.898484138228326,1.025956304506723,0.7131697255685364,1.3744803309365539
2023-06-20,1.530428211393255,1.131326536144171,0.898484138228326,1.025956304506723,0.7131697255685364,1.3744803309365539
2023-06-21,1.530428211393255,1.131326536144171,0.898484138228326,1.025956304506723,0.7131697255685364,1.3744803309365539
2023-06-26,1.5207235671937946,1.1216835696995509,0.893999607791961,1.0153903900007228,0.7039075982008614,1.3608396930745787
2023-06-27,1.5212898467148745,1.1224743535746708,0.8946693414535861,1.0170721622748828,0.7043333765727163,1.3616002372174785
2023-06-28,1.5212898467148745,1.1224743535746708,0.8946693414535861,1.0170721622748828,0.7043333765727163,1.3616002372174785
2023-06-29,1.5212898467148745,1.1224743535746708,0.8946693414535861,1.0170721622748828,0.7101625724256162,1.3616002372174785
2023-06-30,1.5212898467148745,1.1224743535746708,0.8946693414535861,1.0170721622748828,0.7087033168640563,1.3616002372174785
2023-07-03,1.5366606559635838,1.1344559862282657,0.9079786221314459,1.022504009787988,0.7081486008926512,1.3694372150579686
2023-07-04,1.534520249025104,1.1333284773115908,0.9071693670927159,1.0224200322928931,0.7078048848402663,1.3682834421923835
2023-07-05,1.534520249025104,1.1333284773115908,0.9071693670927159,1.0173073803711732,0.7026174086081461,1.3682834421923835
2023-07-06,1.534520249025104,1.1333284773115908,0.9071693670927159,1.015448023860133,0.7007789128081462,1.3682834421923835
2023-07-07,1.534520249025104,1.1333284773115908,0.9071693670927159,1.013206070478673,0.6992415064343561,1.3682834421923835
2023-07-10,1.5353946839129688,1.1333284773115908,0.9076666721386057,1.016265901458268,0.6978414412750761,1.3674457216193232
2023-07-11,1.5389420056522942,1.1367649588594306,0.9113079733444257,1.0225717049835228,0.7034083068750762,1.3694654091993133
2023-07-12,1.5302878577546843,1.1362461614171906,0.9113079733444257,1.0226576082403778,0.6931917300750762,1.3564271420987128
2023-07-13,1.5349232645332842,1.1362461614171906,0.9113079733444257,1.0323320638194777,0.700116307275076,1.359888774258713
2023-07-14,1.5325313523687492,1.1362461614171906,0.9113079733444257,1.0336892176072277,0.6997078256750761,1.357605438909028
2023-07-17,1.5254328121223741,1.1327721845618306,0.9058393816896607,1.0335221138901076,0.6967504998750761,1.3523016647430925
2023-07-18,1.5188586239983337,1.1316018486610306,0.9056447701734207,1.0339308043543727,0.6969857177387762,1.3480544996590977
2023-07-19,1.517253861998334,1.1327870579096804,0.9093684626957558,1.0329214297168325,0.6951506593526511,1.3463747619779476
2023-07-20,1.5065482121983338,1.1337056926302707,0.9114564541118957,1.0333558800964324,0.6956273158141463,1.3313742564248972
2023-07-21,1.5036784550734839,1.1337056926302707,0.9114564541118957,1.0351627390544225,0.6959840643193461,1.3287763463617672
2023-07-24,1.5041924676333835,1.1337056926302707,0.9114564541118957,1.0329108944539325,0.6954499055452461,1.329325988665787
2023-07-25,1.5282256514467585,1.1337056926302707,0.9114564541118957,1.0395787074717924,0.7006961753956961,1.3452162028505272
2023-07-26,1.5275441552677584,1.1317598844339254,0.9118791642077204,1.0391019210276724,0.696307538295696,1.341423158389277
2023-07-27,1.5257240252677584,1.1324494515067303,0.9131025081514605,1.0324303443090974,0.690988846495696,1.342300843391152
2023-07-28,1.5609768272677584,1.1324494515067303,0.9131025081514605,1.0296342686433924,0.697176677895696,1.3673922009699466
2023-07-31,1.5695149022677586,1.1324494515067303,0.9084798060350504,1.0344042317150324,0.6981911048514811,1.372775030079952
2023-08-01,1.5630295532677585,1.1324494515067303,0.9079564313026004,1.0340226407456623,0.697473758560901,1.3706392299963517
2023-08-02,1.5579970891044086,1.1253216553397054,0.9027082875651201,1.032064907510737,0.6962550071609009,1.3673410367790517
2023-08-03,1.5746052614644885,1.1226950375957803,0.9015778455546801,1.0356514762107372,0.6966319253609009,1.3770263458270917
2023-08-04,1.5856622934405837,1.1226950375957803,0.9015778455546801,1.040699371010737,0.700460085760901,1.3834997982257013
2023-08-07,1.5803499355592032,1.1198099200075,0.90103339296893,1.0343068953107373,0.6971067592609009,1.3784872540532465
2023-08-08,1.5761096442465836,1.11686926437916,0.8978502108415699,1.0318835881746171,0.6962114700946109,1.3756861695185614
2023-08-09,1.5761096442465836,1.11686926437916,0.8978502108415699,1.0270205992251171,0.6926835680672159,1.3714919801093615
2023-08-10,1.5761096442465836,1.11686926437916,0.8978502108415699,1.0287137822251171,0.6933081698672158,1.3695742338327614
2023-08-11,1.5761096442465836,1.11686926437916,0.8978502108415699,1.008592531225117,0.6934258664672908,1.3407625825658263
2023-08-14,1.5761096442465836,1.11686926437916,0.8978502108415699,1.0001354099315671,0.7007412960348905,1.3278462635907164
2023-08-15,1.5761096442465836,1.11686926437916,0.8978502108415699,0.993267810957807,0.6943971560348906,1.3205007456346114
2023-08-16,1.5761096442465836,1.11686926437916,0.8978502108415699,0.9854452773578072,0.6861108120348907,1.3155938858849863
2023-08-17,1.5761096442465836,1.11686926437916,0.8978502108415699,0.992357704557807,0.6928426140348906,1.329629430987316
2023-08-18,1.5559597657711735,1.11686926437916,0.8978502108415699,0.992335450193367,0.6924673524492906,1.3294003657321358
2023-08-21,1.5335813089711734,1.11686926437916,0.8978502108415699,0.9829177105615469,0.6866286889341005,1.316964070299536
2023-08-22,1.5409588781097985,1.11686926437916,0.8978502108415699,0.9866357505877067,0.6894127142199304,1.3226518467648158
2023-08-23,1.5181208670333985,1.11686926437916,0.8978502108415699,0.9687900180147667,0.6768250314113252,1.3017421593844556
2023-08-24,1.5291069810333981,1.115378447514755,0.8978502108415699,0.9727757740147667,0.6784403890113252,1.3058630560339357
2023-08-25,1.5232531650333982,1.110292249112505,0.8978502108415699,0.9678313045565067,0.6752456882328602,1.2979470197652605
2023-08-28,1.5410749220333984,1.0687061728833849,0.8978502108415699,0.9280405286027268,0.6446953701415802,1.3679792519591856
2023-08-29,1.5369226642492986,1.0662423792877447,0.8978502108415699,0.9487332286027266,0.6648478677415801,1.3986046736781055
2023-08-30,1.5369226642492986,1.0662423792877447,0.8978502108415699,0.9502259987966467,0.6656832140801402,1.401642669807836
2023-08-31,1.5369226642492986,1.0662423792877447,0.8978502108415699,0.9502259987966467,0.6656832140801402,1.401642669807836
2023-09-01,1.5369226642492986,1.0662423792877447,0.8978502108415699,0.9502259987966467,0.6656832140801402,1.401642669807836
2023-09-04,1.5369226642492986,1.0662423792877447,0.8978502108415699,0.9502259987966467,0.6656832140801402,1.401642669807836
2023-09-05,1.5369226642492986,1.0662423792877447,0.8978502108415699,0.9502259987966467,0.6656832140801402,1.401642669807836
2023-09-06,1.5369226642492986,1.0662423792877447,0.8978502108415699,0.9502259987966467,0.6656832140801402,1.401642669807836
2023-09-07,1.5369226642492986,1.0662423792877447,0.8978502108415699,0.9502259987966467,0.6656832140801402,1.401642669807836
2023-09-08,1.5369226642492986,1.0662423792877447,0.8978502108415699,0.9502259987966467,0.6656832140801402,1.401642669807836
2023-09-11,1.5369226642492986,1.0662423792877447,0.8978502108415699,0.9502259987966467,0.6656832140801402,1.401642669807836
2023-09-12,1.5369226642492986,1.0662423792877447,0.8978502108415699,0.9502259987966467,0.6656832140801402,1.401642669807836
2023-09-13,1.5369226642492986,1.0662423792877447,0.8978502108415699,0.9502259987966467,0.6656832140801402,1.401642669807836
2023-09-14,1.5369226642492986,1.0662423792877447,0.8978502108415699,0.9502259987966467,0.6656832140801402,1.401642669807836
2023-09-15,1.5369226642492986,1.0662423792877447,0.8978502108415699,0.9502259987966467,0.6656832140801402,1.401642669807836
2023-09-18,1.5369226642492986,1.0662423792877447,0.8978502108415699,0.9502259987966467,0.6656832140801402,1.401642669807836
2023-09-19,1.5369226642492986,1.0662423792877447,0.8978502108415699,0.9502259987966467,0.6656832140801402,1.401642669807836
2023-09-20,1.5369226642492986,1.0662423792877447,0.8978502108415699,0.9502259987966467,0.6656832140801402,1.401642669807836
2023-09-21,1.5369226642492986,1.0662423792877447,0.8978502108415699,0.9502259987966467,0.6656832140801402,1.401642669807836
2023-09-22,1.5369226642492986,1.0662423792877447,0.8978502108415699,0.9656288404370015,0.6790976176062999,1.4275561054795856
2023-09-25,1.5270507692146686,1.0607784156848448,0.8907676775498898,0.9648229579586266,0.67864796301518,1.4269046009596658
2023-09-26,1.5256328781561785,1.0600804625934448,0.8896494253801298,0.9622343926400766,0.6761733795365399,1.4214122022903908
2023-09-27,1.5276846611849182,1.0600804625934448,0.8896494253801298,0.9669418116400763,0.6804237907365399,1.4209222037080207
2023-09-28,1.5318705887018582,1.0600804625934448,0.8896494253801298,0.9690570967920265,0.6819766567471799,1.4207121818597355
2023-10-09,1.5340530747322578,1.0588725042036748,0.8896494253801298,0.9652474059414263,0.6803837825070199,1.4170768106597356
2023-10-10,1.522570933932258,1.0612516766288098,0.8896494253801298,0.9605363999414263,0.6785376305070199,1.4102302194597354
2023-10-11,1.529673837444898,1.0612516766288098,0.8896494253801298,0.9618717396003261,0.6803206481070199,1.4144756094914106
2023-10-12,1.5312820635521829,1.0612516766288098,0.8896494253801298,0.9644524514713759,0.6853667409070199,1.4171657364747605
2023-10-13,1.515186627552183,1.0612516766288098,0.8873723881303297,0.9579484554713761,0.68256231139158,1.4065536274747603
2023-10-16,1.499982775952183,1.0612516766288098,0.8878769336159298,0.9489866504713759,0.6751727850700601,1.3943418849747604
2023-10-17,1.503351577754353,1.0612516766288098,0.8878769336159298,0.949605523278976,0.6754695977199,1.3958169131891605
2023-10-18,1.4946640979475079,1.0549457139214498,0.8878769336159298,0.9390836334567658,0.66590474436366,1.3826485281994105
2023-10-19,1.4853304725184777,1.0494517658336497,0.8878769336159298,0.9342390940566759,0.6626475635943,1.3748988678657204
2023-10-20,1.4818340961913579,1.0494517658336497,0.8878769336159298,0.9307169355179706,0.6626475635943,1.3691216768920702
2023-10-23,1.4772279957946581,1.0494517658336497,0.8878769336159298,0.9266229763746306,0.6626475635943,1.36429008979632
2023-10-24,1.479281654778818,1.0556787588529495,0.8890740655603897,0.9335040064032907,0.6626475635943,1.3748002319034196
2023-10-25,1.494816020721418,1.0641212771405095,0.8980072617594348,0.9393513174977406,0.6626475635943,1.3857450925523898
2023-10-26,1.507160132600478,1.0641212771405095,0.8980072617594348,0.9475708094742404,0.6626475635943,1.3983042572470397
2023-10-27,1.5013825710222777,1.0641212771405095,0.8980072617594348,0.9638621544742404,0.6626475635943,1.3934499173697645
2023-10-30,1.5013825710222777,1.0641212771405095,0.8980072617594348,0.9733752769742404,0.6626475635943,1.3934499173697645
2023-10-31,1.5013825710222777,1.0641212771405095,0.8980072617594348,0.9733934947113654,0.6626475635943,1.3934499173697645
2023-11-01,1.5013825710222777,1.0641212771405095,0.8980072617594348,0.9733934947113654,0.6626475635943,1.3934499173697645
2023-11-02,1.5013825710222777,1.0641212771405095,0.8980072617594348,0.9733934947113654,0.6626475635943,1.3934499173697645
2023-11-03,1.5013825710222777,1.0641212771405095,0.8980072617594348,0.9733934947113654,0.6626475635943,1.3934499173697645
2023-11-06,1.5013825710222777,1.0641212771405095,0.8980072617594348,0.9733934947113654,0.6626475635943,1.3934499173697645
2023-11-07,1.5013825710222777,1.0641212771405095,0.8980072617594348,0.9733934947113654,0.6626475635943,1.3934499173697645
2023-11-08,1.5013825710222777,1.0641212771405095,0.8980072617594348,0.9733934947113654,0.6626475635943,1.3934499173697645
2023-11-09,1.5013825710222777,1.0641212771405095,0.8980072617594348,0.9733934947113654,0.6626475635943,1.3934499173697645
2023-11-10,1.5013825710222777,1.0641212771405095,0.8980072617594348,0.9733934947113654,0.6626475635943,1.3934499173697645
2023-11-13,1.5013825710222777,1.0641212771405095,0.8980072617594348,0.9733934947113654,0.6626475635943,1.3934499173697645
2023-11-14,1.5013825710222777,1.0641212771405095,0.8980072617594348,0.9733934947113654,0.6666683537306699,1.3934499173697645
2023-11-15,1.5013825710222777,1.0641212771405095,0.8980072617594348,0.9733934947113654,0.6712997813543748,1.3934499173697645
2023-11-16,1.5013825710222777,1.0641212771405095,0.8980072617594348,0.9733934947113654,0.6664825899764149,1.3934499173697645
2023-11-17,1.5013825710222777,1.0641212771405095,0.8980072617594348,0.9733934947113654,0.6723229383764148,1.3934499173697645
2023-11-20,1.5013825710222777,1.0641212771405095,0.8980072617594348,0.9733934947113654,0.6781601007764149,1.3934499173697645
2023-11-21,1.5013825710222777,1.0641212771405095,0.8980072617594348,0.9733934947113654,0.6786489939689749,1.3934499173697645
2023-11-22,1.5013825710222777,1.0641212771405095,0.8980072617594348,0.9733934947113654,0.671965462362405,1.3934499173697645
2023-11-23,1.5013825710222777,1.0641212771405095,0.8980072617594348,0.9733934947113654,0.6790019900624049,1.3934499173697645
2023-11-24,1.5013825710222777,1.0641212771405095,0.8980072617594348,0.9733934947113654,0.67851904336837,1.3934499173697645
2023-11-27,1.5013825710222777,1.0641212771405095,0.8980072617594348,0.9733934947113654,0.67851904336837,1.3934499173697645
2023-11-28,1.5013825710222777,1.0641212771405095,0.8980072617594348,0.9733934947113654,0.67851904336837,1.3934499173697645
2023-11-29,1.5013825710222777,1.0641212771405095,0.8980072617594348,0.9733934947113654,0.67851904336837,1.3934499173697645
2023-11-30,1.5013825710222777,1.0641212771405095,0.8980072617594348,0.9733934947113654,0.67851904336837,1.3934499173697645
2023-12-01,1.5013825710222777,1.0641212771405095,0.8980072617594348,0.9733934947113654,0.67851904336837,1.3934499173697645
2023-12-04,1.5013825710222777,1.0641212771405095,0.8980072617594348,0.9733934947113654,0.6765264001696698,1.3934499173697645
2023-12-05,1.5013825710222777,1.0641212771405095,0.8980072617594348,0.9733934947113654,0.67463550923257,1.3934499173697645
2023-12-06,1.5013825710222777,1.0641212771405095,0.8980072617594348,0.9733934947113654,0.67970864536609,1.3934499173697645
2023-12-07,1.5013825710222777,1.0641602820119993,0.8980072617594348,0.9742867092512755,0.6791769820448098,1.3925141314619094
2023-12-08,1.5045183494037278,1.0637089125636294,0.8980072617594348,0.9747689807202804,0.6769729802089697,1.3924162451784194
2023-12-11,1.4948311203760174,1.0637089125636294,0.8980072617594348,0.9908568614279003,0.6850298234089697,1.4115721965273944
2023-12-12,1.5019678487336972,1.0637089125636294,0.8980072617594348,0.9899219404000503,0.6844569623022496,1.4093246376916693
2023-12-13,1.4981684194002873,1.0637089125636294,0.8980072617594348,0.9899219404000503,0.6789534987814495,1.4093246376916693
2023-12-14,1.482287842194677,1.0561758262370293,0.8980072617594348,0.9820028364711801,0.6758521291814494,1.3970748923686493
2023-12-15,1.4882415862522373,1.0586218861369294,0.8980072617594348,0.9836435683135404,0.6766916992386496,1.400535520749309
2023-12-18,1.4880967795743374,1.0586218861369294,0.9035766902545497,0.9836435683135404,0.6672765149238744,1.400535520749309
2023-12-19,1.4901820525743374,1.0597728933150643,0.9023276683186298,0.9836435683135404,0.6667466941770993,1.400535520749309
2023-12-20,1.4900886825635373,1.0595158548928743,0.9023276683186298,0.9836435683135404,0.6544151585266242,1.400535520749309
2023-12-21,1.510370425410582,1.0595158548928743,0.9023276683186298,0.9932255316720502,0.6517989765189793,1.400535520749309
2023-12-22,1.5095086291415223,1.0595158548928743,0.9023276683186298,0.9928196969505203,0.6445671990928193,1.400535520749309
2023-12-25,1.5170365604937874,1.0626102257124141,0.9048054735042899,0.9952517935138451,0.6436480952579392,1.4042381888596838
2023-12-26,1.5158780540899472,1.0621444893067342,0.9047045181118196,0.9946213005766501,0.6343048063312191,1.403378764985934
2023-12-27,1.5158780540899472,1.0621444893067342,0.9047045181118196,0.9946213005766501,0.6392969039312192,1.403378764985934
2023-12-28,1.5515092300446272,1.0621444893067342,0.9047045181118196,1.0136683507073698,0.6515459519312192,1.4329996081389687
2023-12-29,1.549719304894487,1.0621444893067342,0.9047045181118196,1.01242259756161,0.6606972367312192,1.4312384330994385
